architecture,Hillsgrove Covered Bridge,https://en.wikipedia.org/wiki/Hillsgrove_Covered_Bridge,Seed,0.0
architecture,Forksville Covered Bridge,https://en.wikipedia.org/wiki/Forksville_Covered_Bridge,Recommendation,0.0
architecture,Sonestown Covered Bridge,https://en.wikipedia.org/wiki/Sonestown_Covered_Bridge,Recommendation,0.0
architecture,"Hillsgrove, Pennsylvania",https://en.wikipedia.org/wiki/Hillsgrove%2C_Pennsylvania,Recommendation,0.0
architecture,Big Duck,https://en.wikipedia.org/wiki/Big_Duck,Seed,0.0
architecture,Miner's Hat,https://en.wikipedia.org/wiki/Miner%27s_Hat,Recommendation,0.0
architecture,Big Duck Ranch,https://en.wikipedia.org/wiki/Big_Duck_Ranch,Recommendation,0.0
architecture,Novelty architecture,https://en.wikipedia.org/wiki/Novelty_architecture,Recommendation,0.0
architecture,Gorgas–Manly Historic District,https://en.wikipedia.org/wiki/Gorgas%E2%80%93Manly_Historic_District,Seed,0.0
architecture,University of Alabama Quad,https://en.wikipedia.org/wiki/University_of_Alabama_Quad,Recommendation,0.0
architecture,History of the University of Alabama,https://en.wikipedia.org/wiki/History_of_the_University_of_Alabama,Recommendation,0.0
architecture,Landon Garland,https://en.wikipedia.org/wiki/Landon_Garland,Recommendation,0.0
architecture,Clemuel Ricketts Mansion,https://en.wikipedia.org/wiki/Clemuel_Ricketts_Mansion,Seed,0.0
architecture,Ganoga Lake,https://en.wikipedia.org/wiki/Ganoga_Lake,Recommendation,0.0
architecture,Waterfalls in Ricketts Glen State Park,https://en.wikipedia.org/wiki/Waterfalls_in_Ricketts_Glen_State_Park,Recommendation,0.0
architecture,"Ricketts, Pennsylvania",https://en.wikipedia.org/wiki/Ricketts%2C_Pennsylvania,Recommendation,0.14
architecture,Plunketts Creek Bridge No. 3,https://en.wikipedia.org/wiki/Plunketts_Creek_Bridge_No._3,Seed,0.0
architecture,Plunketts Creek (Loyalsock Creek tributary),https://en.wikipedia.org/wiki/Plunketts_Creek_%28Loyalsock_Creek_tributary%29,Recommendation,0.0
architecture,"Plunketts Creek Township, Pennsylvania",https://en.wikipedia.org/wiki/Plunketts_Creek_Township%2C_Pennsylvania,Recommendation,0.0
architecture,Loyalsock Creek,https://en.wikipedia.org/wiki/Loyalsock_Creek,Recommendation,0.0
architecture,Cogan House Covered Bridge,https://en.wikipedia.org/wiki/Cogan_House_Covered_Bridge,Seed,0.0
architecture,Larrys Creek,https://en.wikipedia.org/wiki/Larrys_Creek,Recommendation,0.0
architecture,"Cogan House Township, Lycoming County, Pennsylvania",https://en.wikipedia.org/wiki/Cogan_House_Township%2C_Lycoming_County%2C_Pennsylvania,Recommendation,0.0
architecture,Buttonwood Covered Bridge,https://en.wikipedia.org/wiki/Buttonwood_Covered_Bridge,Recommendation,0.14
architecture,Prairie Avenue,https://en.wikipedia.org/wiki/Prairie_Avenue,Seed,0.0
architecture,"Near South Side, Chicago",https://en.wikipedia.org/wiki/Near_South_Side%2C_Chicago,Recommendation,0.0
architecture,John J. Glessner House,https://en.wikipedia.org/wiki/John_J._Glessner_House,Recommendation,0.0
architecture,Prairie Avenue District,https://en.wikipedia.org/wiki/Prairie_Avenue_District,Recommendation,0.0
architecture,Western Chalukya architecture,https://en.wikipedia.org/wiki/Western_Chalukya_architecture,Seed,0.0
architecture,"Mallikarjuna Temple, Kuruvatti",https://en.wikipedia.org/wiki/Mallikarjuna_Temple%2C_Kuruvatti,Recommendation,0.0
architecture,"Kaitabheshvara Temple, Kubatur",https://en.wikipedia.org/wiki/Kaitabheshvara_Temple%2C_Kubatur,Recommendation,0.0
architecture,Doddabasappa Temple,https://en.wikipedia.org/wiki/Doddabasappa_Temple,Recommendation,0.0
architecture,Cullen House,https://en.wikipedia.org/wiki/Cullen_House,Seed,0.0
architecture,Earl of Seafield,https://en.wikipedia.org/wiki/Earl_of_Seafield,Recommendation,0.0
architecture,Clan Ogilvy,https://en.wikipedia.org/wiki/Clan_Ogilvy,Recommendation,0.29
architecture,Cullen Old Church,https://en.wikipedia.org/wiki/Cullen_Old_Church,Recommendation,0.0
architecture,Red River Trails,https://en.wikipedia.org/wiki/Red_River_Trails,Seed,0.0
architecture,Red River cart,https://en.wikipedia.org/wiki/Red_River_cart,Recommendation,0.0
architecture,Traverse des Sioux,https://en.wikipedia.org/wiki/Traverse_des_Sioux,Recommendation,0.0
architecture,Canadian canoe routes,https://en.wikipedia.org/wiki/Canadian_canoe_routes,Recommendation,0.0
architecture,Hoysala architecture,https://en.wikipedia.org/wiki/Hoysala_architecture,Seed,0.0
architecture,"Kedareshwara Temple, Halebidu",https://en.wikipedia.org/wiki/Kedareshwara_Temple%2C_Halebidu,Recommendation,0.0
architecture,"Lakshmi Narasimha Temple, Nuggehalli",https://en.wikipedia.org/wiki/Lakshmi_Narasimha_Temple%2C_Nuggehalli,Recommendation,0.0
architecture,"Lakshmi Narasimha Temple, Bhadravati",https://en.wikipedia.org/wiki/Lakshmi_Narasimha_Temple%2C_Bhadravati,Recommendation,0.0
architecture,Roman Bridge of Chaves,https://en.wikipedia.org/wiki/Roman_Bridge_of_Chaves,Seed,0.0
architecture,Aquae Flaviae,https://en.wikipedia.org/wiki/Aquae_Flaviae,Recommendation,0.0
architecture,Ponte da Cava da Velha,https://en.wikipedia.org/wiki/Ponte_da_Cava_da_Velha,Recommendation,0.0
architecture,Ponte Antiga de Santo Adrião,https://en.wikipedia.org/wiki/Ponte_Antiga_de_Santo_Adri%C3%A3o,Recommendation,0.0
architecture,Belton House,https://en.wikipedia.org/wiki/Belton_House,Seed,0.0
architecture,"St Peter and St Paul's Church, Belton",https://en.wikipedia.org/wiki/St_Peter_and_St_Paul%27s_Church%2C_Belton,Recommendation,0.0
architecture,Montacute House,https://en.wikipedia.org/wiki/Montacute_House,Recommendation,0.14
architecture,Belton House Boathouse,https://en.wikipedia.org/wiki/Belton_House_Boathouse,Recommendation,0.0
architecture,Literary Hall,https://en.wikipedia.org/wiki/Literary_Hall,Seed,0.0
architecture,Romney Literary Society,https://en.wikipedia.org/wiki/Romney_Literary_Society,Recommendation,0.0
architecture,Romney Academy,https://en.wikipedia.org/wiki/Romney_Academy,Recommendation,0.0
architecture,"Valley, West Virginia",https://en.wikipedia.org/wiki/Valley%2C_West_Virginia,Recommendation,0.0
architecture,Matthew Brettingham,https://en.wikipedia.org/wiki/Matthew_Brettingham,Seed,0.0
architecture,Kedleston Hall,https://en.wikipedia.org/wiki/Kedleston_Hall,Recommendation,0.0
architecture,Langley Hall,https://en.wikipedia.org/wiki/Langley_Hall,Recommendation,0.0
architecture,Gunton Hall,https://en.wikipedia.org/wiki/Gunton_Hall,Recommendation,0.0
architecture,H. T. Cadbury-Brown,https://en.wikipedia.org/wiki/H._T._Cadbury-Brown,Seed,0.0
architecture,Elizabeth Cadbury-Brown,https://en.wikipedia.org/wiki/Elizabeth_Cadbury-Brown,Recommendation,0.0
architecture,Hugh Casson,https://en.wikipedia.org/wiki/Hugh_Casson,Recommendation,0.0
architecture,Elain Harwood,https://en.wikipedia.org/wiki/Elain_Harwood,Recommendation,0.0
architecture,I. M. Pei,https://en.wikipedia.org/wiki/I._M._Pei,Seed,0.0
architecture,PEI Architects,https://en.wikipedia.org/wiki/PEI_Architects,Recommendation,0.0
architecture,Kips Bay Towers,https://en.wikipedia.org/wiki/Kips_Bay_Towers,Recommendation,0.0
architecture,Modern architecture,https://en.wikipedia.org/wiki/Modern_architecture,Recommendation,0.43
architecture,Old Pine Church,https://en.wikipedia.org/wiki/Old_Pine_Church,Seed,0.0
architecture,Sloan–Parker House,https://en.wikipedia.org/wiki/Sloan%E2%80%93Parker_House,Recommendation,0.0
architecture,"Valley View (Romney, West Virginia)",https://en.wikipedia.org/wiki/Valley_View_%28Romney%2C_West_Virginia%29,Recommendation,0.0
architecture,"Purgitsville, West Virginia",https://en.wikipedia.org/wiki/Purgitsville%2C_West_Virginia,Recommendation,0.0
architecture,Cape Canaveral Light,https://en.wikipedia.org/wiki/Cape_Canaveral_Light,Seed,0.0
architecture,Cape Hatteras Lighthouse,https://en.wikipedia.org/wiki/Cape_Hatteras_Lighthouse,Recommendation,0.0
architecture,Cape Romain Lighthouses,https://en.wikipedia.org/wiki/Cape_Romain_Lighthouses,Recommendation,0.0
architecture,Cape Florida Light,https://en.wikipedia.org/wiki/Cape_Florida_Light,Recommendation,0.14
architecture,Louis Abramson,https://en.wikipedia.org/wiki/Louis_Abramson,Seed,0.0
architecture,East Midwood Jewish Center,https://en.wikipedia.org/wiki/East_Midwood_Jewish_Center,Recommendation,0.14
architecture,Park Avenue Synagogue,https://en.wikipedia.org/wiki/Park_Avenue_Synagogue,Recommendation,0.0
architecture,Ocean Parkway Jewish Center,https://en.wikipedia.org/wiki/Ocean_Parkway_Jewish_Center,Recommendation,0.0
architecture,Broad Ripple Park Carousel,https://en.wikipedia.org/wiki/Broad_Ripple_Park_Carousel,Seed,0.0
architecture,Cass County Dentzel Carousel,https://en.wikipedia.org/wiki/Cass_County_Dentzel_Carousel,Recommendation,0.0
architecture,Highland Park Dentzel Carousel and Shelter Building,https://en.wikipedia.org/wiki/Highland_Park_Dentzel_Carousel_and_Shelter_Building,Recommendation,0.0
architecture,Dentzel Carousel Company,https://en.wikipedia.org/wiki/Dentzel_Carousel_Company,Recommendation,0.0
architecture,"Hebron Church (Intermont, West Virginia)",https://en.wikipedia.org/wiki/Hebron_Church_%28Intermont%2C_West_Virginia%29,Seed,0.0
architecture,Cacapon River,https://en.wikipedia.org/wiki/Cacapon_River,Recommendation,0.0
architecture,"Capon Lake, West Virginia",https://en.wikipedia.org/wiki/Capon_Lake%2C_West_Virginia,Recommendation,0.0
architecture,"Intermont, West Virginia",https://en.wikipedia.org/wiki/Intermont%2C_West_Virginia,Recommendation,0.0
architecture,Bridge near Limyra,https://en.wikipedia.org/wiki/Bridge_near_Limyra,Seed,0.0
architecture,Bridge near Kemer,https://en.wikipedia.org/wiki/Bridge_near_Kemer,Recommendation,0.0
architecture,Arch bridge,https://en.wikipedia.org/wiki/Arch_bridge,Recommendation,0.0
architecture,Aesepus Bridge,https://en.wikipedia.org/wiki/Aesepus_Bridge,Recommendation,0.0
architecture,Smoky Cape Lighthouse,https://en.wikipedia.org/wiki/Smoky_Cape_Lighthouse,Seed,0.0
architecture,Norah Head Lightstation Precinct,https://en.wikipedia.org/wiki/Norah_Head_Lightstation_Precinct,Recommendation,0.0
architecture,South Solitary Island Light,https://en.wikipedia.org/wiki/South_Solitary_Island_Light,Recommendation,0.0
architecture,Montague Island Light,https://en.wikipedia.org/wiki/Montague_Island_Light,Recommendation,0.0
architecture,Johnstown Inclined Plane,https://en.wikipedia.org/wiki/Johnstown_Inclined_Plane,Seed,0.14
architecture,Inclined Plane Bridge,https://en.wikipedia.org/wiki/Inclined_Plane_Bridge,Recommendation,0.14
architecture,CamTran,https://en.wikipedia.org/wiki/CamTran,Recommendation,0.0
architecture,Monongahela Incline,https://en.wikipedia.org/wiki/Monongahela_Incline,Recommendation,0.0
architecture,Horseshoe Curve (Pennsylvania),https://en.wikipedia.org/wiki/Horseshoe_Curve_%28Pennsylvania%29,Seed,0.0
architecture,Pittsburgh Line,https://en.wikipedia.org/wiki/Pittsburgh_Line,Recommendation,0.0
architecture,Pennsylvania Railroad 1361,https://en.wikipedia.org/wiki/Pennsylvania_Railroad_1361,Recommendation,0.0
architecture,Railroaders Memorial Museum,https://en.wikipedia.org/wiki/Railroaders_Memorial_Museum,Recommendation,0.0
architecture,Capon Chapel,https://en.wikipedia.org/wiki/Capon_Chapel,Seed,0.0
architecture,"Concord, Hampshire County, West Virginia",https://en.wikipedia.org/wiki/Concord%2C_Hampshire_County%2C_West_Virginia,Recommendation,0.0
architecture,James Caudy,https://en.wikipedia.org/wiki/James_Caudy,Recommendation,0.0
architecture,"Levels, West Virginia",https://en.wikipedia.org/wiki/Levels%2C_West_Virginia,Recommendation,0.0
architecture,Herbert and Katherine Jacobs First House,https://en.wikipedia.org/wiki/Herbert_and_Katherine_Jacobs_First_House,Seed,0.0
architecture,Herbert and Katherine Jacobs Second House,https://en.wikipedia.org/wiki/Herbert_and_Katherine_Jacobs_Second_House,Recommendation,0.0
architecture,Bernard Schwartz House,https://en.wikipedia.org/wiki/Bernard_Schwartz_House,Recommendation,0.14
architecture,Gerald B. and Beverley Tonkens House,https://en.wikipedia.org/wiki/Gerald_B._and_Beverley_Tonkens_House,Recommendation,0.0
architecture,Monument to Lenin on Tverskaya Square,https://en.wikipedia.org/wiki/Monument_to_Lenin_on_Tverskaya_Square,Recommendation,0.0
architecture,Council of Labor and Defense Building,https://en.wikipedia.org/wiki/Council_of_Labor_and_Defense_Building,Recommendation,0.0
architecture,Tverskoy District,https://en.wikipedia.org/wiki/Tverskoy_District,Recommendation,0.0
architecture,Benjamin Mountfort,https://en.wikipedia.org/wiki/Benjamin_Mountfort,Seed,0.0
architecture,"St Mary's Cathedral, Auckland",https://en.wikipedia.org/wiki/St_Mary%27s_Cathedral%2C_Auckland,Recommendation,0.0
architecture,Isaac Luck,https://en.wikipedia.org/wiki/Isaac_Luck,Recommendation,0.0
architecture,Cyril Mountfort,https://en.wikipedia.org/wiki/Cyril_Mountfort,Recommendation,0.0
architecture,TWA Flight Center,https://en.wikipedia.org/wiki/TWA_Flight_Center,Seed,0.0
architecture,TWA Hotel,https://en.wikipedia.org/wiki/TWA_Hotel,Recommendation,0.0
architecture,Sundrome,https://en.wikipedia.org/wiki/Sundrome,Recommendation,0.0
architecture,John F. Kennedy International Airport,https://en.wikipedia.org/wiki/John_F._Kennedy_International_Airport,Recommendation,1.57
architecture,Lye Church,https://en.wikipedia.org/wiki/Lye_Church,Seed,0.0
architecture,Garde Church,https://en.wikipedia.org/wiki/Garde_Church,Recommendation,0.0
architecture,Othem Church,https://en.wikipedia.org/wiki/Othem_Church,Recommendation,0.0
architecture,Stånga Church,https://en.wikipedia.org/wiki/St%C3%A5nga_Church,Recommendation,0.0
architecture,Cape Byron Light,https://en.wikipedia.org/wiki/Cape_Byron_Light,Seed,0.0
architecture,Sugarloaf Point Light,https://en.wikipedia.org/wiki/Sugarloaf_Point_Light,Recommendation,0.0
architecture,Green Cape Lighthouse,https://en.wikipedia.org/wiki/Green_Cape_Lighthouse,Recommendation,0.0
architecture,Macquarie Lighthouse,https://en.wikipedia.org/wiki/Macquarie_Lighthouse,Recommendation,0.0
architecture,"Oakwood Cemetery (Troy, New York)",https://en.wikipedia.org/wiki/Oakwood_Cemetery_%28Troy%2C_New_York%29,Seed,0.0
architecture,John Dean Dickinson,https://en.wikipedia.org/wiki/John_Dean_Dickinson,Recommendation,0.0
architecture,John Augustus Griswold,https://en.wikipedia.org/wiki/John_Augustus_Griswold,Recommendation,0.0
architecture,George Tibbits,https://en.wikipedia.org/wiki/George_Tibbits,Recommendation,0.0
architecture,Citigroup Center,https://en.wikipedia.org/wiki/Citigroup_Center,Seed,0.0
architecture,Hugh Stubbins,https://en.wikipedia.org/wiki/Hugh_Stubbins,Recommendation,0.0
architecture,One Court Square,https://en.wikipedia.org/wiki/One_Court_Square,Recommendation,0.0
architecture,Citicorp Center engineering crisis,https://en.wikipedia.org/wiki/Citicorp_Center_engineering_crisis,Recommendation,0.0
architecture,Grosse Point Light,https://en.wikipedia.org/wiki/Grosse_Point_Light,Seed,0.0
architecture,Au Sable Light,https://en.wikipedia.org/wiki/Au_Sable_Light,Recommendation,0.0
architecture,Chicago Harbor Light,https://en.wikipedia.org/wiki/Chicago_Harbor_Light,Recommendation,0.0
architecture,Little Sable Point Light,https://en.wikipedia.org/wiki/Little_Sable_Point_Light,Recommendation,0.0
architecture,"Pithole, Pennsylvania",https://en.wikipedia.org/wiki/Pithole%2C_Pennsylvania,Seed,0.0
architecture,Oil Creek State Park,https://en.wikipedia.org/wiki/Oil_Creek_State_Park,Recommendation,0.0
architecture,Pithole Valley Railway,https://en.wikipedia.org/wiki/Pithole_Valley_Railway,Recommendation,0.0
architecture,"Petroleum Center, Pennsylvania",https://en.wikipedia.org/wiki/Petroleum_Center%2C_Pennsylvania,Recommendation,0.0
architecture,Bridge,https://en.wikipedia.org/wiki/Bridge,Seed,0.43
architecture,Bridge design,https://en.wikipedia.org/wiki/Bridge_design,Recommendation,0.0
architecture,Deck (bridge),https://en.wikipedia.org/wiki/Deck_%28bridge%29,Recommendation,0.0
architecture,Orthotropic deck,https://en.wikipedia.org/wiki/Orthotropic_deck,Recommendation,0.0
architecture,270 Park Avenue (1960–2021),https://en.wikipedia.org/wiki/270_Park_Avenue_%281960%E2%80%932021%29,Seed,0.0
architecture,270 Park Avenue (2025–present),https://en.wikipedia.org/wiki/270_Park_Avenue_%282025%E2%80%93present%29,Recommendation,0.0
architecture,383 Madison Avenue,https://en.wikipedia.org/wiki/383_Madison_Avenue,Recommendation,0.0
architecture,Hotel Marguery,https://en.wikipedia.org/wiki/Hotel_Marguery,Recommendation,0.0
architecture,20 Exchange Place,https://en.wikipedia.org/wiki/20_Exchange_Place,Seed,0.0
architecture,14 Wall Street,https://en.wikipedia.org/wiki/14_Wall_Street,Recommendation,0.0
architecture,40 Wall Street,https://en.wikipedia.org/wiki/40_Wall_Street,Recommendation,0.57
architecture,48 Wall Street,https://en.wikipedia.org/wiki/48_Wall_Street,Recommendation,0.0
architecture,Williamsburgh Savings Bank Tower,https://en.wikipedia.org/wiki/Williamsburgh_Savings_Bank_Tower,Seed,0.0
architecture,Williamsburgh Savings Bank,https://en.wikipedia.org/wiki/Williamsburgh_Savings_Bank,Recommendation,0.0
architecture,Williamsburgh Savings Bank Building (175 Broadway),https://en.wikipedia.org/wiki/Williamsburgh_Savings_Bank_Building_%28175_Broadway%29,Recommendation,0.0
architecture,Brooklyn Tower,https://en.wikipedia.org/wiki/Brooklyn_Tower,Recommendation,0.0
architecture,Battersea Bridge,https://en.wikipedia.org/wiki/Battersea_Bridge,Seed,0.0
architecture,Vauxhall Bridge,https://en.wikipedia.org/wiki/Vauxhall_Bridge,Recommendation,0.0
architecture,Chelsea Bridge,https://en.wikipedia.org/wiki/Chelsea_Bridge,Recommendation,0.0
architecture,Nocturne: Blue and Gold – Old Battersea Bridge,https://en.wikipedia.org/wiki/Nocturne%3A_Blue_and_Gold_%E2%80%93_Old_Battersea_Bridge,Recommendation,0.0
architecture,Seagram Building,https://en.wikipedia.org/wiki/Seagram_Building,Seed,0.0
architecture,Park Avenue Plaza,https://en.wikipedia.org/wiki/Park_Avenue_Plaza,Recommendation,0.0
architecture,550 Madison Avenue,https://en.wikipedia.org/wiki/550_Madison_Avenue,Recommendation,0.0
architecture,Lever House,https://en.wikipedia.org/wiki/Lever_House,Recommendation,0.0
architecture,Brockway Mountain Drive,https://en.wikipedia.org/wiki/Brockway_Mountain_Drive,Seed,0.0
architecture,M-26 (Michigan highway),https://en.wikipedia.org/wiki/M-26_%28Michigan_highway%29,Recommendation,0.0
architecture,"Copper Harbor, Michigan",https://en.wikipedia.org/wiki/Copper_Harbor%2C_Michigan,Recommendation,0.0
architecture,M-107 (Michigan highway),https://en.wikipedia.org/wiki/M-107_%28Michigan_highway%29,Recommendation,0.0
architecture,Holkham Hall,https://en.wikipedia.org/wiki/Holkham_Hall,Seed,0.14
architecture,"Thomas Coke, 1st Earl of Leicester (fifth creation)",https://en.wikipedia.org/wiki/Thomas_Coke%2C_1st_Earl_of_Leicester_%28fifth_creation%29,Recommendation,0.0
architecture,"St Withburga's Church, Holkham",https://en.wikipedia.org/wiki/St_Withburga%27s_Church%2C_Holkham,Recommendation,0.0
architecture,William Kent,https://en.wikipedia.org/wiki/William_Kent,Recommendation,0.0
architecture,Ford Foundation Center for Social Justice,https://en.wikipedia.org/wiki/Ford_Foundation_Center_for_Social_Justice,Seed,0.0
architecture,60 Wall Street,https://en.wikipedia.org/wiki/60_Wall_Street,Recommendation,0.0
architecture,Roche-Dinkeloo,https://en.wikipedia.org/wiki/Roche-Dinkeloo,Recommendation,0.0
architecture,Millennium Hilton New York One UN Plaza,https://en.wikipedia.org/wiki/Millennium_Hilton_New_York_One_UN_Plaza,Recommendation,0.14
architecture,High-Deck Estate,https://en.wikipedia.org/wiki/High-Deck_Estate,Seed,0.0
architecture,Neukölln (locality),https://en.wikipedia.org/wiki/Neuk%C3%B6lln_%28locality%29,Recommendation,0.29
architecture,Sonnenallee (Berlin),https://en.wikipedia.org/wiki/Sonnenallee_%28Berlin%29,Recommendation,0.0
architecture,Transportation in Neukölln,https://en.wikipedia.org/wiki/Transportation_in_Neuk%C3%B6lln,Recommendation,0.0
architecture,Portman Road,https://en.wikipedia.org/wiki/Portman_Road,Seed,0.0
architecture,Ipswich Town F.C.,https://en.wikipedia.org/wiki/Ipswich_Town_F.C.,Recommendation,0.29
architecture,History of Ipswich Town F.C.,https://en.wikipedia.org/wiki/History_of_Ipswich_Town_F.C.,Recommendation,0.14
architecture,Alf Ramsey,https://en.wikipedia.org/wiki/Alf_Ramsey,Recommendation,0.0
architecture,"Albert Bridge, London",https://en.wikipedia.org/wiki/Albert_Bridge%2C_London,Seed,0.0
architecture,Ordish–Lefeuvre system,https://en.wikipedia.org/wiki/Ordish%E2%80%93Lefeuvre_system,Recommendation,0.0
architecture,Wandsworth Bridge,https://en.wikipedia.org/wiki/Wandsworth_Bridge,Recommendation,0.0
architecture,Dolphin lamp standard,https://en.wikipedia.org/wiki/Dolphin_lamp_standard,Recommendation,0.0
architecture,1 Wall Street,https://en.wikipedia.org/wiki/1_Wall_Street,Seed,0.0
architecture,26 Broadway,https://en.wikipedia.org/wiki/26_Broadway,Recommendation,0.14
architecture,140 Broadway,https://en.wikipedia.org/wiki/140_Broadway,Recommendation,0.0
architecture,432 Park Avenue,https://en.wikipedia.org/wiki/432_Park_Avenue,Recommendation,0.0
visual-arts,"Woodlawn Cemetery (Washington, D.C.)",https://en.wikipedia.org/wiki/Woodlawn_Cemetery_%28Washington%2C_D.C.%29,Seed,0.0
visual-arts,"Graceland Cemetery (Washington, D.C.)",https://en.wikipedia.org/wiki/Graceland_Cemetery_%28Washington%2C_D.C.%29,Recommendation,0.0
visual-arts,Columbian Harmony Cemetery,https://en.wikipedia.org/wiki/Columbian_Harmony_Cemetery,Recommendation,0.0
visual-arts,Payne's Cemetery,https://en.wikipedia.org/wiki/Payne%27s_Cemetery,Recommendation,0.0
visual-arts,Portland City Hall (Oregon),https://en.wikipedia.org/wiki/Portland_City_Hall_%28Oregon%29,Seed,0.0
visual-arts,Keller Auditorium,https://en.wikipedia.org/wiki/Keller_Auditorium,Recommendation,0.0
visual-arts,Cornelius Hotel,https://en.wikipedia.org/wiki/Cornelius_Hotel,Recommendation,0.0
visual-arts,Portland Building,https://en.wikipedia.org/wiki/Portland_Building,Recommendation,0.0
visual-arts,The City of New York vs. Homer Simpson,https://en.wikipedia.org/wiki/The_City_of_New_York_vs._Homer_Simpson,Seed,0.0
visual-arts,Days of Wine and D'oh'ses,https://en.wikipedia.org/wiki/Days_of_Wine_and_D%27oh%27ses,Recommendation,0.0
visual-arts,Tennis the Menace,https://en.wikipedia.org/wiki/Tennis_the_Menace,Recommendation,0.0
visual-arts,Barney Gumble,https://en.wikipedia.org/wiki/Barney_Gumble,Recommendation,0.0
visual-arts,ClanDestine,https://en.wikipedia.org/wiki/ClanDestine,Seed,0.0
visual-arts,Alan Davis,https://en.wikipedia.org/wiki/Alan_Davis,Recommendation,0.0
visual-arts,Mark Farmer (comics),https://en.wikipedia.org/wiki/Mark_Farmer_%28comics%29,Recommendation,0.0
visual-arts,Neo (Marvel Comics species),https://en.wikipedia.org/wiki/Neo_%28Marvel_Comics_species%29,Recommendation,0.0
visual-arts,Myōjin Yahiko,https://en.wikipedia.org/wiki/My%C5%8Djin_Yahiko,Seed,0.0
visual-arts,Kamiya Kaoru,https://en.wikipedia.org/wiki/Kamiya_Kaoru,Recommendation,0.0
visual-arts,Himura Kenshin,https://en.wikipedia.org/wiki/Himura_Kenshin,Recommendation,0.14
visual-arts,Sagara Sanosuke,https://en.wikipedia.org/wiki/Sagara_Sanosuke,Recommendation,0.0
visual-arts,Homer's Enemy,https://en.wikipedia.org/wiki/Homer%27s_Enemy,Seed,0.0
visual-arts,The Day the Violence Died,https://en.wikipedia.org/wiki/The_Day_the_Violence_Died,Recommendation,0.14
visual-arts,Josh Weinstein,https://en.wikipedia.org/wiki/Josh_Weinstein,Recommendation,0.0
visual-arts,22 Short Films About Springfield,https://en.wikipedia.org/wiki/22_Short_Films_About_Springfield,Recommendation,0.0
visual-arts,Allen Walker,https://en.wikipedia.org/wiki/Allen_Walker,Seed,0.0
visual-arts,Millennium Earl,https://en.wikipedia.org/wiki/Millennium_Earl,Recommendation,0.0
visual-arts,Lavi (D.Gray-man),https://en.wikipedia.org/wiki/Lavi_%28D.Gray-man%29,Recommendation,0.0
visual-arts,Lenalee Lee,https://en.wikipedia.org/wiki/Lenalee_Lee,Recommendation,0.0
visual-arts,Gilbert Hernández,https://en.wikipedia.org/wiki/Gilbert_Hern%C3%A1ndez,Seed,0.0
visual-arts,Love and Rockets X,https://en.wikipedia.org/wiki/Love_and_Rockets_X,Recommendation,0.0
visual-arts,Love and Rockets (comics),https://en.wikipedia.org/wiki/Love_and_Rockets_%28comics%29,Recommendation,0.0
visual-arts,Poison River,https://en.wikipedia.org/wiki/Poison_River,Recommendation,0.0
visual-arts,Cape Feare,https://en.wikipedia.org/wiki/Cape_Feare,Seed,0.0
visual-arts,The Bob Next Door,https://en.wikipedia.org/wiki/The_Bob_Next_Door,Recommendation,0.0
visual-arts,Day of the Jackanapes,https://en.wikipedia.org/wiki/Day_of_the_Jackanapes,Recommendation,0.0
visual-arts,Sideshow Bob Roberts,https://en.wikipedia.org/wiki/Sideshow_Bob_Roberts,Recommendation,0.0
visual-arts,Team Skull,https://en.wikipedia.org/wiki/Team_Skull,Seed,0.0
visual-arts,Pokémon Ultra Sun and Ultra Moon,https://en.wikipedia.org/wiki/Pok%C3%A9mon_Ultra_Sun_and_Ultra_Moon,Recommendation,0.0
visual-arts,Pokémon Sun and Moon,https://en.wikipedia.org/wiki/Pok%C3%A9mon_Sun_and_Moon,Recommendation,0.14
visual-arts,Lillie (Pokémon),https://en.wikipedia.org/wiki/Lillie_%28Pok%C3%A9mon%29,Recommendation,0.0
visual-arts,The Last Temptation of Krust,https://en.wikipedia.org/wiki/The_Last_Temptation_of_Krust,Seed,0.0
visual-arts,Media in The Simpsons,https://en.wikipedia.org/wiki/Media_in_The_Simpsons,Recommendation,0.0
visual-arts,Bart the Fink,https://en.wikipedia.org/wiki/Bart_the_Fink,Recommendation,0.0
visual-arts,Krusty Gets Busted,https://en.wikipedia.org/wiki/Krusty_Gets_Busted,Recommendation,0.14
visual-arts,Sinestro Corps War,https://en.wikipedia.org/wiki/Sinestro_Corps_War,Seed,0.0
visual-arts,Blackest Night,https://en.wikipedia.org/wiki/Blackest_Night,Recommendation,0.0
visual-arts,Amon Sur,https://en.wikipedia.org/wiki/Amon_Sur,Recommendation,0.0
visual-arts,Green Lantern (comic book),https://en.wikipedia.org/wiki/Green_Lantern_%28comic_book%29,Recommendation,0.14
visual-arts,Portrait of a Young Girl (Christus),https://en.wikipedia.org/wiki/Portrait_of_a_Young_Girl_%28Christus%29,Seed,0.0
visual-arts,Petrus Christus,https://en.wikipedia.org/wiki/Petrus_Christus,Recommendation,0.0
visual-arts,Léal Souvenir,https://en.wikipedia.org/wiki/L%C3%A9al_Souvenir,Recommendation,0.0
visual-arts,A Goldsmith in His Shop,https://en.wikipedia.org/wiki/A_Goldsmith_in_His_Shop,Recommendation,0.0
visual-arts,School Rumble,https://en.wikipedia.org/wiki/School_Rumble,Seed,0.0
visual-arts,Jin Kobayashi,https://en.wikipedia.org/wiki/Jin_Kobayashi,Recommendation,0.0
visual-arts,Mako (voice actress),https://en.wikipedia.org/wiki/Mako_%28voice_actress%29,Recommendation,0.0
visual-arts,Kitchen Princess,https://en.wikipedia.org/wiki/Kitchen_Princess,Recommendation,0.0
visual-arts,Raichu,https://en.wikipedia.org/wiki/Raichu,Seed,0.0
visual-arts,Ninetales,https://en.wikipedia.org/wiki/Ninetales,Recommendation,0.0
visual-arts,Pikachu,https://en.wikipedia.org/wiki/Pikachu,Recommendation,0.0
visual-arts,Atsuko Nishida,https://en.wikipedia.org/wiki/Atsuko_Nishida,Recommendation,0.0
visual-arts,A Streetcar Named Marge,https://en.wikipedia.org/wiki/A_Streetcar_Named_Marge,Seed,0.0
visual-arts,Maggie Simpson,https://en.wikipedia.org/wiki/Maggie_Simpson,Recommendation,0.43
visual-arts,Lisa's First Word,https://en.wikipedia.org/wiki/Lisa%27s_First_Word,Recommendation,0.0
visual-arts,The Simpsons Spin-Off Showcase,https://en.wikipedia.org/wiki/The_Simpsons_Spin-Off_Showcase,Recommendation,0.0
visual-arts,Portrait of a Lady (van der Weyden),https://en.wikipedia.org/wiki/Portrait_of_a_Lady_%28van_der_Weyden%29,Seed,0.0
visual-arts,Portrait of a Woman (van der Weyden),https://en.wikipedia.org/wiki/Portrait_of_a_Woman_%28van_der_Weyden%29,Recommendation,0.0
visual-arts,A Man and A Woman (Campin),https://en.wikipedia.org/wiki/A_Man_and_A_Woman_%28Campin%29,Recommendation,0.0
visual-arts,Master of the Legend of the Magdalen,https://en.wikipedia.org/wiki/Master_of_the_Legend_of_the_Magdalen,Recommendation,0.14
visual-arts,Pokémon Channel,https://en.wikipedia.org/wiki/Pok%C3%A9mon_Channel,Seed,0.0
visual-arts,"Hey You, Pikachu!",https://en.wikipedia.org/wiki/Hey_You%2C_Pikachu%21,Recommendation,0.0
visual-arts,Pokémon Mini,https://en.wikipedia.org/wiki/Pok%C3%A9mon_Mini,Recommendation,0.0
visual-arts,Pokémon Dash,https://en.wikipedia.org/wiki/Pok%C3%A9mon_Dash,Recommendation,0.0
visual-arts,Lazarus (comics),https://en.wikipedia.org/wiki/Lazarus_%28comics%29,Seed,0.0
visual-arts,Greg Rucka,https://en.wikipedia.org/wiki/Greg_Rucka,Recommendation,0.0
visual-arts,Gotham Central,https://en.wikipedia.org/wiki/Gotham_Central,Recommendation,0.0
visual-arts,Michael Lark,https://en.wikipedia.org/wiki/Michael_Lark,Recommendation,0.0
visual-arts,Statue of John Barry,https://en.wikipedia.org/wiki/Statue_of_John_Barry,Seed,0.0
visual-arts,John Paul Jones Memorial,https://en.wikipedia.org/wiki/John_Paul_Jones_Memorial,Recommendation,0.0
visual-arts,American Revolution Statuary,https://en.wikipedia.org/wiki/American_Revolution_Statuary,Recommendation,0.0
visual-arts,James A. Garfield Monument,https://en.wikipedia.org/wiki/James_A._Garfield_Monument,Recommendation,0.0
visual-arts,Drowning Girl,https://en.wikipedia.org/wiki/Drowning_Girl,Seed,0.14
visual-arts,In the Car,https://en.wikipedia.org/wiki/In_the_Car,Recommendation,0.14
visual-arts,I Know...Brad,https://en.wikipedia.org/wiki/I_Know...Brad,Recommendation,0.0
visual-arts,Hopeless (Lichtenstein),https://en.wikipedia.org/wiki/Hopeless_%28Lichtenstein%29,Recommendation,0.14
visual-arts,Naruto,https://en.wikipedia.org/wiki/Naruto,Seed,0.0
visual-arts,Masashi Kishimoto,https://en.wikipedia.org/wiki/Masashi_Kishimoto,Recommendation,0.14
visual-arts,Kakashi Hatake,https://en.wikipedia.org/wiki/Kakashi_Hatake,Recommendation,0.0
visual-arts,Itachi Uchiha,https://en.wikipedia.org/wiki/Itachi_Uchiha,Recommendation,0.43
visual-arts,York Art Gallery,https://en.wikipedia.org/wiki/York_Art_Gallery,Seed,0.0
visual-arts,Yorkshire Museum,https://en.wikipedia.org/wiki/Yorkshire_Museum,Recommendation,0.0
visual-arts,York Museums Trust,https://en.wikipedia.org/wiki/York_Museums_Trust,Recommendation,0.0
visual-arts,Ashmolean Museum,https://en.wikipedia.org/wiki/Ashmolean_Museum,Recommendation,0.0
visual-arts,Whaam!,https://en.wikipedia.org/wiki/Whaam%21,Seed,0.0
visual-arts,Roy Lichtenstein,https://en.wikipedia.org/wiki/Roy_Lichtenstein,Recommendation,0.14
visual-arts,Bratatat!,https://en.wikipedia.org/wiki/Bratatat%21,Recommendation,0.0
visual-arts,Brattata,https://en.wikipedia.org/wiki/Brattata,Recommendation,0.0
visual-arts,Jan van der Heyden,https://en.wikipedia.org/wiki/Jan_van_der_Heyden,Seed,0.0
visual-arts,Adriaen van de Velde,https://en.wikipedia.org/wiki/Adriaen_van_de_Velde,Recommendation,0.0
visual-arts,Adriaen van Utrecht,https://en.wikipedia.org/wiki/Adriaen_van_Utrecht,Recommendation,0.14
visual-arts,Esaias van de Velde,https://en.wikipedia.org/wiki/Esaias_van_de_Velde,Recommendation,0.0
visual-arts,Head VI,https://en.wikipedia.org/wiki/Head_VI,Seed,0.0
visual-arts,Study after Velázquez's Portrait of Pope Innocent X,https://en.wikipedia.org/wiki/Study_after_Vel%C3%A1zquez%27s_Portrait_of_Pope_Innocent_X,Recommendation,0.0
visual-arts,Head III,https://en.wikipedia.org/wiki/Head_III,Recommendation,0.0
visual-arts,Study after Velázquez,https://en.wikipedia.org/wiki/Study_after_Vel%C3%A1zquez,Recommendation,0.0
visual-arts,Württemberg Mausoleum,https://en.wikipedia.org/wiki/W%C3%BCrttemberg_Mausoleum,Seed,0.0
visual-arts,Württemberg (hill),https://en.wikipedia.org/wiki/W%C3%BCrttemberg_%28hill%29,Recommendation,0.0
visual-arts,Schloss Kirchheim (Teck),https://en.wikipedia.org/wiki/Schloss_Kirchheim_%28Teck%29,Recommendation,0.0
visual-arts,Bebenhausen Abbey,https://en.wikipedia.org/wiki/Bebenhausen_Abbey,Recommendation,0.0
visual-arts,Portrait Diptych of Dürer's Parents,https://en.wikipedia.org/wiki/Portrait_Diptych_of_D%C3%BCrer%27s_Parents,Seed,0.0
visual-arts,Portrait of Dürer's Father at 70,https://en.wikipedia.org/wiki/Portrait_of_D%C3%BCrer%27s_Father_at_70,Recommendation,0.0
visual-arts,Portrait of the Artist's Mother at the Age of 63,https://en.wikipedia.org/wiki/Portrait_of_the_Artist%27s_Mother_at_the_Age_of_63,Recommendation,0.0
visual-arts,Michael Wolgemut,https://en.wikipedia.org/wiki/Michael_Wolgemut,Recommendation,0.0
visual-arts,"Bon Air, Virginia",https://en.wikipedia.org/wiki/Bon_Air%2C_Virginia,Seed,0.14
visual-arts,Virginia Department of Juvenile Justice,https://en.wikipedia.org/wiki/Virginia_Department_of_Juvenile_Justice,Recommendation,0.0
visual-arts,"Manchester, Chesterfield County, Virginia",https://en.wikipedia.org/wiki/Manchester%2C_Chesterfield_County%2C_Virginia,Recommendation,0.0
visual-arts,Bon Air Presbyterian Church,https://en.wikipedia.org/wiki/Bon_Air_Presbyterian_Church,Recommendation,0.0
visual-arts,Tokyo Mew Mew,https://en.wikipedia.org/wiki/Tokyo_Mew_Mew,Seed,0.29
visual-arts,Mia Ikumi,https://en.wikipedia.org/wiki/Mia_Ikumi,Recommendation,0.14
visual-arts,GetBackers,https://en.wikipedia.org/wiki/GetBackers,Recommendation,0.0
visual-arts,Planet Ladder,https://en.wikipedia.org/wiki/Planet_Ladder,Recommendation,0.0
visual-arts,Hours of Mary of Burgundy,https://en.wikipedia.org/wiki/Hours_of_Mary_of_Burgundy,Seed,0.0
visual-arts,Master of Mary of Burgundy,https://en.wikipedia.org/wiki/Master_of_Mary_of_Burgundy,Recommendation,0.0
visual-arts,Spinola Hours,https://en.wikipedia.org/wiki/Spinola_Hours,Recommendation,0.0
visual-arts,Master of Anthony of Burgundy,https://en.wikipedia.org/wiki/Master_of_Anthony_of_Burgundy,Recommendation,0.0
visual-arts,Tintin in the Land of the Soviets,https://en.wikipedia.org/wiki/Tintin_in_the_Land_of_the_Soviets,Seed,0.0
visual-arts,Tintin in America,https://en.wikipedia.org/wiki/Tintin_in_America,Recommendation,0.29
visual-arts,Cigars of the Pharaoh,https://en.wikipedia.org/wiki/Cigars_of_the_Pharaoh,Recommendation,0.0
visual-arts,Land of Black Gold,https://en.wikipedia.org/wiki/Land_of_Black_Gold,Recommendation,0.14
visual-arts,Stefan Lochner,https://en.wikipedia.org/wiki/Stefan_Lochner,Seed,0.0
visual-arts,Saint Barbara (van Eyck),https://en.wikipedia.org/wiki/Saint_Barbara_%28van_Eyck%29,Recommendation,0.0
visual-arts,Adoration of the Magi Altarpiece (Lochner),https://en.wikipedia.org/wiki/Adoration_of_the_Magi_Altarpiece_%28Lochner%29,Recommendation,0.0
visual-arts,Last Judgement (Lochner),https://en.wikipedia.org/wiki/Last_Judgement_%28Lochner%29,Recommendation,0.0
visual-arts,Nativity (Christus),https://en.wikipedia.org/wiki/Nativity_%28Christus%29,Seed,0.0
visual-arts,Lamentation (Pietà),https://en.wikipedia.org/wiki/Lamentation_%28Piet%C3%A0%29,Recommendation,0.0
visual-arts,Portrait of Edward Grimston,https://en.wikipedia.org/wiki/Portrait_of_Edward_Grimston,Recommendation,0.0
visual-arts,Vera Icon (van Eyck),https://en.wikipedia.org/wiki/Vera_Icon_%28van_Eyck%29,Recommendation,0.0
visual-arts,"John Wood, the Elder",https://en.wikipedia.org/wiki/John_Wood%2C_the_Elder,Seed,0.0
visual-arts,"John Wood, the Younger",https://en.wikipedia.org/wiki/John_Wood%2C_the_Younger,Recommendation,0.0
visual-arts,"The Circus, Bath",https://en.wikipedia.org/wiki/The_Circus%2C_Bath,Recommendation,0.0
visual-arts,Buildings and architecture of Bath,https://en.wikipedia.org/wiki/Buildings_and_architecture_of_Bath,Recommendation,0.0
visual-arts,Black Widow (Natasha Romanova),https://en.wikipedia.org/wiki/Black_Widow_%28Natasha_Romanova%29,Seed,0.0
visual-arts,Yelena Belova,https://en.wikipedia.org/wiki/Yelena_Belova,Recommendation,0.0
visual-arts,Avengers (comics),https://en.wikipedia.org/wiki/Avengers_%28comics%29,Recommendation,0.14
visual-arts,Luke Cage,https://en.wikipedia.org/wiki/Luke_Cage,Recommendation,0.0
visual-arts,Naruto Uzumaki,https://en.wikipedia.org/wiki/Naruto_Uzumaki,Seed,0.0
visual-arts,Sasuke Uchiha,https://en.wikipedia.org/wiki/Sasuke_Uchiha,Recommendation,0.29
visual-arts,Shikamaru Nara,https://en.wikipedia.org/wiki/Shikamaru_Nara,Recommendation,0.0
visual-arts,Sakura Haruno,https://en.wikipedia.org/wiki/Sakura_Haruno,Recommendation,0.29
visual-arts,Crucifixion and Last Judgement diptych,https://en.wikipedia.org/wiki/Crucifixion_and_Last_Judgement_diptych,Seed,0.0
visual-arts,Crucifixion (van Eyck),https://en.wikipedia.org/wiki/Crucifixion_%28van_Eyck%29,Recommendation,0.0
visual-arts,Turin–Milan Hours,https://en.wikipedia.org/wiki/Turin%E2%80%93Milan_Hours,Recommendation,0.0
visual-arts,Hubert van Eyck,https://en.wikipedia.org/wiki/Hubert_van_Eyck,Recommendation,0.0
visual-arts,Yixian glazed pottery luohans,https://en.wikipedia.org/wiki/Yixian_glazed_pottery_luohans,Seed,0.0
visual-arts,Chinese Buddhist sculpture,https://en.wikipedia.org/wiki/Chinese_Buddhist_sculpture,Recommendation,0.0
visual-arts,Eighteen Arhats,https://en.wikipedia.org/wiki/Eighteen_Arhats,Recommendation,0.0
visual-arts,Chinese sculpture,https://en.wikipedia.org/wiki/Chinese_sculpture,Recommendation,0.0
visual-arts,SantralIstanbul,https://en.wikipedia.org/wiki/SantralIstanbul,Seed,0.14
visual-arts,Silahtarağa Power Station,https://en.wikipedia.org/wiki/Silahtara%C4%9Fa_Power_Station,Recommendation,0.0
visual-arts,Istanbul Bilgi University,https://en.wikipedia.org/wiki/Istanbul_Bilgi_University,Recommendation,0.0
visual-arts,Nevzat Sayın,https://en.wikipedia.org/wiki/Nevzat_Say%C4%B1n,Recommendation,0.0
visual-arts,Old Warner Brothers Studios,https://en.wikipedia.org/wiki/Old_Warner_Brothers_Studios,Seed,0.0
visual-arts,Warner Bros. Studios Burbank,https://en.wikipedia.org/wiki/Warner_Bros._Studios_Burbank,Recommendation,0.0
visual-arts,Sunset Gower Studios,https://en.wikipedia.org/wiki/Sunset_Gower_Studios,Recommendation,0.0
visual-arts,Gower Street (Los Angeles),https://en.wikipedia.org/wiki/Gower_Street_%28Los_Angeles%29,Recommendation,0.0
visual-arts,The Goldfinch (painting),https://en.wikipedia.org/wiki/The_Goldfinch_%28painting%29,Seed,0.0
visual-arts,Carel Fabritius,https://en.wikipedia.org/wiki/Carel_Fabritius,Recommendation,0.14
visual-arts,Portrait of Abraham de Potter,https://en.wikipedia.org/wiki/Portrait_of_Abraham_de_Potter,Recommendation,0.0
visual-arts,View of Delft,https://en.wikipedia.org/wiki/View_of_Delft,Recommendation,0.0
visual-arts,Jean Bellette,https://en.wikipedia.org/wiki/Jean_Bellette,Seed,0.0
visual-arts,Michael Kmit,https://en.wikipedia.org/wiki/Michael_Kmit,Recommendation,0.0
visual-arts,John Passmore (artist),https://en.wikipedia.org/wiki/John_Passmore_%28artist%29,Recommendation,0.0
visual-arts,Paul Haefliger,https://en.wikipedia.org/wiki/Paul_Haefliger,Recommendation,0.0
visual-arts,The Entombment (Bouts),https://en.wikipedia.org/wiki/The_Entombment_%28Bouts%29,Seed,0.0
visual-arts,Lamentation of Christ (Bouts),https://en.wikipedia.org/wiki/Lamentation_of_Christ_%28Bouts%29,Recommendation,0.0
visual-arts,Dieric Bouts,https://en.wikipedia.org/wiki/Dieric_Bouts,Recommendation,0.0
visual-arts,Seilern Triptych,https://en.wikipedia.org/wiki/Seilern_Triptych,Recommendation,0.0
visual-arts,Lucas Faydherbe,https://en.wikipedia.org/wiki/Lucas_Faydherbe,Seed,0.0
visual-arts,Jan Frans Boeckstuyns,https://en.wikipedia.org/wiki/Jan_Frans_Boeckstuyns,Recommendation,0.0
visual-arts,Basilica of Our Lady of Hanswijk,https://en.wikipedia.org/wiki/Basilica_of_Our_Lady_of_Hanswijk,Recommendation,0.0
visual-arts,Frans Langhemans,https://en.wikipedia.org/wiki/Frans_Langhemans,Recommendation,0.0
visual-arts,The Heart of Thomas,https://en.wikipedia.org/wiki/The_Heart_of_Thomas,Seed,0.0
visual-arts,Moto Hagio,https://en.wikipedia.org/wiki/Moto_Hagio,Recommendation,0.0
visual-arts,Iguana Girl,https://en.wikipedia.org/wiki/Iguana_Girl,Recommendation,0.0
visual-arts,The Poe Clan,https://en.wikipedia.org/wiki/The_Poe_Clan,Recommendation,0.0
visual-arts,Eagle (British comics),https://en.wikipedia.org/wiki/Eagle_%28British_comics%29,Seed,0.0
visual-arts,Marcus Morris (publisher),https://en.wikipedia.org/wiki/Marcus_Morris_%28publisher%29,Recommendation,0.0
visual-arts,Frank Hampson,https://en.wikipedia.org/wiki/Frank_Hampson,Recommendation,0.0
visual-arts,Eagle (1982 comic),https://en.wikipedia.org/wiki/Eagle_%281982_comic%29,Recommendation,0.0
visual-arts,Tintin in Tibet,https://en.wikipedia.org/wiki/Tintin_in_Tibet,Seed,0.0
visual-arts,The Crab with the Golden Claws,https://en.wikipedia.org/wiki/The_Crab_with_the_Golden_Claws,Recommendation,0.0
visual-arts,The Red Sea Sharks,https://en.wikipedia.org/wiki/The_Red_Sea_Sharks,Recommendation,0.14
visual-arts,Explorers on the Moon,https://en.wikipedia.org/wiki/Explorers_on_the_Moon,Recommendation,0.14
visual-arts,Tintin in the Congo,https://en.wikipedia.org/wiki/Tintin_in_the_Congo,Seed,0.14
visual-arts,The Blue Lotus,https://en.wikipedia.org/wiki/The_Blue_Lotus,Recommendation,0.0
visual-arts,The Black Island,https://en.wikipedia.org/wiki/The_Black_Island,Recommendation,0.29
visual-arts,Destination Moon (comics),https://en.wikipedia.org/wiki/Destination_Moon_%28comics%29,Recommendation,0.0
visual-arts,Constance Stokes,https://en.wikipedia.org/wiki/Constance_Stokes,Seed,0.0
visual-arts,Girl in Red Tights,https://en.wikipedia.org/wiki/Girl_in_Red_Tights,Recommendation,0.0
visual-arts,Barbara Brash,https://en.wikipedia.org/wiki/Barbara_Brash,Recommendation,0.0
visual-arts,Dorothy Mary Braund,https://en.wikipedia.org/wiki/Dorothy_Mary_Braund,Recommendation,0.0
comics-and-anime,Gintoki Sakata,https://en.wikipedia.org/wiki/Gintoki_Sakata,Seed,0.0
comics-and-anime,Gintama,https://en.wikipedia.org/wiki/Gintama,Recommendation,0.0
comics-and-anime,Hideaki Sorachi,https://en.wikipedia.org/wiki/Hideaki_Sorachi,Recommendation,0.29
comics-and-anime,Gintama: The Movie: The Final Chapter: Be Forever Yorozuya,https://en.wikipedia.org/wiki/Gintama%3A_The_Movie%3A_The_Final_Chapter%3A_Be_Forever_Yorozuya,Recommendation,0.0
comics-and-anime,Black Hammer (comics),https://en.wikipedia.org/wiki/Black_Hammer_%28comics%29,Seed,0.14
comics-and-anime,Jeff Lemire,https://en.wikipedia.org/wiki/Jeff_Lemire,Recommendation,0.0
comics-and-anime,Dean Ormston,https://en.wikipedia.org/wiki/Dean_Ormston,Recommendation,0.0
comics-and-anime,Gideon Falls,https://en.wikipedia.org/wiki/Gideon_Falls,Recommendation,0.0
comics-and-anime,History of comics,https://en.wikipedia.org/wiki/History_of_comics,Seed,0.0
comics-and-anime,Comics,https://en.wikipedia.org/wiki/Comics,Recommendation,1.29
comics-and-anime,Comic strip,https://en.wikipedia.org/wiki/Comic_strip,Recommendation,0.0
comics-and-anime,Glossary of comics terminology,https://en.wikipedia.org/wiki/Glossary_of_comics_terminology,Recommendation,0.0
comics-and-anime,Vince Colletta,https://en.wikipedia.org/wiki/Vince_Colletta,Seed,0.0
comics-and-anime,Chic Stone,https://en.wikipedia.org/wiki/Chic_Stone,Recommendation,0.0
comics-and-anime,Jack Kirby,https://en.wikipedia.org/wiki/Jack_Kirby,Recommendation,0.0
comics-and-anime,Don Heck,https://en.wikipedia.org/wiki/Don_Heck,Recommendation,0.14
comics-and-anime,Gerry Alanguilan,https://en.wikipedia.org/wiki/Gerry_Alanguilan,Seed,0.29
comics-and-anime,Francisco V. Coching,https://en.wikipedia.org/wiki/Francisco_V._Coching,Recommendation,0.0
comics-and-anime,Philippine comics,https://en.wikipedia.org/wiki/Philippine_comics,Recommendation,0.0
comics-and-anime,Elmer (comics),https://en.wikipedia.org/wiki/Elmer_%28comics%29,Recommendation,0.0
comics-and-anime,Argentine comics,https://en.wikipedia.org/wiki/Argentine_comics,Seed,0.0
comics-and-anime,Alberto Breccia,https://en.wikipedia.org/wiki/Alberto_Breccia,Recommendation,0.0
comics-and-anime,Héctor Germán Oesterheld,https://en.wikipedia.org/wiki/H%C3%A9ctor_Germ%C3%A1n_Oesterheld,Recommendation,0.0
comics-and-anime,Carlos Trillo,https://en.wikipedia.org/wiki/Carlos_Trillo,Recommendation,0.0
comics-and-anime,Yukihiro Miyamoto,https://en.wikipedia.org/wiki/Yukihiro_Miyamoto,Seed,0.57
comics-and-anime,Naoyuki Tatsuwa,https://en.wikipedia.org/wiki/Naoyuki_Tatsuwa,Recommendation,0.0
comics-and-anime,Tomoyuki Itamura,https://en.wikipedia.org/wiki/Tomoyuki_Itamura,Recommendation,0.0
comics-and-anime,Shinichi Omata,https://en.wikipedia.org/wiki/Shinichi_Omata,Recommendation,0.0
comics-and-anime,Mike Esposito (comics),https://en.wikipedia.org/wiki/Mike_Esposito_%28comics%29,Seed,0.0
comics-and-anime,Ross Andru,https://en.wikipedia.org/wiki/Ross_Andru,Recommendation,0.0
comics-and-anime,Dave Hunt (artist),https://en.wikipedia.org/wiki/Dave_Hunt_%28artist%29,Recommendation,0.0
comics-and-anime,John Romita Sr.,https://en.wikipedia.org/wiki/John_Romita_Sr.,Recommendation,0.0
comics-and-anime,Carlos Pacheco,https://en.wikipedia.org/wiki/Carlos_Pacheco,Seed,0.0
comics-and-anime,Kurt Busiek,https://en.wikipedia.org/wiki/Kurt_Busiek,Recommendation,0.0
comics-and-anime,Arrowsmith (comics),https://en.wikipedia.org/wiki/Arrowsmith_%28comics%29,Recommendation,0.0
comics-and-anime,Jackson Guice,https://en.wikipedia.org/wiki/Jackson_Guice,Recommendation,0.29
comics-and-anime,Julie Power,https://en.wikipedia.org/wiki/Julie_Power,Seed,0.0
comics-and-anime,Loners (comics),https://en.wikipedia.org/wiki/Loners_%28comics%29,Recommendation,0.0
comics-and-anime,Karolina Dean,https://en.wikipedia.org/wiki/Karolina_Dean,Recommendation,0.0
comics-and-anime,Runaways (comics),https://en.wikipedia.org/wiki/Runaways_%28comics%29,Recommendation,0.0
comics-and-anime,British comics,https://en.wikipedia.org/wiki/British_comics,Seed,0.0
comics-and-anime,Fantastic (comics),https://en.wikipedia.org/wiki/Fantastic_%28comics%29,Recommendation,0.0
comics-and-anime,Power Comics,https://en.wikipedia.org/wiki/Power_Comics,Recommendation,0.0
comics-and-anime,The Dandy,https://en.wikipedia.org/wiki/The_Dandy,Recommendation,0.0
comics-and-anime,Sand Land,https://en.wikipedia.org/wiki/Sand_Land,Seed,0.0
comics-and-anime,Akira Toriyama,https://en.wikipedia.org/wiki/Akira_Toriyama,Recommendation,0.0
comics-and-anime,Sand Land (video game),https://en.wikipedia.org/wiki/Sand_Land_%28video_game%29,Recommendation,0.0
comics-and-anime,Jaco the Galactic Patrolman,https://en.wikipedia.org/wiki/Jaco_the_Galactic_Patrolman,Recommendation,0.0
comics-and-anime,Akane Tsunemori,https://en.wikipedia.org/wiki/Akane_Tsunemori,Seed,0.0
comics-and-anime,Shogo Makishima,https://en.wikipedia.org/wiki/Shogo_Makishima,Recommendation,0.0
comics-and-anime,Mika Shimotsuki,https://en.wikipedia.org/wiki/Mika_Shimotsuki,Recommendation,0.0
comics-and-anime,Naoyoshi Shiotani,https://en.wikipedia.org/wiki/Naoyoshi_Shiotani,Recommendation,0.0
comics-and-anime,Chuck Austen,https://en.wikipedia.org/wiki/Chuck_Austen,Seed,0.29
comics-and-anime,Daniel Way,https://en.wikipedia.org/wiki/Daniel_Way,Recommendation,0.0
comics-and-anime,Jeff Parker (comics),https://en.wikipedia.org/wiki/Jeff_Parker_%28comics%29,Recommendation,0.0
comics-and-anime,Kieron Gillen,https://en.wikipedia.org/wiki/Kieron_Gillen,Recommendation,0.14
comics-and-anime,Atsushi Nakajima (Bungo Stray Dogs),https://en.wikipedia.org/wiki/Atsushi_Nakajima_%28Bungo_Stray_Dogs%29,Seed,0.0
comics-and-anime,Bungo Stray Dogs: Dead Apple,https://en.wikipedia.org/wiki/Bungo_Stray_Dogs%3A_Dead_Apple,Recommendation,0.0
comics-and-anime,Bungo Stray Dogs,https://en.wikipedia.org/wiki/Bungo_Stray_Dogs,Recommendation,1.14
comics-and-anime,Bungo Stray Dogs The Movie: Beast,https://en.wikipedia.org/wiki/Bungo_Stray_Dogs_The_Movie%3A_Beast,Recommendation,0.0
comics-and-anime,Yasuomi Umetsu,https://en.wikipedia.org/wiki/Yasuomi_Umetsu,Seed,0.0
comics-and-anime,Genichirou Abe,https://en.wikipedia.org/wiki/Genichirou_Abe,Recommendation,0.0
comics-and-anime,Shaft (company),https://en.wikipedia.org/wiki/Shaft_%28company%29,Recommendation,0.0
comics-and-anime,Akiyuki Shinbo,https://en.wikipedia.org/wiki/Akiyuki_Shinbo,Recommendation,0.0
comics-and-anime,Pop Team Epic,https://en.wikipedia.org/wiki/Pop_Team_Epic,Seed,0.0
comics-and-anime,Bakugan: Armored Alliance,https://en.wikipedia.org/wiki/Bakugan%3A_Armored_Alliance,Recommendation,0.14
comics-and-anime,Ink Master: Angels,https://en.wikipedia.org/wiki/Ink_Master%3A_Angels,Recommendation,0.0
comics-and-anime,Paradise Run,https://en.wikipedia.org/wiki/Paradise_Run,Recommendation,0.0
comics-and-anime,Saitō Hajime (Rurouni Kenshin),https://en.wikipedia.org/wiki/Sait%C5%8D_Hajime_%28Rurouni_Kenshin%29,Seed,0.0
comics-and-anime,Shishio Makoto,https://en.wikipedia.org/wiki/Shishio_Makoto,Recommendation,0.0
comics-and-anime,Shinomori Aoshi,https://en.wikipedia.org/wiki/Shinomori_Aoshi,Recommendation,0.0
comics-and-anime,Seta Sōjirō,https://en.wikipedia.org/wiki/Seta_S%C5%8Djir%C5%8D,Recommendation,0.0
comics-and-anime,Rurouni Kenshin (1996 TV series),https://en.wikipedia.org/wiki/Rurouni_Kenshin_%281996_TV_series%29,Seed,0.86
comics-and-anime,Rurouni Kenshin: The Hokkaido Arc,https://en.wikipedia.org/wiki/Rurouni_Kenshin%3A_The_Hokkaido_Arc,Recommendation,0.0
comics-and-anime,Rurouni Kenshin: Reflection,https://en.wikipedia.org/wiki/Rurouni_Kenshin%3A_Reflection,Recommendation,0.0
comics-and-anime,Rurouni Kenshin,https://en.wikipedia.org/wiki/Rurouni_Kenshin,Recommendation,0.0
comics-and-anime,National Cartoonists Society,https://en.wikipedia.org/wiki/National_Cartoonists_Society,Seed,0.14
comics-and-anime,Bob Dunn (cartoonist),https://en.wikipedia.org/wiki/Bob_Dunn_%28cartoonist%29,Recommendation,0.0
comics-and-anime,Rube Goldberg,https://en.wikipedia.org/wiki/Rube_Goldberg,Recommendation,0.14
comics-and-anime,Billy Ireland Cartoon Library & Museum,https://en.wikipedia.org/wiki/Billy_Ireland_Cartoon_Library_%26_Museum,Recommendation,0.0
comics-and-anime,Master Keaton,https://en.wikipedia.org/wiki/Master_Keaton,Seed,0.0
comics-and-anime,Pineapple Army,https://en.wikipedia.org/wiki/Pineapple_Army,Recommendation,0.0
comics-and-anime,Takashi Nagasaki,https://en.wikipedia.org/wiki/Takashi_Nagasaki,Recommendation,0.0
comics-and-anime,Pluto: Urasawa x Tezuka,https://en.wikipedia.org/wiki/Pluto%3A_Urasawa_x_Tezuka,Recommendation,0.0
comics-and-anime,Black Cat (manga),https://en.wikipedia.org/wiki/Black_Cat_%28manga%29,Seed,0.0
comics-and-anime,Kentaro Yabuki,https://en.wikipedia.org/wiki/Kentaro_Yabuki,Recommendation,0.0
comics-and-anime,Claymore (manga),https://en.wikipedia.org/wiki/Claymore_%28manga%29,Recommendation,0.0
comics-and-anime,Buso Renkin,https://en.wikipedia.org/wiki/Buso_Renkin,Recommendation,0.0
comics-and-anime,Hidamari Sketch,https://en.wikipedia.org/wiki/Hidamari_Sketch,Seed,0.0
comics-and-anime,Ume Aoki,https://en.wikipedia.org/wiki/Ume_Aoki,Recommendation,0.0
comics-and-anime,Yuki Yase,https://en.wikipedia.org/wiki/Yuki_Yase,Recommendation,0.0
comics-and-anime,Yoshiaki Itou,https://en.wikipedia.org/wiki/Yoshiaki_Itou,Recommendation,0.0
comics-and-anime,Mr. Plow,https://en.wikipedia.org/wiki/Mr._Plow,Seed,0.0
comics-and-anime,Homer the Heretic,https://en.wikipedia.org/wiki/Homer_the_Heretic,Recommendation,0.0
comics-and-anime,So It's Come to This: A Simpsons Clip Show,https://en.wikipedia.org/wiki/So_It%27s_Come_to_This%3A_A_Simpsons_Clip_Show,Recommendation,0.0
comics-and-anime,Bart the Genius,https://en.wikipedia.org/wiki/Bart_the_Genius,Recommendation,0.14
comics-and-anime,Joe Sinnott,https://en.wikipedia.org/wiki/Joe_Sinnott,Seed,0.0
comics-and-anime,George Klein (comics),https://en.wikipedia.org/wiki/George_Klein_%28comics%29,Recommendation,0.0
comics-and-anime,Syd Shores,https://en.wikipedia.org/wiki/Syd_Shores,Recommendation,0.0
comics-and-anime,Josef Rubinstein,https://en.wikipedia.org/wiki/Josef_Rubinstein,Recommendation,0.14
comics-and-anime,Top Cow Productions,https://en.wikipedia.org/wiki/Top_Cow_Productions,Seed,0.0
comics-and-anime,Marc Silvestri,https://en.wikipedia.org/wiki/Marc_Silvestri,Recommendation,0.0
comics-and-anime,Witchblade,https://en.wikipedia.org/wiki/Witchblade,Recommendation,0.0
comics-and-anime,Cyber Force (comics),https://en.wikipedia.org/wiki/Cyber_Force_%28comics%29,Recommendation,0.0
comics-and-anime,Darwyn Cooke,https://en.wikipedia.org/wiki/Darwyn_Cooke,Seed,0.14
comics-and-anime,J. Bone,https://en.wikipedia.org/wiki/J._Bone,Recommendation,0.14
comics-and-anime,DC: The New Frontier,https://en.wikipedia.org/wiki/DC%3A_The_New_Frontier,Recommendation,0.0
comics-and-anime,Richard Stark's Parker: The Hunter,https://en.wikipedia.org/wiki/Richard_Stark%27s_Parker%3A_The_Hunter,Recommendation,0.0
comics-and-anime,Shinya Kogami,https://en.wikipedia.org/wiki/Shinya_Kogami,Seed,0.0
comics-and-anime,Psycho-Pass: Sinners of the System,https://en.wikipedia.org/wiki/Psycho-Pass%3A_Sinners_of_the_System,Recommendation,0.0
comics-and-anime,Psycho-Pass: Inspector Shinya Kogami,https://en.wikipedia.org/wiki/Psycho-Pass%3A_Inspector_Shinya_Kogami,Recommendation,0.0
comics-and-anime,Kanshikan Tsunemori Akane,https://en.wikipedia.org/wiki/Kanshikan_Tsunemori_Akane,Recommendation,0.0
comics-and-anime,Lor-Zod,https://en.wikipedia.org/wiki/Lor-Zod,Seed,0.0
comics-and-anime,Superman: War of the Supermen,https://en.wikipedia.org/wiki/Superman%3A_War_of_the_Supermen,Recommendation,0.0
comics-and-anime,World Without Superman,https://en.wikipedia.org/wiki/World_Without_Superman,Recommendation,0.14
comics-and-anime,General Zod,https://en.wikipedia.org/wiki/General_Zod,Recommendation,0.0
comics-and-anime,Frank Cho,https://en.wikipedia.org/wiki/Frank_Cho,Seed,0.0
comics-and-anime,Alex Ross,https://en.wikipedia.org/wiki/Alex_Ross,Recommendation,0.0
comics-and-anime,Ryan Ottley,https://en.wikipedia.org/wiki/Ryan_Ottley,Recommendation,0.71
comics-and-anime,Humberto Ramos,https://en.wikipedia.org/wiki/Humberto_Ramos,Recommendation,0.0
comics-and-anime,Marguerite Bennett,https://en.wikipedia.org/wiki/Marguerite_Bennett,Seed,0.0
comics-and-anime,Victoria October,https://en.wikipedia.org/wiki/Victoria_October,Recommendation,0.0
comics-and-anime,DC Comics Bombshells,https://en.wikipedia.org/wiki/DC_Comics_Bombshells,Recommendation,0.0
comics-and-anime,Harper Row,https://en.wikipedia.org/wiki/Harper_Row,Recommendation,0.0
comics-and-anime,Serena (Pokémon),https://en.wikipedia.org/wiki/Serena_%28Pok%C3%A9mon%29,Seed,0.0
comics-and-anime,Pokémon (TV series),https://en.wikipedia.org/wiki/Pok%C3%A9mon_%28TV_series%29,Recommendation,0.14
comics-and-anime,Cynthia (Pokémon),https://en.wikipedia.org/wiki/Cynthia_%28Pok%C3%A9mon%29,Recommendation,0.0
comics-and-anime,Brock (Pokémon),https://en.wikipedia.org/wiki/Brock_%28Pok%C3%A9mon%29,Recommendation,0.0
comics-and-anime,The Last Temptation of Homer,https://en.wikipedia.org/wiki/The_Last_Temptation_of_Homer,Seed,0.14
comics-and-anime,Team Homer,https://en.wikipedia.org/wiki/Team_Homer,Recommendation,0.0
comics-and-anime,Two Dozen and One Greyhounds,https://en.wikipedia.org/wiki/Two_Dozen_and_One_Greyhounds,Recommendation,0.0
comics-and-anime,"$pringfield (or, How I Learned to Stop Worrying and Love Legalized Gambling)",https://en.wikipedia.org/wiki/%24pringfield_%28or%2C_How_I_Learned_to_Stop_Worrying_and_Love_Legalized_Gambling%29,Recommendation,0.0
comics-and-anime,The Simpsons season 11,https://en.wikipedia.org/wiki/The_Simpsons_season_11,Seed,0.0
comics-and-anime,The Simpsons season 12,https://en.wikipedia.org/wiki/The_Simpsons_season_12,Recommendation,0.0
comics-and-anime,Dilbert (TV series),https://en.wikipedia.org/wiki/Dilbert_%28TV_series%29,Recommendation,0.0
comics-and-anime,Malcolm & Eddie,https://en.wikipedia.org/wiki/Malcolm_%26_Eddie,Recommendation,0.0
comics-and-anime,Batman Beyond (comic book),https://en.wikipedia.org/wiki/Batman_Beyond_%28comic_book%29,Seed,0.0
comics-and-anime,Batman (Terry McGinnis),https://en.wikipedia.org/wiki/Batman_%28Terry_McGinnis%29,Recommendation,0.0
comics-and-anime,Batman Beyond,https://en.wikipedia.org/wiki/Batman_Beyond,Recommendation,0.29
comics-and-anime,Batman Beyond: Return of the Joker,https://en.wikipedia.org/wiki/Batman_Beyond%3A_Return_of_the_Joker,Recommendation,0.0
comics-and-anime,Puck (Marvel Comics),https://en.wikipedia.org/wiki/Puck_%28Marvel_Comics%29,Seed,0.0
comics-and-anime,Alpha Flight,https://en.wikipedia.org/wiki/Alpha_Flight,Recommendation,0.0
comics-and-anime,Sasquatch (comics),https://en.wikipedia.org/wiki/Sasquatch_%28comics%29,Recommendation,0.0
comics-and-anime,Guardian (Marvel Comics),https://en.wikipedia.org/wiki/Guardian_%28Marvel_Comics%29,Recommendation,0.0
comics-and-anime,Psycho-Pass: The Movie,https://en.wikipedia.org/wiki/Psycho-Pass%3A_The_Movie,Seed,0.0
comics-and-anime,Psycho-Pass,https://en.wikipedia.org/wiki/Psycho-Pass,Recommendation,0.0
comics-and-anime,Arata Shindo,https://en.wikipedia.org/wiki/Arata_Shindo,Recommendation,0.0
comics-and-anime,Makoto Fukami,https://en.wikipedia.org/wiki/Makoto_Fukami,Recommendation,0.14
comics-and-anime,Dave Cockrum,https://en.wikipedia.org/wiki/Dave_Cockrum,Seed,0.0
comics-and-anime,Gladiator (Kallark),https://en.wikipedia.org/wiki/Gladiator_%28Kallark%29,Recommendation,0.0
comics-and-anime,Mike Grell,https://en.wikipedia.org/wiki/Mike_Grell,Recommendation,0.43
comics-and-anime,Sam Grainger,https://en.wikipedia.org/wiki/Sam_Grainger,Recommendation,0.0
comics-and-anime,Mr. Mime,https://en.wikipedia.org/wiki/Mr._Mime,Seed,0.0
comics-and-anime,Psyduck,https://en.wikipedia.org/wiki/Psyduck,Recommendation,0.0
comics-and-anime,Bulbasaur,https://en.wikipedia.org/wiki/Bulbasaur,Recommendation,0.0
comics-and-anime,Misty (Pokémon),https://en.wikipedia.org/wiki/Misty_%28Pok%C3%A9mon%29,Recommendation,0.0
comics-and-anime,Boruto: Naruto the Movie,https://en.wikipedia.org/wiki/Boruto%3A_Naruto_the_Movie,Seed,0.0
comics-and-anime,Boruto Uzumaki,https://en.wikipedia.org/wiki/Boruto_Uzumaki,Recommendation,0.0
comics-and-anime,Momoshiki Otsutsuki,https://en.wikipedia.org/wiki/Momoshiki_Otsutsuki,Recommendation,0.0
comics-and-anime,Boruto,https://en.wikipedia.org/wiki/Boruto,Recommendation,0.14
comics-and-anime,Wobbuffet,https://en.wikipedia.org/wiki/Wobbuffet,Seed,0.0
comics-and-anime,Mimikyu,https://en.wikipedia.org/wiki/Mimikyu,Recommendation,0.0
comics-and-anime,Smeargle,https://en.wikipedia.org/wiki/Smeargle,Recommendation,0.29
comics-and-anime,Eevee,https://en.wikipedia.org/wiki/Eevee,Recommendation,0.0
comics-and-anime,The Simpsons 138th Episode Spectacular,https://en.wikipedia.org/wiki/The_Simpsons_138th_Episode_Spectacular,Seed,0.0
comics-and-anime,Burns' Heir,https://en.wikipedia.org/wiki/Burns%27_Heir,Recommendation,0.0
comics-and-anime,Troy McClure,https://en.wikipedia.org/wiki/Troy_McClure,Recommendation,0.0
comics-and-anime,A Fish Called Selma,https://en.wikipedia.org/wiki/A_Fish_Called_Selma,Recommendation,0.0
comics-and-anime,Sailor Moon Cosmos,https://en.wikipedia.org/wiki/Sailor_Moon_Cosmos,Seed,0.0
comics-and-anime,Sailor Moon Eternal,https://en.wikipedia.org/wiki/Sailor_Moon_Eternal,Recommendation,0.0
comics-and-anime,Kazuko Tadano,https://en.wikipedia.org/wiki/Kazuko_Tadano,Recommendation,0.0
comics-and-anime,Sailor Moon Crystal,https://en.wikipedia.org/wiki/Sailor_Moon_Crystal,Recommendation,0.0
comics-and-anime,Atlas Comics (1950s),https://en.wikipedia.org/wiki/Atlas_Comics_%281950s%29,Seed,0.0
comics-and-anime,Christopher Rule,https://en.wikipedia.org/wiki/Christopher_Rule,Recommendation,0.0
comics-and-anime,Key Publications,https://en.wikipedia.org/wiki/Key_Publications,Recommendation,0.0
comics-and-anime,Toby Press,https://en.wikipedia.org/wiki/Toby_Press,Recommendation,0.0
comics-and-anime,Otome wa Boku ni Koishiteru,https://en.wikipedia.org/wiki/Otome_wa_Boku_ni_Koishiteru,Seed,0.0
comics-and-anime,Hina Kamimura,https://en.wikipedia.org/wiki/Hina_Kamimura,Recommendation,0.0
comics-and-anime,Masato Jinbo,https://en.wikipedia.org/wiki/Masato_Jinbo,Recommendation,0.0
comics-and-anime,Yui Sakakibara,https://en.wikipedia.org/wiki/Yui_Sakakibara,Recommendation,0.0
comics-and-anime,Cheshire (character),https://en.wikipedia.org/wiki/Cheshire_%28character%29,Seed,0.0
comics-and-anime,Roy Harper (character),https://en.wikipedia.org/wiki/Roy_Harper_%28character%29,Recommendation,0.0
comics-and-anime,Catman (DC Comics),https://en.wikipedia.org/wiki/Catman_%28DC_Comics%29,Recommendation,0.0
comics-and-anime,Ravager (DC Comics),https://en.wikipedia.org/wiki/Ravager_%28DC_Comics%29,Recommendation,0.0
comics-and-anime,1893 (Loki),https://en.wikipedia.org/wiki/1893_%28Loki%29,Seed,0.0
comics-and-anime,Heart of the TVA,https://en.wikipedia.org/wiki/Heart_of_the_TVA,Recommendation,0.0
comics-and-anime,The Nexus Event,https://en.wikipedia.org/wiki/The_Nexus_Event,Recommendation,0.0
comics-and-anime,Sylvie (Marvel Cinematic Universe),https://en.wikipedia.org/wiki/Sylvie_%28Marvel_Cinematic_Universe%29,Recommendation,0.0
comics-and-anime,Malibu Comics,https://en.wikipedia.org/wiki/Malibu_Comics,Seed,0.0
comics-and-anime,Ultraverse,https://en.wikipedia.org/wiki/Ultraverse,Recommendation,0.0
comics-and-anime,Ultraforce,https://en.wikipedia.org/wiki/Ultraforce,Recommendation,0.14
comics-and-anime,Avengers/Ultraforce,https://en.wikipedia.org/wiki/Avengers/Ultraforce,Recommendation,0.0
comics-and-anime,Trinity War,https://en.wikipedia.org/wiki/Trinity_War,Seed,0.0
comics-and-anime,Forever Evil: Blight,https://en.wikipedia.org/wiki/Forever_Evil%3A_Blight,Recommendation,0.0
comics-and-anime,Forever Evil,https://en.wikipedia.org/wiki/Forever_Evil,Recommendation,0.14
comics-and-anime,Pandora (DC Comics),https://en.wikipedia.org/wiki/Pandora_%28DC_Comics%29,Recommendation,0.0
comics-and-anime,Pretty Rhythm: Rainbow Live,https://en.wikipedia.org/wiki/Pretty_Rhythm%3A_Rainbow_Live,Seed,0.0
comics-and-anime,Pretty Rhythm,https://en.wikipedia.org/wiki/Pretty_Rhythm,Recommendation,0.0
comics-and-anime,King of Prism by Pretty Rhythm,https://en.wikipedia.org/wiki/King_of_Prism_by_Pretty_Rhythm,Recommendation,0.0
comics-and-anime,Pretty Rhythm: Dear My Future,https://en.wikipedia.org/wiki/Pretty_Rhythm%3A_Dear_My_Future,Recommendation,0.0
entertainment,The Prime Time Players,https://en.wikipedia.org/wiki/The_Prime_Time_Players,Seed,0.14
entertainment,Fred Rosser,https://en.wikipedia.org/wiki/Fred_Rosser,Recommendation,0.0
entertainment,The Ascension (professional wrestling),https://en.wikipedia.org/wiki/The_Ascension_%28professional_wrestling%29,Recommendation,0.0
entertainment,Titus O'Neil,https://en.wikipedia.org/wiki/Titus_O%27Neil,Recommendation,0.43
entertainment,Backlash (2009),https://en.wikipedia.org/wiki/Backlash_%282009%29,Seed,0.0
entertainment,Backlash (2008),https://en.wikipedia.org/wiki/Backlash_%282008%29,Recommendation,0.0
entertainment,WWE Judgment Day (2009),https://en.wikipedia.org/wiki/WWE_Judgment_Day_%282009%29,Recommendation,0.0
entertainment,Backlash (2007),https://en.wikipedia.org/wiki/Backlash_%282007%29,Recommendation,0.0
entertainment,The New Breed (ECW),https://en.wikipedia.org/wiki/The_New_Breed_%28ECW%29,Seed,0.0
entertainment,Matt Striker,https://en.wikipedia.org/wiki/Matt_Striker,Recommendation,0.0
entertainment,ECW Originals,https://en.wikipedia.org/wiki/ECW_Originals,Recommendation,0.0
entertainment,Monty Brown,https://en.wikipedia.org/wiki/Monty_Brown,Recommendation,0.0
entertainment,Corporate Ministry,https://en.wikipedia.org/wiki/Corporate_Ministry,Seed,0.0
entertainment,The Corporation (professional wrestling),https://en.wikipedia.org/wiki/The_Corporation_%28professional_wrestling%29,Recommendation,0.0
entertainment,Ministry of Darkness,https://en.wikipedia.org/wiki/Ministry_of_Darkness,Recommendation,0.0
entertainment,King of the Ring (1999),https://en.wikipedia.org/wiki/King_of_the_Ring_%281999%29,Recommendation,0.0
entertainment,James Ellsworth (wrestler),https://en.wikipedia.org/wiki/James_Ellsworth_%28wrestler%29,Seed,0.0
entertainment,Carmella (wrestler),https://en.wikipedia.org/wiki/Carmella_%28wrestler%29,Recommendation,0.0
entertainment,SummerSlam (2018),https://en.wikipedia.org/wiki/SummerSlam_%282018%29,Recommendation,0.0
entertainment,WWE Judgment Day (2006),https://en.wikipedia.org/wiki/WWE_Judgment_Day_%282006%29,Seed,0.0
entertainment,No Way Out (2006),https://en.wikipedia.org/wiki/No_Way_Out_%282006%29,Recommendation,0.0
entertainment,The Great American Bash (2006),https://en.wikipedia.org/wiki/The_Great_American_Bash_%282006%29,Recommendation,0.0
entertainment,Unforgiven (2007),https://en.wikipedia.org/wiki/Unforgiven_%282007%29,Recommendation,0.0
entertainment,Night of Champions (2009),https://en.wikipedia.org/wiki/Night_of_Champions_%282009%29,Seed,0.0
entertainment,SummerSlam (2009),https://en.wikipedia.org/wiki/SummerSlam_%282009%29,Recommendation,0.0
entertainment,No Way Out (2008),https://en.wikipedia.org/wiki/No_Way_Out_%282008%29,Recommendation,0.0
entertainment,SummerSlam (2007),https://en.wikipedia.org/wiki/SummerSlam_%282007%29,Recommendation,0.0
entertainment,Primo and Epico,https://en.wikipedia.org/wiki/Primo_and_Epico,Seed,0.0
entertainment,Primo Colón,https://en.wikipedia.org/wiki/Primo_Col%C3%B3n,Recommendation,0.0
entertainment,Epico Colón,https://en.wikipedia.org/wiki/Epico_Col%C3%B3n,Recommendation,0.0
entertainment,Tyson Kidd,https://en.wikipedia.org/wiki/Tyson_Kidd,Recommendation,0.0
entertainment,Bound for Glory (2010),https://en.wikipedia.org/wiki/Bound_for_Glory_%282010%29,Seed,0.0
entertainment,Immortal (professional wrestling),https://en.wikipedia.org/wiki/Immortal_%28professional_wrestling%29,Recommendation,0.0
entertainment,Fortune (professional wrestling),https://en.wikipedia.org/wiki/Fortune_%28professional_wrestling%29,Recommendation,0.0
entertainment,TNA Lockdown (2011),https://en.wikipedia.org/wiki/TNA_Lockdown_%282011%29,Recommendation,0.0
entertainment,Cody Rhodes and Goldust,https://en.wikipedia.org/wiki/Cody_Rhodes_and_Goldust,Seed,0.0
entertainment,Cody Rhodes,https://en.wikipedia.org/wiki/Cody_Rhodes,Recommendation,0.29
entertainment,Lucha Dragons,https://en.wikipedia.org/wiki/Lucha_Dragons,Recommendation,0.0
entertainment,Ted DiBiase Jr.,https://en.wikipedia.org/wiki/Ted_DiBiase_Jr.,Recommendation,0.0
entertainment,BLK Jeez,https://en.wikipedia.org/wiki/BLK_Jeez,Seed,0.0
entertainment,Chri$ Ca$h,https://en.wikipedia.org/wiki/Chri%24_Ca%24h,Recommendation,0.0
entertainment,Kings of Wrestling,https://en.wikipedia.org/wiki/Kings_of_Wrestling,Recommendation,0.0
entertainment,Onyx (wrestler),https://en.wikipedia.org/wiki/Onyx_%28wrestler%29,Recommendation,0.0
entertainment,The Authority (professional wrestling),https://en.wikipedia.org/wiki/The_Authority_%28professional_wrestling%29,Seed,0.0
entertainment,Payback (2014),https://en.wikipedia.org/wiki/Payback_%282014%29,Recommendation,0.0
entertainment,The Shield (professional wrestling),https://en.wikipedia.org/wiki/The_Shield_%28professional_wrestling%29,Recommendation,0.0
entertainment,SummerSlam (2014),https://en.wikipedia.org/wiki/SummerSlam_%282014%29,Recommendation,0.0
entertainment,Los Guerreros,https://en.wikipedia.org/wiki/Los_Guerreros,Seed,0.0
entertainment,Chavo Guerrero Jr.,https://en.wikipedia.org/wiki/Chavo_Guerrero_Jr.,Recommendation,0.0
entertainment,Survivor Series (2004),https://en.wikipedia.org/wiki/Survivor_Series_%282004%29,Recommendation,0.0
entertainment,Survivor Series (2002),https://en.wikipedia.org/wiki/Survivor_Series_%282002%29,Recommendation,0.0
entertainment,Armageddon (2003),https://en.wikipedia.org/wiki/Armageddon_%282003%29,Seed,0.0
entertainment,Evolution (professional wrestling),https://en.wikipedia.org/wiki/Evolution_%28professional_wrestling%29,Recommendation,0.14
entertainment,Unforgiven (2003),https://en.wikipedia.org/wiki/Unforgiven_%282003%29,Recommendation,0.0
entertainment,Unforgiven (2004),https://en.wikipedia.org/wiki/Unforgiven_%282004%29,Recommendation,0.0
entertainment,Sylvester Lefort,https://en.wikipedia.org/wiki/Sylvester_Lefort,Seed,0.0
entertainment,The Tribunal (professional wrestling),https://en.wikipedia.org/wiki/The_Tribunal_%28professional_wrestling%29,Recommendation,0.0
entertainment,Marcus Louis,https://en.wikipedia.org/wiki/Marcus_Louis,Recommendation,0.0
entertainment,Enzo and Cass,https://en.wikipedia.org/wiki/Enzo_and_Cass,Recommendation,0.0
entertainment,Armageddon (2008),https://en.wikipedia.org/wiki/Armageddon_%282008%29,Seed,0.0
entertainment,Survivor Series (2008),https://en.wikipedia.org/wiki/Survivor_Series_%282008%29,Recommendation,0.0
entertainment,Armageddon (2007),https://en.wikipedia.org/wiki/Armageddon_%282007%29,Recommendation,0.0
entertainment,Royal Rumble (2008),https://en.wikipedia.org/wiki/Royal_Rumble_%282008%29,Recommendation,0.0
entertainment,"TLC: Tables, Ladders & Chairs (2009)",https://en.wikipedia.org/wiki/TLC%3A_Tables%2C_Ladders_%26_Chairs_%282009%29,Seed,0.0
entertainment,Survivor Series (2009),https://en.wikipedia.org/wiki/Survivor_Series_%282009%29,Recommendation,0.0
entertainment,Royal Rumble (2010),https://en.wikipedia.org/wiki/Royal_Rumble_%282010%29,Recommendation,0.0
entertainment,Night of Champions (2010),https://en.wikipedia.org/wiki/Night_of_Champions_%282010%29,Recommendation,0.0
entertainment,Taeler Hendrix,https://en.wikipedia.org/wiki/Taeler_Hendrix,Seed,0.0
entertainment,Blossom Twins,https://en.wikipedia.org/wiki/Blossom_Twins,Recommendation,0.0
entertainment,Jessie Belle Smothers,https://en.wikipedia.org/wiki/Jessie_Belle_Smothers,Recommendation,0.0
entertainment,Sojournor Bolt,https://en.wikipedia.org/wiki/Sojournor_Bolt,Recommendation,0.0
entertainment,Night of Champions (2008),https://en.wikipedia.org/wiki/Night_of_Champions_%282008%29,Seed,0.0
entertainment,The Great American Bash (2008),https://en.wikipedia.org/wiki/The_Great_American_Bash_%282008%29,Recommendation,0.0
entertainment,WWE Judgment Day (2008),https://en.wikipedia.org/wiki/WWE_Judgment_Day_%282008%29,Recommendation,0.0
entertainment,No Mercy (2007),https://en.wikipedia.org/wiki/No_Mercy_%282007%29,Recommendation,0.0
entertainment,Maxx Payne,https://en.wikipedia.org/wiki/Maxx_Payne,Seed,0.0
entertainment,Marc Mero,https://en.wikipedia.org/wiki/Marc_Mero,Recommendation,0.0
entertainment,Paul Diamond,https://en.wikipedia.org/wiki/Paul_Diamond,Recommendation,0.0
entertainment,Pat Tanaka,https://en.wikipedia.org/wiki/Pat_Tanaka,Recommendation,0.0
entertainment,Battleground (2015),https://en.wikipedia.org/wiki/Battleground_%282015%29,Seed,0.0
entertainment,Money in the Bank (2015),https://en.wikipedia.org/wiki/Money_in_the_Bank_%282015%29,Recommendation,0.0
entertainment,Money in the Bank (2014),https://en.wikipedia.org/wiki/Money_in_the_Bank_%282014%29,Recommendation,0.0
entertainment,Battleground (2014),https://en.wikipedia.org/wiki/Battleground_%282014%29,Recommendation,0.0
entertainment,New Year's Revolution (2007),https://en.wikipedia.org/wiki/New_Year%27s_Revolution_%282007%29,Seed,0.0
entertainment,Survivor Series (2006),https://en.wikipedia.org/wiki/Survivor_Series_%282006%29,Recommendation,0.0
entertainment,Vengeance (2006),https://en.wikipedia.org/wiki/Vengeance_%282006%29,Recommendation,0.0
entertainment,Rated-RKO,https://en.wikipedia.org/wiki/Rated-RKO,Recommendation,0.0
entertainment,"TLC: Tables, Ladders & Chairs (2011)",https://en.wikipedia.org/wiki/TLC%3A_Tables%2C_Ladders_%26_Chairs_%282011%29,Seed,0.0
entertainment,"TLC: Tables, Ladders & Chairs (2010)",https://en.wikipedia.org/wiki/TLC%3A_Tables%2C_Ladders_%26_Chairs_%282010%29,Recommendation,0.0
entertainment,Elimination Chamber (2013),https://en.wikipedia.org/wiki/Elimination_Chamber_%282013%29,Recommendation,0.0
entertainment,Ricardo Rodriguez (wrestler),https://en.wikipedia.org/wiki/Ricardo_Rodriguez_%28wrestler%29,Recommendation,0.0
entertainment,WWE Breaking Point,https://en.wikipedia.org/wiki/WWE_Breaking_Point,Seed,0.0
entertainment,Royal Rumble (2009),https://en.wikipedia.org/wiki/Royal_Rumble_%282009%29,Recommendation,0.0
entertainment,No Way Out (2009),https://en.wikipedia.org/wiki/No_Way_Out_%282009%29,Recommendation,0.0
entertainment,Elimination Chamber (2010),https://en.wikipedia.org/wiki/Elimination_Chamber_%282010%29,Recommendation,0.0
entertainment,Money in the Bank (2010),https://en.wikipedia.org/wiki/Money_in_the_Bank_%282010%29,Seed,0.0
entertainment,Survivor Series (2010),https://en.wikipedia.org/wiki/Survivor_Series_%282010%29,Recommendation,0.0
entertainment,WrestleMania XXVI,https://en.wikipedia.org/wiki/WrestleMania_XXVI,Recommendation,0.0
entertainment,SummerSlam (2010),https://en.wikipedia.org/wiki/SummerSlam_%282010%29,Recommendation,0.0
entertainment,Money in the Bank (2011),https://en.wikipedia.org/wiki/Money_in_the_Bank_%282011%29,Seed,0.0
entertainment,Alberto Del Rio,https://en.wikipedia.org/wiki/Alberto_Del_Rio,Recommendation,0.0
entertainment,Wade Barrett,https://en.wikipedia.org/wiki/Wade_Barrett,Recommendation,0.14
entertainment,SummerSlam (2011),https://en.wikipedia.org/wiki/SummerSlam_%282011%29,Recommendation,0.0
entertainment,Major Players,https://en.wikipedia.org/wiki/Major_Players,Seed,0.0
entertainment,Matt Cardona,https://en.wikipedia.org/wiki/Matt_Cardona,Recommendation,0.0
entertainment,Brian Myers,https://en.wikipedia.org/wiki/Brian_Myers,Recommendation,0.14
entertainment,Gabbi Tuft,https://en.wikipedia.org/wiki/Gabbi_Tuft,Recommendation,0.14
entertainment,No Mercy (2016),https://en.wikipedia.org/wiki/No_Mercy_%282016%29,Seed,0.0
entertainment,The Wyatt Family,https://en.wikipedia.org/wiki/The_Wyatt_Family,Recommendation,0.0
entertainment,Royal Rumble (2017),https://en.wikipedia.org/wiki/Royal_Rumble_%282017%29,Recommendation,0.0
entertainment,Bray Wyatt,https://en.wikipedia.org/wiki/Bray_Wyatt,Recommendation,0.14
entertainment,Roppongi 3K,https://en.wikipedia.org/wiki/Roppongi_3K,Seed,0.0
entertainment,Yoh (wrestler),https://en.wikipedia.org/wiki/Yoh_%28wrestler%29,Recommendation,0.29
entertainment,Sakura Genesis 2018,https://en.wikipedia.org/wiki/Sakura_Genesis_2018,Recommendation,0.0
entertainment,Master Wato,https://en.wikipedia.org/wiki/Master_Wato,Recommendation,0.0
entertainment,King of the Ring (2006),https://en.wikipedia.org/wiki/King_of_the_Ring_%282006%29,Seed,0.0
entertainment,King Booker's Court,https://en.wikipedia.org/wiki/King_Booker%27s_Court,Recommendation,0.0
entertainment,No Way Out (2007),https://en.wikipedia.org/wiki/No_Way_Out_%282007%29,Recommendation,0.0
entertainment,Sharmell,https://en.wikipedia.org/wiki/Sharmell,Recommendation,0.0
entertainment,"TLC: Tables, Ladders & Chairs (2013)",https://en.wikipedia.org/wiki/TLC%3A_Tables%2C_Ladders_%26_Chairs_%282013%29,Seed,0.0
entertainment,Survivor Series (2013),https://en.wikipedia.org/wiki/Survivor_Series_%282013%29,Recommendation,0.14
entertainment,SummerSlam (2013),https://en.wikipedia.org/wiki/SummerSlam_%282013%29,Recommendation,0.0
entertainment,Night of Champions (2013),https://en.wikipedia.org/wiki/Night_of_Champions_%282013%29,Recommendation,0.0
entertainment,SummerSlam (2003),https://en.wikipedia.org/wiki/SummerSlam_%282003%29,Seed,0.0
entertainment,Unforgiven (2002),https://en.wikipedia.org/wiki/Unforgiven_%282002%29,Recommendation,0.0
entertainment,Royal Rumble (2003),https://en.wikipedia.org/wiki/Royal_Rumble_%282003%29,Recommendation,0.0
entertainment,WWE Judgment Day (2003),https://en.wikipedia.org/wiki/WWE_Judgment_Day_%282003%29,Recommendation,0.0
entertainment,TNA Turning Point (2008),https://en.wikipedia.org/wiki/TNA_Turning_Point_%282008%29,Seed,0.0
entertainment,Bound for Glory IV,https://en.wikipedia.org/wiki/Bound_for_Glory_IV,Recommendation,0.0
entertainment,TNA Turning Point (2007),https://en.wikipedia.org/wiki/TNA_Turning_Point_%282007%29,Recommendation,0.0
entertainment,TNA Genesis (2007),https://en.wikipedia.org/wiki/TNA_Genesis_%282007%29,Recommendation,0.0
entertainment,Bill Apter,https://en.wikipedia.org/wiki/Bill_Apter,Seed,0.0
entertainment,Stanley Weston,https://en.wikipedia.org/wiki/Stanley_Weston,Recommendation,0.0
entertainment,Curly Moe,https://en.wikipedia.org/wiki/Curly_Moe,Recommendation,0.0
entertainment,Jason Conlan,https://en.wikipedia.org/wiki/Jason_Conlan,Recommendation,0.0
entertainment,Money in the Bank (2012),https://en.wikipedia.org/wiki/Money_in_the_Bank_%282012%29,Seed,0.0
entertainment,Money in the Bank (2013),https://en.wikipedia.org/wiki/Money_in_the_Bank_%282013%29,Recommendation,0.0
entertainment,Over the Limit (2012),https://en.wikipedia.org/wiki/Over_the_Limit_%282012%29,Recommendation,0.0
entertainment,Money in the Bank (2016),https://en.wikipedia.org/wiki/Money_in_the_Bank_%282016%29,Recommendation,0.0
entertainment,Final Resolution (2005),https://en.wikipedia.org/wiki/Final_Resolution_%282005%29,Seed,0.14
entertainment,TNA Against All Odds (2005),https://en.wikipedia.org/wiki/TNA_Against_All_Odds_%282005%29,Recommendation,0.14
entertainment,Destination X (2005),https://en.wikipedia.org/wiki/Destination_X_%282005%29,Recommendation,0.14
entertainment,TNA Turning Point (2004),https://en.wikipedia.org/wiki/TNA_Turning_Point_%282004%29,Recommendation,0.14
entertainment,WWE Judgment Day (2004),https://en.wikipedia.org/wiki/WWE_Judgment_Day_%282004%29,Seed,0.0
entertainment,The Great American Bash (2004),https://en.wikipedia.org/wiki/The_Great_American_Bash_%282004%29,Recommendation,0.14
entertainment,No Mercy (2004),https://en.wikipedia.org/wiki/No_Mercy_%282004%29,Recommendation,0.0
entertainment,Armageddon (2004),https://en.wikipedia.org/wiki/Armageddon_%282004%29,Recommendation,0.0
entertainment,The British Invasion (professional wrestling),https://en.wikipedia.org/wiki/The_British_Invasion_%28professional_wrestling%29,Seed,0.0
entertainment,World Elite,https://en.wikipedia.org/wiki/World_Elite,Recommendation,0.0
entertainment,"Beer Money, Inc.",https://en.wikipedia.org/wiki/Beer_Money%2C_Inc.,Recommendation,0.0
entertainment,Rob Terry,https://en.wikipedia.org/wiki/Rob_Terry,Recommendation,0.0
entertainment,Roadblock (March 2016),https://en.wikipedia.org/wiki/Roadblock_%28March_2016%29,Seed,0.57
entertainment,Fastlane (2016),https://en.wikipedia.org/wiki/Fastlane_%282016%29,Recommendation,0.14
entertainment,Battleground (2016),https://en.wikipedia.org/wiki/Battleground_%282016%29,Recommendation,0.0
entertainment,WrestleMania 31,https://en.wikipedia.org/wiki/WrestleMania_31,Recommendation,0.14
entertainment,Money in the Bank (2017),https://en.wikipedia.org/wiki/Money_in_the_Bank_%282017%29,Seed,0.0
entertainment,Backlash (2017),https://en.wikipedia.org/wiki/Backlash_%282017%29,Recommendation,0.0
entertainment,Battleground (2017),https://en.wikipedia.org/wiki/Battleground_%282017%29,Recommendation,0.0
entertainment,Money in the Bank (2018),https://en.wikipedia.org/wiki/Money_in_the_Bank_%282018%29,Recommendation,0.0
entertainment,Big Show and Kane,https://en.wikipedia.org/wiki/Big_Show_and_Kane,Seed,0.0
entertainment,The Corre,https://en.wikipedia.org/wiki/The_Corre,Recommendation,0.0
entertainment,Matt Bloom,https://en.wikipedia.org/wiki/Matt_Bloom,Recommendation,0.0
entertainment,Kane (wrestler),https://en.wikipedia.org/wiki/Kane_%28wrestler%29,Recommendation,0.71
entertainment,WWE Raw 1000,https://en.wikipedia.org/wiki/WWE_Raw_1000,Seed,0.0
entertainment,SummerSlam (2012),https://en.wikipedia.org/wiki/SummerSlam_%282012%29,Recommendation,0.0
entertainment,CM Punk,https://en.wikipedia.org/wiki/CM_Punk,Recommendation,0.43
entertainment,Roman Reigns,https://en.wikipedia.org/wiki/Roman_Reigns,Recommendation,0.0
entertainment,NXT TakeOver: WarGames (2017),https://en.wikipedia.org/wiki/NXT_TakeOver%3A_WarGames_%282017%29,Seed,0.29
entertainment,NXT TakeOver: New Orleans,https://en.wikipedia.org/wiki/NXT_TakeOver%3A_New_Orleans,Recommendation,0.43
entertainment,The Undisputed Era,https://en.wikipedia.org/wiki/The_Undisputed_Era,Recommendation,0.0
entertainment,NXT TakeOver: WarGames (2018),https://en.wikipedia.org/wiki/NXT_TakeOver%3A_WarGames_%282018%29,Recommendation,0.29
entertainment,No Way Out (2004),https://en.wikipedia.org/wiki/No_Way_Out_%282004%29,Seed,0.0
entertainment,No Mercy (2003),https://en.wikipedia.org/wiki/No_Mercy_%282003%29,Recommendation,0.29
entertainment,Vengeance (2002),https://en.wikipedia.org/wiki/Vengeance_%282002%29,Recommendation,0.0
entertainment,Rebellion (2002),https://en.wikipedia.org/wiki/Rebellion_%282002%29,Recommendation,0.0
entertainment,Payback (2020),https://en.wikipedia.org/wiki/Payback_%282020%29,Seed,0.0
entertainment,SummerSlam (2020),https://en.wikipedia.org/wiki/SummerSlam_%282020%29,Recommendation,0.0
entertainment,Clash of Champions (2020),https://en.wikipedia.org/wiki/Clash_of_Champions_%282020%29,Recommendation,0.0
entertainment,"TLC: Tables, Ladders & Chairs (2020)",https://en.wikipedia.org/wiki/TLC%3A_Tables%2C_Ladders_%26_Chairs_%282020%29,Recommendation,0.0
entertainment,Cody Deaner,https://en.wikipedia.org/wiki/Cody_Deaner,Seed,0.86
entertainment,No Surrender (2009),https://en.wikipedia.org/wiki/No_Surrender_%282009%29,Recommendation,0.0
entertainment,Eric Young (wrestler),https://en.wikipedia.org/wiki/Eric_Young_%28wrestler%29,Recommendation,0.0
entertainment,Violent By Design (professional wrestling),https://en.wikipedia.org/wiki/Violent_By_Design_%28professional_wrestling%29,Recommendation,0.0
entertainment,Clash of Champions (2017),https://en.wikipedia.org/wiki/Clash_of_Champions_%282017%29,Seed,0.14
entertainment,Fastlane (2018),https://en.wikipedia.org/wiki/Fastlane_%282018%29,Recommendation,0.0
entertainment,Survivor Series (2017),https://en.wikipedia.org/wiki/Survivor_Series_%282017%29,Recommendation,0.14
entertainment,Royal Rumble (2018),https://en.wikipedia.org/wiki/Royal_Rumble_%282018%29,Recommendation,0.0
entertainment,B. J. Whitmer,https://en.wikipedia.org/wiki/B._J._Whitmer,Seed,0.0
entertainment,Second City Saints,https://en.wikipedia.org/wiki/Second_City_Saints,Recommendation,0.0
entertainment,Jimmy Jacobs,https://en.wikipedia.org/wiki/Jimmy_Jacobs,Recommendation,0.14
entertainment,Lacey (wrestler),https://en.wikipedia.org/wiki/Lacey_%28wrestler%29,Recommendation,0.0
entertainment,Amber O'Neal,https://en.wikipedia.org/wiki/Amber_O%27Neal,Seed,0.14
entertainment,Team Blondage,https://en.wikipedia.org/wiki/Team_Blondage,Recommendation,0.0
entertainment,Krissy Vaine,https://en.wikipedia.org/wiki/Krissy_Vaine,Recommendation,0.0
entertainment,Selina Majors,https://en.wikipedia.org/wiki/Selina_Majors,Recommendation,0.14
entertainment,CMLL World Light Heavyweight Championship,https://en.wikipedia.org/wiki/CMLL_World_Light_Heavyweight_Championship,Seed,0.0
entertainment,CMLL 79th Anniversary Show,https://en.wikipedia.org/wiki/CMLL_79th_Anniversary_Show,Recommendation,0.0
entertainment,CMLL World Heavyweight Championship,https://en.wikipedia.org/wiki/CMLL_World_Heavyweight_Championship,Recommendation,0.0
entertainment,Homenaje a Dos Leyendas (2015),https://en.wikipedia.org/wiki/Homenaje_a_Dos_Leyendas_%282015%29,Recommendation,0.0
fashion,Most Beautiful Girl in Nigeria,https://en.wikipedia.org/wiki/Most_Beautiful_Girl_in_Nigeria,Seed,0.0
fashion,Miss Universe Nigeria,https://en.wikipedia.org/wiki/Miss_Universe_Nigeria,Recommendation,0.0
fashion,Isabella Ayuk,https://en.wikipedia.org/wiki/Isabella_Ayuk,Recommendation,0.14
fashion,Miss Nigeria,https://en.wikipedia.org/wiki/Miss_Nigeria,Recommendation,0.0
fashion,Agbani Darego,https://en.wikipedia.org/wiki/Agbani_Darego,Recommendation,0.0
fashion,Damiete Charles Granville,https://en.wikipedia.org/wiki/Damiete_Charles_Granville,Recommendation,0.0
fashion,Sabina Umeh-Akamune,https://en.wikipedia.org/wiki/Sabina_Umeh-Akamune,Recommendation,0.0
fashion,Rima Fakih,https://en.wikipedia.org/wiki/Rima_Fakih,Seed,0.0
fashion,Miss Michigan USA,https://en.wikipedia.org/wiki/Miss_Michigan_USA,Recommendation,0.0
fashion,Maya Reaidy,https://en.wikipedia.org/wiki/Maya_Reaidy,Recommendation,0.0
fashion,Julie Hayek,https://en.wikipedia.org/wiki/Julie_Hayek,Recommendation,0.0
fashion,"Dearborn, Michigan",https://en.wikipedia.org/wiki/Dearborn%2C_Michigan,Recommendation,0.29
fashion,Islam in Metro Detroit,https://en.wikipedia.org/wiki/Islam_in_Metro_Detroit,Recommendation,0.0
fashion,Yasmina Zaytoun,https://en.wikipedia.org/wiki/Yasmina_Zaytoun,Recommendation,0.0
fashion,Steampunk fashion,https://en.wikipedia.org/wiki/Steampunk_fashion,Seed,0.0
fashion,Bodice,https://en.wikipedia.org/wiki/Bodice,Recommendation,0.0
fashion,Victorian fashion,https://en.wikipedia.org/wiki/Victorian_fashion,Recommendation,0.57
fashion,History of corsets,https://en.wikipedia.org/wiki/History_of_corsets,Recommendation,0.0
fashion,1900s in Western fashion,https://en.wikipedia.org/wiki/1900s_in_Western_fashion,Recommendation,0.0
fashion,Victorian dress reform,https://en.wikipedia.org/wiki/Victorian_dress_reform,Recommendation,0.0
fashion,Clothing terminology,https://en.wikipedia.org/wiki/Clothing_terminology,Recommendation,0.0
fashion,Men's skirts,https://en.wikipedia.org/wiki/Men%27s_skirts,Seed,0.0
fashion,Skirt,https://en.wikipedia.org/wiki/Skirt,Recommendation,0.29
fashion,Trousers,https://en.wikipedia.org/wiki/Trousers,Recommendation,0.0
fashion,Hakama,https://en.wikipedia.org/wiki/Hakama,Recommendation,0.0
fashion,Japanese clothing,https://en.wikipedia.org/wiki/Japanese_clothing,Recommendation,0.0
fashion,Veshti,https://en.wikipedia.org/wiki/Veshti,Recommendation,0.0
fashion,Aztec clothing,https://en.wikipedia.org/wiki/Aztec_clothing,Recommendation,0.0
fashion,Fur clothing,https://en.wikipedia.org/wiki/Fur_clothing,Seed,0.0
fashion,Fur farming,https://en.wikipedia.org/wiki/Fur_farming,Recommendation,0.0
fashion,Rabbit hair,https://en.wikipedia.org/wiki/Rabbit_hair,Recommendation,0.0
fashion,Hide (skin),https://en.wikipedia.org/wiki/Hide_%28skin%29,Recommendation,0.0
fashion,Skinning,https://en.wikipedia.org/wiki/Skinning,Recommendation,0.0
fashion,History of Inuit clothing,https://en.wikipedia.org/wiki/History_of_Inuit_clothing,Recommendation,0.0
fashion,Environmental impacts of fur farming,https://en.wikipedia.org/wiki/Environmental_impacts_of_fur_farming,Recommendation,0.0
fashion,River Island,https://en.wikipedia.org/wiki/River_Island,Seed,0.0
fashion,AllSaints,https://en.wikipedia.org/wiki/AllSaints,Recommendation,0.0
fashion,Wolf & Badger,https://en.wikipedia.org/wiki/Wolf_%26_Badger,Recommendation,0.0
fashion,Tessuti,https://en.wikipedia.org/wiki/Tessuti,Recommendation,0.14
fashion,George Davies (retailer),https://en.wikipedia.org/wiki/George_Davies_%28retailer%29,Recommendation,0.0
fashion,JD Sports,https://en.wikipedia.org/wiki/JD_Sports,Recommendation,0.0
fashion,Missguided,https://en.wikipedia.org/wiki/Missguided,Recommendation,0.0
fashion,Triumph International,https://en.wikipedia.org/wiki/Triumph_International,Seed,0.0
fashion,Adore Me,https://en.wikipedia.org/wiki/Adore_Me,Recommendation,0.0
fashion,Mammut Sports Group,https://en.wikipedia.org/wiki/Mammut_Sports_Group,Recommendation,0.0
fashion,MAS Holdings,https://en.wikipedia.org/wiki/MAS_Holdings,Recommendation,0.14
fashion,Incontinence underwear,https://en.wikipedia.org/wiki/Incontinence_underwear,Recommendation,0.0
fashion,Exquisite Form,https://en.wikipedia.org/wiki/Exquisite_Form,Recommendation,0.0
fashion,Commando (company),https://en.wikipedia.org/wiki/Commando_%28company%29,Recommendation,0.0
fashion,Lanvin,https://en.wikipedia.org/wiki/Lanvin,Seed,0.14
fashion,Bouchra Jarrar,https://en.wikipedia.org/wiki/Bouchra_Jarrar,Recommendation,0.0
fashion,Alber Elbaz,https://en.wikipedia.org/wiki/Alber_Elbaz,Recommendation,0.0
fashion,Yves Saint Laurent (fashion house),https://en.wikipedia.org/wiki/Yves_Saint_Laurent_%28fashion_house%29,Recommendation,0.14
fashion,Celine (brand),https://en.wikipedia.org/wiki/Celine_%28brand%29,Recommendation,0.0
fashion,Giambattista Valli,https://en.wikipedia.org/wiki/Giambattista_Valli,Recommendation,0.0
fashion,Courrèges,https://en.wikipedia.org/wiki/Courr%C3%A8ges,Recommendation,0.0
fashion,Shandi Finnessey,https://en.wikipedia.org/wiki/Shandi_Finnessey,Seed,0.14
fashion,Miss Missouri USA,https://en.wikipedia.org/wiki/Miss_Missouri_USA,Recommendation,0.0
fashion,Ashley Litton,https://en.wikipedia.org/wiki/Ashley_Litton,Recommendation,0.0
fashion,Jennifer Hawkins,https://en.wikipedia.org/wiki/Jennifer_Hawkins,Recommendation,0.0
fashion,Chelsea Cooley,https://en.wikipedia.org/wiki/Chelsea_Cooley,Recommendation,0.0
fashion,Jenna Edwards,https://en.wikipedia.org/wiki/Jenna_Edwards,Recommendation,0.0
fashion,Susie Castillo,https://en.wikipedia.org/wiki/Susie_Castillo,Recommendation,0.0
fashion,Kenzō Takada,https://en.wikipedia.org/wiki/Kenz%C5%8D_Takada,Seed,0.0
fashion,Kenzo (brand),https://en.wikipedia.org/wiki/Kenzo_%28brand%29,Recommendation,0.0
fashion,Givenchy,https://en.wikipedia.org/wiki/Givenchy,Recommendation,0.0
fashion,Carol LaBrie,https://en.wikipedia.org/wiki/Carol_LaBrie,Recommendation,0.0
fashion,Karl Lagerfeld,https://en.wikipedia.org/wiki/Karl_Lagerfeld,Recommendation,0.14
fashion,Dior,https://en.wikipedia.org/wiki/Dior,Recommendation,0.0
fashion,Hubert de Givenchy,https://en.wikipedia.org/wiki/Hubert_de_Givenchy,Recommendation,0.14
fashion,Jourdan Dunn,https://en.wikipedia.org/wiki/Jourdan_Dunn,Seed,0.0
fashion,Chanel Iman,https://en.wikipedia.org/wiki/Chanel_Iman,Recommendation,0.0
fashion,Sessilee Lopez,https://en.wikipedia.org/wiki/Sessilee_Lopez,Recommendation,0.0
fashion,Lily Donaldson,https://en.wikipedia.org/wiki/Lily_Donaldson,Recommendation,0.0
fashion,Joan Smalls,https://en.wikipedia.org/wiki/Joan_Smalls,Recommendation,0.0
fashion,Edita Vilkevičiūtė,https://en.wikipedia.org/wiki/Edita_Vilkevi%C4%8Di%C5%ABt%C4%97,Recommendation,0.0
fashion,Lily McMenamy,https://en.wikipedia.org/wiki/Lily_McMenamy,Recommendation,0.0
fashion,Stephen Jones (milliner),https://en.wikipedia.org/wiki/Stephen_Jones_%28milliner%29,Seed,0.0
fashion,Prudence Millinery,https://en.wikipedia.org/wiki/Prudence_Millinery,Recommendation,0.0
fashion,Claude Saint-Cyr,https://en.wikipedia.org/wiki/Claude_Saint-Cyr,Recommendation,0.0
fashion,Shirley Hex,https://en.wikipedia.org/wiki/Shirley_Hex,Recommendation,0.0
fashion,Mushroom hat,https://en.wikipedia.org/wiki/Mushroom_hat,Recommendation,0.0
fashion,Jennifer Ouellette (milliner),https://en.wikipedia.org/wiki/Jennifer_Ouellette_%28milliner%29,Recommendation,0.0
fashion,Hatmaking,https://en.wikipedia.org/wiki/Hatmaking,Recommendation,0.0
fashion,Diplomatic uniform,https://en.wikipedia.org/wiki/Diplomatic_uniform,Seed,0.0
fashion,Court uniform and dress in the United Kingdom,https://en.wikipedia.org/wiki/Court_uniform_and_dress_in_the_United_Kingdom,Recommendation,0.0
fashion,Court uniform and dress,https://en.wikipedia.org/wiki/Court_uniform_and_dress,Recommendation,0.0
fashion,Mess dress uniform,https://en.wikipedia.org/wiki/Mess_dress_uniform,Recommendation,0.0
fashion,Russian court dress,https://en.wikipedia.org/wiki/Russian_court_dress,Recommendation,0.0
fashion,Uniforms of the Grande Armée,https://en.wikipedia.org/wiki/Uniforms_of_the_Grande_Arm%C3%A9e,Recommendation,0.0
fashion,Uniforms of the Royal Navy,https://en.wikipedia.org/wiki/Uniforms_of_the_Royal_Navy,Recommendation,0.0
fashion,Jil Sander (company),https://en.wikipedia.org/wiki/Jil_Sander_%28company%29,Seed,0.0
fashion,Marni (brand),https://en.wikipedia.org/wiki/Marni_%28brand%29,Recommendation,0.0
fashion,Jil Sander,https://en.wikipedia.org/wiki/Jil_Sander,Recommendation,0.0
fashion,Valentino (fashion house),https://en.wikipedia.org/wiki/Valentino_%28fashion_house%29,Recommendation,0.0
fashion,Prada,https://en.wikipedia.org/wiki/Prada,Recommendation,0.0
fashion,Chloé,https://en.wikipedia.org/wiki/Chlo%C3%A9,Recommendation,0.0
fashion,Miuccia Prada,https://en.wikipedia.org/wiki/Miuccia_Prada,Recommendation,0.29
fashion,Norman Norell,https://en.wikipedia.org/wiki/Norman_Norell,Seed,0.0
fashion,Kenneth Paul Block,https://en.wikipedia.org/wiki/Kenneth_Paul_Block,Recommendation,0.0
fashion,John Moore (fashion designer),https://en.wikipedia.org/wiki/John_Moore_%28fashion_designer%29,Recommendation,0.0
fashion,Christian Francis Roth,https://en.wikipedia.org/wiki/Christian_Francis_Roth,Recommendation,0.0
fashion,Austin Scarlett,https://en.wikipedia.org/wiki/Austin_Scarlett,Recommendation,0.0
fashion,Mollie Parnis,https://en.wikipedia.org/wiki/Mollie_Parnis,Recommendation,0.0
fashion,Stephen Sprouse,https://en.wikipedia.org/wiki/Stephen_Sprouse,Recommendation,0.0
fashion,Trussardi,https://en.wikipedia.org/wiki/Trussardi,Seed,0.0
fashion,Nicola Trussardi,https://en.wikipedia.org/wiki/Nicola_Trussardi,Recommendation,0.0
fashion,Miroglio,https://en.wikipedia.org/wiki/Miroglio,Recommendation,0.0
fashion,Sebastian Suhl,https://en.wikipedia.org/wiki/Sebastian_Suhl,Recommendation,0.0
fashion,Fendi,https://en.wikipedia.org/wiki/Fendi,Recommendation,0.0
fashion,Liu Jo,https://en.wikipedia.org/wiki/Liu_Jo,Recommendation,0.0
fashion,OTB Group,https://en.wikipedia.org/wiki/OTB_Group,Recommendation,0.0
fashion,Yuanlingshan,https://en.wikipedia.org/wiki/Yuanlingshan,Seed,0.0
fashion,Round collar robe,https://en.wikipedia.org/wiki/Round_collar_robe,Recommendation,0.0
fashion,Panling Lanshan,https://en.wikipedia.org/wiki/Panling_Lanshan,Recommendation,0.0
fashion,Fanlingpao,https://en.wikipedia.org/wiki/Fanlingpao,Recommendation,0.0
fashion,Paofu,https://en.wikipedia.org/wiki/Paofu,Recommendation,0.0
fashion,Hufu,https://en.wikipedia.org/wiki/Hufu,Recommendation,0.0
fashion,Garment collars in hanfu,https://en.wikipedia.org/wiki/Garment_collars_in_hanfu,Recommendation,0.0
fashion,Bonnie Cashin,https://en.wikipedia.org/wiki/Bonnie_Cashin,Seed,0.0
fashion,Carolyn Schnurer,https://en.wikipedia.org/wiki/Carolyn_Schnurer,Recommendation,0.0
fashion,Vera Maxwell,https://en.wikipedia.org/wiki/Vera_Maxwell,Recommendation,0.0
fashion,Clare Potter,https://en.wikipedia.org/wiki/Clare_Potter,Recommendation,0.0
fashion,Sportswear (fashion),https://en.wikipedia.org/wiki/Sportswear_%28fashion%29,Recommendation,0.0
fashion,Jeanne S. Campbell,https://en.wikipedia.org/wiki/Jeanne_S._Campbell,Recommendation,0.0
fashion,Bonnie August,https://en.wikipedia.org/wiki/Bonnie_August,Recommendation,0.0
fashion,Plain dress,https://en.wikipedia.org/wiki/Plain_dress,Seed,0.0
fashion,Plain people,https://en.wikipedia.org/wiki/Plain_people,Recommendation,0.14
fashion,Kapp (headcovering),https://en.wikipedia.org/wiki/Kapp_%28headcovering%29,Recommendation,0.0
fashion,Outward holiness,https://en.wikipedia.org/wiki/Outward_holiness,Recommendation,0.0
fashion,Hanging veil,https://en.wikipedia.org/wiki/Hanging_veil,Recommendation,0.0
fashion,Christian clothing,https://en.wikipedia.org/wiki/Christian_clothing,Recommendation,0.0
fashion,Headscarf,https://en.wikipedia.org/wiki/Headscarf,Recommendation,0.0
fashion,Frog (fastening),https://en.wikipedia.org/wiki/Frog_%28fastening%29,Seed,0.0
fashion,Qipao,https://en.wikipedia.org/wiki/Qipao,Recommendation,0.0
fashion,Mandarin collar,https://en.wikipedia.org/wiki/Mandarin_collar,Recommendation,0.0
fashion,Changshan,https://en.wikipedia.org/wiki/Changshan,Recommendation,0.0
fashion,Chinese clothing,https://en.wikipedia.org/wiki/Chinese_clothing,Recommendation,0.0
fashion,Ru (upper garment),https://en.wikipedia.org/wiki/Ru_%28upper_garment%29,Recommendation,0.0
fashion,Chinese knotting,https://en.wikipedia.org/wiki/Chinese_knotting,Recommendation,0.0
fashion,What a Merry-Go-Round,https://en.wikipedia.org/wiki/What_a_Merry-Go-Round,Seed,0.0
fashion,The Overlook (collection),https://en.wikipedia.org/wiki/The_Overlook_%28collection%29,Recommendation,0.0
fashion,Pantheon ad Lucem,https://en.wikipedia.org/wiki/Pantheon_ad_Lucem,Recommendation,0.0
fashion,Shaun Leane (jeweller),https://en.wikipedia.org/wiki/Shaun_Leane_%28jeweller%29,Recommendation,0.0
fashion,The Girl Who Lived in the Tree,https://en.wikipedia.org/wiki/The_Girl_Who_Lived_in_the_Tree,Recommendation,0.29
fashion,Neptune (collection),https://en.wikipedia.org/wiki/Neptune_%28collection%29,Recommendation,0.0
fashion,Deliverance (collection),https://en.wikipedia.org/wiki/Deliverance_%28collection%29,Recommendation,0.14
fashion,Nicola Formichetti,https://en.wikipedia.org/wiki/Nicola_Formichetti,Seed,0.14
fashion,Rick Genest,https://en.wikipedia.org/wiki/Rick_Genest,Recommendation,0.0
fashion,Mariano Vivanco,https://en.wikipedia.org/wiki/Mariano_Vivanco,Recommendation,0.0
fashion,Romain Kremer,https://en.wikipedia.org/wiki/Romain_Kremer,Recommendation,0.0
fashion,Color-code (band),https://en.wikipedia.org/wiki/Color-code_%28band%29,Recommendation,0.0
fashion,Franc Fernandez,https://en.wikipedia.org/wiki/Franc_Fernandez,Recommendation,0.0
fashion,Brandon Maxwell,https://en.wikipedia.org/wiki/Brandon_Maxwell,Recommendation,0.0
fashion,Futou,https://en.wikipedia.org/wiki/Futou,Seed,0.0
fashion,Zhanjiao Futou,https://en.wikipedia.org/wiki/Zhanjiao_Futou,Recommendation,0.0
fashion,Tang official headwear,https://en.wikipedia.org/wiki/Tang_official_headwear,Recommendation,0.0
fashion,Fujin (headgear),https://en.wikipedia.org/wiki/Fujin_%28headgear%29,Recommendation,0.0
fashion,Chinese academic dress,https://en.wikipedia.org/wiki/Chinese_academic_dress,Recommendation,0.0
fashion,Hanfu,https://en.wikipedia.org/wiki/Hanfu,Recommendation,0.0
fashion,Guan (headwear),https://en.wikipedia.org/wiki/Guan_%28headwear%29,Recommendation,0.0
fashion,French fashion,https://en.wikipedia.org/wiki/French_fashion,Seed,0.0
fashion,Paris Fashion Week,https://en.wikipedia.org/wiki/Paris_Fashion_Week,Recommendation,0.0
fashion,Haute couture,https://en.wikipedia.org/wiki/Haute_couture,Recommendation,0.0
fashion,Chanel,https://en.wikipedia.org/wiki/Chanel,Recommendation,0.0
fashion,Hyacinthe Rigaud,https://en.wikipedia.org/wiki/Hyacinthe_Rigaud,Recommendation,0.0
fashion,Italian fashion,https://en.wikipedia.org/wiki/Italian_fashion,Recommendation,0.0
fashion,Marchande de modes,https://en.wikipedia.org/wiki/Marchande_de_modes,Recommendation,0.0
fashion,Jaslene Gonzalez,https://en.wikipedia.org/wiki/Jaslene_Gonzalez,Seed,0.0
fashion,America's Next Top Model season 10,https://en.wikipedia.org/wiki/America%27s_Next_Top_Model_season_10,Recommendation,0.0
fashion,McKey Sullivan,https://en.wikipedia.org/wiki/McKey_Sullivan,Recommendation,0.0
fashion,Sal Stowers,https://en.wikipedia.org/wiki/Sal_Stowers,Recommendation,0.0
fashion,Jourdan Miller,https://en.wikipedia.org/wiki/Jourdan_Miller,Recommendation,0.0
fashion,Lisa D'Amato,https://en.wikipedia.org/wiki/Lisa_D%27Amato,Recommendation,0.0
fashion,Bre Scullark,https://en.wikipedia.org/wiki/Bre_Scullark,Recommendation,0.0
fashion,Joan (collection),https://en.wikipedia.org/wiki/Joan_%28collection%29,Seed,0.0
fashion,The Horn of Plenty,https://en.wikipedia.org/wiki/The_Horn_of_Plenty,Recommendation,0.0
fashion,It's Only a Game (collection),https://en.wikipedia.org/wiki/It%27s_Only_a_Game_%28collection%29,Recommendation,0.0
fashion,Bellmer La Poupée,https://en.wikipedia.org/wiki/Bellmer_La_Poup%C3%A9e,Recommendation,0.0
fashion,Eshu (collection),https://en.wikipedia.org/wiki/Eshu_%28collection%29,Recommendation,0.0
fashion,Natural Dis-tinction Un-natural Selection,https://en.wikipedia.org/wiki/Natural_Dis-tinction_Un-natural_Selection,Recommendation,0.0
fashion,Scanners (collection),https://en.wikipedia.org/wiki/Scanners_%28collection%29,Recommendation,0.0
fashion,Susan Bottomly,https://en.wikipedia.org/wiki/Susan_Bottomly,Seed,0.0
fashion,Chelsea Girls,https://en.wikipedia.org/wiki/Chelsea_Girls,Recommendation,0.0
fashion,Mary Woronov,https://en.wikipedia.org/wiki/Mary_Woronov,Recommendation,0.0
fashion,Since (film),https://en.wikipedia.org/wiki/Since_%28film%29,Recommendation,0.0
fashion,Ingrid Superstar,https://en.wikipedia.org/wiki/Ingrid_Superstar,Recommendation,0.0
fashion,Four Stars (1967 film),https://en.wikipedia.org/wiki/Four_Stars_%281967_film%29,Recommendation,0.0
fashion,Charles Frederick Worth,https://en.wikipedia.org/wiki/Charles_Frederick_Worth,Seed,0.0
fashion,House of Worth,https://en.wikipedia.org/wiki/House_of_Worth,Recommendation,0.0
fashion,Dressmaker,https://en.wikipedia.org/wiki/Dressmaker,Recommendation,0.0
fashion,Georges Doeuillet,https://en.wikipedia.org/wiki/Georges_Doeuillet,Recommendation,0.0
fashion,Madeleine Vionnet,https://en.wikipedia.org/wiki/Madeleine_Vionnet,Recommendation,0.0
fashion,Mainbocher,https://en.wikipedia.org/wiki/Mainbocher,Recommendation,0.0
fashion,Playtex,https://en.wikipedia.org/wiki/Playtex,Seed,0.0
fashion,Hanesbrands,https://en.wikipedia.org/wiki/Hanesbrands,Recommendation,0.0
fashion,Hanes,https://en.wikipedia.org/wiki/Hanes,Recommendation,0.0
fashion,O.b. (brand),https://en.wikipedia.org/wiki/O.b._%28brand%29,Recommendation,0.0
fashion,Joel Smilow,https://en.wikipedia.org/wiki/Joel_Smilow,Recommendation,0.0
fashion,Gildan,https://en.wikipedia.org/wiki/Gildan,Recommendation,0.0
books,The Coral Island,https://en.wikipedia.org/wiki/The_Coral_Island,Seed,0.0
books,The Gorilla Hunters,https://en.wikipedia.org/wiki/The_Gorilla_Hunters,Recommendation,0.0
books,The Island Queen (novel),https://en.wikipedia.org/wiki/The_Island_Queen_%28novel%29,Recommendation,0.0
books,R. M. Ballantyne,https://en.wikipedia.org/wiki/R._M._Ballantyne,Recommendation,0.0
books,Père Goriot,https://en.wikipedia.org/wiki/P%C3%A8re_Goriot,Seed,0.0
books,Vautrin,https://en.wikipedia.org/wiki/Vautrin,Recommendation,0.0
books,La Comédie humaine,https://en.wikipedia.org/wiki/La_Com%C3%A9die_humaine,Recommendation,0.0
books,Eugène de Rastignac,https://en.wikipedia.org/wiki/Eug%C3%A8ne_de_Rastignac,Recommendation,0.0
books,The Hunger Games (novel),https://en.wikipedia.org/wiki/The_Hunger_Games_%28novel%29,Seed,0.0
books,Mockingjay,https://en.wikipedia.org/wiki/Mockingjay,Recommendation,0.0
books,Catching Fire,https://en.wikipedia.org/wiki/Catching_Fire,Recommendation,0.0
books,The Hunger Games,https://en.wikipedia.org/wiki/The_Hunger_Games,Recommendation,0.0
books,Z. Marcas,https://en.wikipedia.org/wiki/Z._Marcas,Seed,0.0
books,Honoré de Balzac,https://en.wikipedia.org/wiki/Honor%C3%A9_de_Balzac,Recommendation,0.0
books,Les Chouans,https://en.wikipedia.org/wiki/Les_Chouans,Recommendation,0.0
books,Anatole Cerfberr,https://en.wikipedia.org/wiki/Anatole_Cerfberr,Recommendation,0.0
books,A Beautiful Crime,https://en.wikipedia.org/wiki/A_Beautiful_Crime,Seed,0.0
books,Christopher Bollen,https://en.wikipedia.org/wiki/Christopher_Bollen,Recommendation,0.0
books,Kendell Foster Crossen,https://en.wikipedia.org/wiki/Kendell_Foster_Crossen,Recommendation,0.0
books,Law & Order: Organized Crime,https://en.wikipedia.org/wiki/Law_%26_Order%3A_Organized_Crime,Recommendation,0.0
books,Louis Lambert (novel),https://en.wikipedia.org/wiki/Louis_Lambert_%28novel%29,Seed,0.0
books,Facino Cane (short story),https://en.wikipedia.org/wiki/Facino_Cane_%28short_story%29,Recommendation,0.0
books,Ewelina Hańska,https://en.wikipedia.org/wiki/Ewelina_Ha%C5%84ska,Recommendation,0.14
books,Un drame au bord de la mer,https://en.wikipedia.org/wiki/Un_drame_au_bord_de_la_mer,Recommendation,0.0
books,The Time Traveler's Wife,https://en.wikipedia.org/wiki/The_Time_Traveler%27s_Wife,Seed,0.0
books,The Time Traveler's Wife (film),https://en.wikipedia.org/wiki/The_Time_Traveler%27s_Wife_%28film%29,Recommendation,0.29
books,Audrey Niffenegger,https://en.wikipedia.org/wiki/Audrey_Niffenegger,Recommendation,0.0
books,MacAdam/Cage,https://en.wikipedia.org/wiki/MacAdam/Cage,Recommendation,0.0
books,Jonathan Strange & Mr Norrell,https://en.wikipedia.org/wiki/Jonathan_Strange_%26_Mr_Norrell,Seed,0.14
books,Jonathan Strange & Mr Norrell (TV series),https://en.wikipedia.org/wiki/Jonathan_Strange_%26_Mr_Norrell_%28TV_series%29,Recommendation,0.14
books,The Ladies of Grace Adieu and Other Stories,https://en.wikipedia.org/wiki/The_Ladies_of_Grace_Adieu_and_Other_Stories,Recommendation,0.14
books,Susanna Clarke,https://en.wikipedia.org/wiki/Susanna_Clarke,Recommendation,0.0
books,"Freedom from Fear: The American People in Depression and War, 1929–1945",https://en.wikipedia.org/wiki/Freedom_from_Fear%3A_The_American_People_in_Depression_and_War%2C_1929%E2%80%931945,Seed,0.0
books,David M. Kennedy (historian),https://en.wikipedia.org/wiki/David_M._Kennedy_%28historian%29,Recommendation,0.0
books,Emergency Relief Appropriation Act of 1935,https://en.wikipedia.org/wiki/Emergency_Relief_Appropriation_Act_of_1935,Recommendation,0.0
books,Freedom from fear,https://en.wikipedia.org/wiki/Freedom_from_fear,Recommendation,0.0
books,A Wizard of Earthsea,https://en.wikipedia.org/wiki/A_Wizard_of_Earthsea,Seed,0.43
books,The Tombs of Atuan,https://en.wikipedia.org/wiki/The_Tombs_of_Atuan,Recommendation,0.29
books,Le Guin and Taoism,https://en.wikipedia.org/wiki/Le_Guin_and_Taoism,Recommendation,0.14
books,Ged (Earthsea),https://en.wikipedia.org/wiki/Ged_%28Earthsea%29,Recommendation,0.0
books,The World Without Us,https://en.wikipedia.org/wiki/The_World_Without_Us,Seed,0.0
books,Safehold,https://en.wikipedia.org/wiki/Safehold,Recommendation,0.0
books,The New York Times Best Seller list,https://en.wikipedia.org/wiki/The_New_York_Times_Best_Seller_list,Recommendation,0.0
books,Bestseller,https://en.wikipedia.org/wiki/Bestseller,Recommendation,0.0
books,Live and Let Die (novel),https://en.wikipedia.org/wiki/Live_and_Let_Die_%28novel%29,Seed,0.0
books,Felix Leiter,https://en.wikipedia.org/wiki/Felix_Leiter,Recommendation,0.0
books,Solitaire (James Bond),https://en.wikipedia.org/wiki/Solitaire_%28James_Bond%29,Recommendation,0.0
books,Le Chiffre,https://en.wikipedia.org/wiki/Le_Chiffre,Recommendation,0.0
books,Boni & Liveright,https://en.wikipedia.org/wiki/Boni_%26_Liveright,Seed,0.0
books,Horace Liveright,https://en.wikipedia.org/wiki/Horace_Liveright,Recommendation,0.0
books,Modern Library,https://en.wikipedia.org/wiki/Modern_Library,Recommendation,0.0
books,Albert Boni,https://en.wikipedia.org/wiki/Albert_Boni,Recommendation,0.0
books,Diamonds Are Forever (novel),https://en.wikipedia.org/wiki/Diamonds_Are_Forever_%28novel%29,Seed,0.0
books,Tiffany Case,https://en.wikipedia.org/wiki/Tiffany_Case,Recommendation,0.0
books,Robert Markham,https://en.wikipedia.org/wiki/Robert_Markham,Recommendation,0.0
books,Operation Goldeneye,https://en.wikipedia.org/wiki/Operation_Goldeneye,Recommendation,0.0
books,David Suzuki: The Autobiography,https://en.wikipedia.org/wiki/David_Suzuki%3A_The_Autobiography,Seed,0.0
books,Tree: A Life Story,https://en.wikipedia.org/wiki/Tree%3A_A_Life_Story,Recommendation,0.0
books,Don Gillmor,https://en.wikipedia.org/wiki/Don_Gillmor,Recommendation,0.0
books,David Suzuki,https://en.wikipedia.org/wiki/David_Suzuki,Recommendation,0.0
books,For Your Eyes Only (short story collection),https://en.wikipedia.org/wiki/For_Your_Eyes_Only_%28short_story_collection%29,Seed,0.14
books,James Bond comic strips,https://en.wikipedia.org/wiki/James_Bond_comic_strips,Recommendation,0.0
books,Ian Fleming Publications,https://en.wikipedia.org/wiki/Ian_Fleming_Publications,Recommendation,0.0
books,Bill Tanner,https://en.wikipedia.org/wiki/Bill_Tanner,Recommendation,0.0
books,Starship Troopers,https://en.wikipedia.org/wiki/Starship_Troopers,Seed,0.71
books,Starship Troopers (franchise),https://en.wikipedia.org/wiki/Starship_Troopers_%28franchise%29,Recommendation,0.0
books,Starship Troopers (film),https://en.wikipedia.org/wiki/Starship_Troopers_%28film%29,Recommendation,0.29
books,Starship Troopers (board wargame),https://en.wikipedia.org/wiki/Starship_Troopers_%28board_wargame%29,Recommendation,0.0
books,True at First Light,https://en.wikipedia.org/wiki/True_at_First_Light,Seed,0.0
books,Under Kilimanjaro,https://en.wikipedia.org/wiki/Under_Kilimanjaro,Recommendation,0.0
books,Patrick Hemingway,https://en.wikipedia.org/wiki/Patrick_Hemingway,Recommendation,0.0
books,Green Hills of Africa,https://en.wikipedia.org/wiki/Green_Hills_of_Africa,Recommendation,0.0
books,Singin' and Swingin' and Gettin' Merry like Christmas,https://en.wikipedia.org/wiki/Singin%27_and_Swingin%27_and_Gettin%27_Merry_like_Christmas,Seed,0.0
books,Themes in Maya Angelou's autobiographies,https://en.wikipedia.org/wiki/Themes_in_Maya_Angelou%27s_autobiographies,Recommendation,0.0
books,Maya Angelou,https://en.wikipedia.org/wiki/Maya_Angelou,Recommendation,0.14
books,Eloise C. Uggams,https://en.wikipedia.org/wiki/Eloise_C._Uggams,Recommendation,0.0
books,The Diamond Smugglers,https://en.wikipedia.org/wiki/The_Diamond_Smugglers,Seed,0.0
books,Chitty-Chitty-Bang-Bang,https://en.wikipedia.org/wiki/Chitty-Chitty-Bang-Bang,Recommendation,0.0
books,M (James Bond),https://en.wikipedia.org/wiki/M_%28James_Bond%29,Recommendation,0.0
books,Per Fine Ounce,https://en.wikipedia.org/wiki/Per_Fine_Ounce,Recommendation,0.0
books,El Señor Presidente,https://en.wikipedia.org/wiki/El_Se%C3%B1or_Presidente,Seed,0.0
books,Miguel Ángel Asturias,https://en.wikipedia.org/wiki/Miguel_%C3%81ngel_Asturias,Recommendation,0.14
books,1917 Guatemala earthquakes,https://en.wikipedia.org/wiki/1917_Guatemala_earthquakes,Recommendation,0.0
books,1967 Nobel Prize in Literature,https://en.wikipedia.org/wiki/1967_Nobel_Prize_in_Literature,Recommendation,0.0
books,The Doorbell Rang,https://en.wikipedia.org/wiki/The_Doorbell_Rang,Seed,0.0
books,Die Like a Dog,https://en.wikipedia.org/wiki/Die_Like_a_Dog,Recommendation,0.0
books,Home to Roost (short story),https://en.wikipedia.org/wiki/Home_to_Roost_%28short_story%29,Recommendation,0.0
books,Nero Wolfe (film),https://en.wikipedia.org/wiki/Nero_Wolfe_%28film%29,Recommendation,0.0
books,"From Russia, with Love (novel)",https://en.wikipedia.org/wiki/From_Russia%2C_with_Love_%28novel%29,Seed,0.0
books,Tatiana Romanova,https://en.wikipedia.org/wiki/Tatiana_Romanova,Recommendation,0.0
books,From Russia with Love (film),https://en.wikipedia.org/wiki/From_Russia_with_Love_%28film%29,Recommendation,0.14
books,From Russia with Love (soundtrack),https://en.wikipedia.org/wiki/From_Russia_with_Love_%28soundtrack%29,Recommendation,0.0
books,Thrilling Cities,https://en.wikipedia.org/wiki/Thrilling_Cities,Seed,0.0
books,Inspirations for James Bond,https://en.wikipedia.org/wiki/Inspirations_for_James_Bond,Recommendation,0.0
books,Queen Anne Press,https://en.wikipedia.org/wiki/Queen_Anne_Press,Recommendation,0.0
books,Evelyn St. Croix Fleming,https://en.wikipedia.org/wiki/Evelyn_St._Croix_Fleming,Recommendation,0.0
books,The Green Child,https://en.wikipedia.org/wiki/The_Green_Child,Seed,0.0
books,Herbert Read,https://en.wikipedia.org/wiki/Herbert_Read,Recommendation,0.0
books,David Goodway,https://en.wikipedia.org/wiki/David_Goodway,Recommendation,0.0
books,James Herbert,https://en.wikipedia.org/wiki/James_Herbert,Recommendation,0.0
books,Ellery Queen's Mystery Magazine,https://en.wikipedia.org/wiki/Ellery_Queen%27s_Mystery_Magazine,Seed,0.0
books,Dave Zeltserman,https://en.wikipedia.org/wiki/Dave_Zeltserman,Recommendation,0.0
books,Paul D. Marks,https://en.wikipedia.org/wiki/Paul_D._Marks,Recommendation,0.0
books,Black Mask (magazine),https://en.wikipedia.org/wiki/Black_Mask_%28magazine%29,Recommendation,0.0
books,Indian Camp,https://en.wikipedia.org/wiki/Indian_Camp,Seed,0.0
books,The Doctor and the Doctor's Wife,https://en.wikipedia.org/wiki/The_Doctor_and_the_Doctor%27s_Wife,Recommendation,0.0
books,Iceberg theory,https://en.wikipedia.org/wiki/Iceberg_theory,Recommendation,0.0
books,The Nick Adams Stories,https://en.wikipedia.org/wiki/The_Nick_Adams_Stories,Recommendation,0.0
books,Some Thoughts Concerning Education,https://en.wikipedia.org/wiki/Some_Thoughts_Concerning_Education,Seed,0.0
books,Thoughts on the Education of Daughters,https://en.wikipedia.org/wiki/Thoughts_on_the_Education_of_Daughters,Recommendation,0.0
books,John Locke,https://en.wikipedia.org/wiki/John_Locke,Recommendation,1.29
books,Original Stories from Real Life,https://en.wikipedia.org/wiki/Original_Stories_from_Real_Life,Recommendation,0.0
books,The Heart of a Woman,https://en.wikipedia.org/wiki/The_Heart_of_a_Woman,Seed,0.0
books,Gather Together in My Name,https://en.wikipedia.org/wiki/Gather_Together_in_My_Name,Recommendation,0.0
books,Wouldn't Take Nothing for My Journey Now,https://en.wikipedia.org/wiki/Wouldn%27t_Take_Nothing_for_My_Journey_Now,Recommendation,0.14
books,On the Pulse of Morning,https://en.wikipedia.org/wiki/On_the_Pulse_of_Morning,Recommendation,0.14
books,Marriage in the works of Jane Austen,https://en.wikipedia.org/wiki/Marriage_in_the_works_of_Jane_Austen,Seed,0.0
books,Pride and Prejudice,https://en.wikipedia.org/wiki/Pride_and_Prejudice,Recommendation,0.0
books,George Wickham,https://en.wikipedia.org/wiki/George_Wickham,Recommendation,0.0
books,Jane Austen's literary universe,https://en.wikipedia.org/wiki/Jane_Austen%27s_literary_universe,Recommendation,0.14
books,In Our Time (short story collection),https://en.wikipedia.org/wiki/In_Our_Time_%28short_story_collection%29,Seed,0.0
books,Out of Season (short story),https://en.wikipedia.org/wiki/Out_of_Season_%28short_story%29,Recommendation,0.0
books,Cross Country Snow,https://en.wikipedia.org/wiki/Cross_Country_Snow,Recommendation,0.0
books,The Battler,https://en.wikipedia.org/wiki/The_Battler,Recommendation,0.0
books,Casino Royale (novel),https://en.wikipedia.org/wiki/Casino_Royale_%28novel%29,Seed,0.0
books,Casino Royale (Climax!),https://en.wikipedia.org/wiki/Casino_Royale_%28Climax%21%29,Recommendation,0.43
books,Vesper Lynd,https://en.wikipedia.org/wiki/Vesper_Lynd,Recommendation,0.0
books,Casino Royale (1967 film),https://en.wikipedia.org/wiki/Casino_Royale_%281967_film%29,Recommendation,0.14
books,The Ordeal of Gilbert Pinfold,https://en.wikipedia.org/wiki/The_Ordeal_of_Gilbert_Pinfold,Seed,0.0
books,Evelyn Waugh,https://en.wikipedia.org/wiki/Evelyn_Waugh,Recommendation,0.57
books,A Handful of Dust,https://en.wikipedia.org/wiki/A_Handful_of_Dust,Recommendation,0.0
books,Narcissus washstand,https://en.wikipedia.org/wiki/Narcissus_washstand,Recommendation,0.0
books,Lot No. 249,https://en.wikipedia.org/wiki/Lot_No._249,Seed,0.0
books,Lot No. 249 (film),https://en.wikipedia.org/wiki/Lot_No._249_%28film%29,Recommendation,0.0
books,Mummy (undead),https://en.wikipedia.org/wiki/Mummy_%28undead%29,Recommendation,0.0
books,Supernatural Horror in Literature,https://en.wikipedia.org/wiki/Supernatural_Horror_in_Literature,Recommendation,0.0
books,Burger's Daughter,https://en.wikipedia.org/wiki/Burger%27s_Daughter,Seed,0.0
books,Nadine Gordimer,https://en.wikipedia.org/wiki/Nadine_Gordimer,Recommendation,0.0
books,What Happened to Burger's Daughter or How South African Censorship Works,https://en.wikipedia.org/wiki/What_Happened_to_Burger%27s_Daughter_or_How_South_African_Censorship_Works,Recommendation,0.14
books,None to Accompany Me,https://en.wikipedia.org/wiki/None_to_Accompany_Me,Recommendation,0.0
books,Goldfinger (novel),https://en.wikipedia.org/wiki/Goldfinger_%28novel%29,Seed,0.0
books,Oddjob,https://en.wikipedia.org/wiki/Oddjob,Recommendation,0.0
books,James Bond,https://en.wikipedia.org/wiki/James_Bond,Recommendation,0.0
books,Trigger Mortis,https://en.wikipedia.org/wiki/Trigger_Mortis,Recommendation,0.14
books,Fictional religion,https://en.wikipedia.org/wiki/Fictional_religion,Seed,0.0
books,Symbiosis in fiction,https://en.wikipedia.org/wiki/Symbiosis_in_fiction,Recommendation,0.0
books,Extrasolar planets in fiction,https://en.wikipedia.org/wiki/Extrasolar_planets_in_fiction,Recommendation,0.0
books,Worldbuilding,https://en.wikipedia.org/wiki/Worldbuilding,Recommendation,0.0
books,Raptor Red,https://en.wikipedia.org/wiki/Raptor_Red,Seed,0.0
books,Robert T. Bakker,https://en.wikipedia.org/wiki/Robert_T._Bakker,Recommendation,0.0
books,Utahraptor,https://en.wikipedia.org/wiki/Utahraptor,Recommendation,0.0
books,Jurassic Fight Club,https://en.wikipedia.org/wiki/Jurassic_Fight_Club,Recommendation,0.43
books,Hogwarts Express (Universal Orlando Resort),https://en.wikipedia.org/wiki/Hogwarts_Express_%28Universal_Orlando_Resort%29,Seed,0.29
books,The Wizarding World of Harry Potter (Universal Orlando Resort),https://en.wikipedia.org/wiki/The_Wizarding_World_of_Harry_Potter_%28Universal_Orlando_Resort%29,Recommendation,0.29
books,The Wizarding World of Harry Potter,https://en.wikipedia.org/wiki/The_Wizarding_World_of_Harry_Potter,Recommendation,0.0
books,The Wizarding World of Harry Potter (Universal Studios Hollywood),https://en.wikipedia.org/wiki/The_Wizarding_World_of_Harry_Potter_%28Universal_Studios_Hollywood%29,Recommendation,0.0
books,Big Two-Hearted River,https://en.wikipedia.org/wiki/Big_Two-Hearted_River,Seed,0.0
books,On Writing (Hemingway),https://en.wikipedia.org/wiki/On_Writing_%28Hemingway%29,Recommendation,0.0
books,Ernest Hemingway,https://en.wikipedia.org/wiki/Ernest_Hemingway,Recommendation,0.57
books,The Sun Also Rises,https://en.wikipedia.org/wiki/The_Sun_Also_Rises,Recommendation,0.0
books,The Man in the Moone,https://en.wikipedia.org/wiki/The_Man_in_the_Moone,Seed,0.0
books,Francis Godwin,https://en.wikipedia.org/wiki/Francis_Godwin,Recommendation,0.0
books,Comical History of the States and Empires of the Moon,https://en.wikipedia.org/wiki/Comical_History_of_the_States_and_Empires_of_the_Moon,Recommendation,0.0
books,Halley (lunar crater),https://en.wikipedia.org/wiki/Halley_%28lunar_crater%29,Recommendation,0.0
books,Paradises Lost,https://en.wikipedia.org/wiki/Paradises_Lost,Seed,0.0
books,The Birthday of the World and Other Stories,https://en.wikipedia.org/wiki/The_Birthday_of_the_World_and_Other_Stories,Recommendation,0.0
books,A Momentary Taste of Being,https://en.wikipedia.org/wiki/A_Momentary_Taste_of_Being,Recommendation,0.0
books,Old Music and the Slave Women,https://en.wikipedia.org/wiki/Old_Music_and_the_Slave_Women,Recommendation,0.0
books,Georgette Heyer,https://en.wikipedia.org/wiki/Georgette_Heyer,Seed,0.0
books,Lady of Quality,https://en.wikipedia.org/wiki/Lady_of_Quality,Recommendation,0.0
books,My Lord John,https://en.wikipedia.org/wiki/My_Lord_John,Recommendation,0.0
books,The Black Moth,https://en.wikipedia.org/wiki/The_Black_Moth,Recommendation,0.0
books,"Lad, A Dog",https://en.wikipedia.org/wiki/Lad%2C_A_Dog,Seed,0.0
books,"Lad, A Dog (film)",https://en.wikipedia.org/wiki/Lad%2C_A_Dog_%28film%29,Recommendation,0.0
books,Further Adventures of Lad,https://en.wikipedia.org/wiki/Further_Adventures_of_Lad,Recommendation,0.0
books,Albert Payson Terhune,https://en.wikipedia.org/wiki/Albert_Payson_Terhune,Recommendation,0.0
books,Thunderball (novel),https://en.wikipedia.org/wiki/Thunderball_%28novel%29,Seed,0.0
books,Thunderball (film),https://en.wikipedia.org/wiki/Thunderball_%28film%29,Recommendation,0.0
books,The Battle for Bond,https://en.wikipedia.org/wiki/The_Battle_for_Bond,Recommendation,0.0
books,Kevin McClory,https://en.wikipedia.org/wiki/Kevin_McClory,Recommendation,0.0
books,Lives of the Most Eminent Literary and Scientific Men,https://en.wikipedia.org/wiki/Lives_of_the_Most_Eminent_Literary_and_Scientific_Men,Seed,0.0
books,The Cabinet Cyclopædia,https://en.wikipedia.org/wiki/The_Cabinet_Cyclop%C3%A6dia,Recommendation,0.0
books,Mary Shelley,https://en.wikipedia.org/wiki/Mary_Shelley,Recommendation,0.29
books,Dionysius Lardner,https://en.wikipedia.org/wiki/Dionysius_Lardner,Recommendation,0.0
books,The Unknown Soldier (novel),https://en.wikipedia.org/wiki/The_Unknown_Soldier_%28novel%29,Seed,0.0
books,The Unknown Soldier (1955 film),https://en.wikipedia.org/wiki/The_Unknown_Soldier_%281955_film%29,Recommendation,0.0
books,The Unknown Soldier (2017 film),https://en.wikipedia.org/wiki/The_Unknown_Soldier_%282017_film%29,Recommendation,0.0
books,The Unknown Soldier (1985 film),https://en.wikipedia.org/wiki/The_Unknown_Soldier_%281985_film%29,Recommendation,0.0
books,E. W. Hornung,https://en.wikipedia.org/wiki/E._W._Hornung,Seed,0.0
books,A. J. Raffles,https://en.wikipedia.org/wiki/A._J._Raffles,Recommendation,0.0
books,Bunny Manders,https://en.wikipedia.org/wiki/Bunny_Manders,Recommendation,0.0
books,Raffles stories and adaptations,https://en.wikipedia.org/wiki/Raffles_stories_and_adaptations,Recommendation,0.0
books,Analytical Review,https://en.wikipedia.org/wiki/Analytical_Review,Seed,0.0
books,Joseph Johnson (publisher),https://en.wikipedia.org/wiki/Joseph_Johnson_%28publisher%29,Recommendation,0.0
books,Memoirs of the Author of A Vindication of the Rights of Woman,https://en.wikipedia.org/wiki/Memoirs_of_the_Author_of_A_Vindication_of_the_Rights_of_Woman,Recommendation,0.14
books,Anti-Jacobin Review,https://en.wikipedia.org/wiki/Anti-Jacobin_Review,Recommendation,0.0
books,A Vindication of the Rights of Men,https://en.wikipedia.org/wiki/A_Vindication_of_the_Rights_of_Men,Seed,0.0
books,A Vindication of the Rights of Woman,https://en.wikipedia.org/wiki/A_Vindication_of_the_Rights_of_Woman,Recommendation,0.0
books,"Letters Written in Sweden, Norway, and Denmark",https://en.wikipedia.org/wiki/Letters_Written_in_Sweden%2C_Norway%2C_and_Denmark,Recommendation,0.0
books,Memoirs of Modern Philosophers,https://en.wikipedia.org/wiki/Memoirs_of_Modern_Philosophers,Recommendation,0.0
music,The Bartered Bride,https://en.wikipedia.org/wiki/The_Bartered_Bride,Seed,0.0
music,Bedřich Smetana,https://en.wikipedia.org/wiki/Bed%C5%99ich_Smetana,Recommendation,0.57
music,Furiant,https://en.wikipedia.org/wiki/Furiant,Recommendation,0.0
music,Provisional Theatre (Prague),https://en.wikipedia.org/wiki/Provisional_Theatre_%28Prague%29,Recommendation,0.0
music,Rebecca Clarke (composer),https://en.wikipedia.org/wiki/Rebecca_Clarke_%28composer%29,Seed,0.0
music,Viola Sonata (Rebecca Clarke),https://en.wikipedia.org/wiki/Viola_Sonata_%28Rebecca_Clarke%29,Recommendation,0.0
music,James Friskin,https://en.wikipedia.org/wiki/James_Friskin,Recommendation,0.0
music,Morpheus (Rebecca Clarke),https://en.wikipedia.org/wiki/Morpheus_%28Rebecca_Clarke%29,Recommendation,0.0
music,South of Heaven,https://en.wikipedia.org/wiki/South_of_Heaven,Seed,0.0
music,Raining Blood,https://en.wikipedia.org/wiki/Raining_Blood,Recommendation,0.0
music,Still Reigning,https://en.wikipedia.org/wiki/Still_Reigning,Recommendation,0.0
music,Eyes of the Insane,https://en.wikipedia.org/wiki/Eyes_of_the_Insane,Recommendation,0.0
music,Leo Ornstein,https://en.wikipedia.org/wiki/Leo_Ornstein,Seed,0.0
music,Wild Men's Dance,https://en.wikipedia.org/wiki/Wild_Men%27s_Dance,Recommendation,0.0
music,Camille Zeckwer,https://en.wikipedia.org/wiki/Camille_Zeckwer,Recommendation,0.0
music,George Antheil,https://en.wikipedia.org/wiki/George_Antheil,Recommendation,0.0
music,Walter Bache,https://en.wikipedia.org/wiki/Walter_Bache,Seed,0.14
music,Frits Hartvigson,https://en.wikipedia.org/wiki/Frits_Hartvigson,Recommendation,0.0
music,War of the Romantics,https://en.wikipedia.org/wiki/War_of_the_Romantics,Recommendation,0.0
music,Franz Liszt,https://en.wikipedia.org/wiki/Franz_Liszt,Recommendation,0.0
music,Acid Tracks,https://en.wikipedia.org/wiki/Acid_Tracks,Seed,0.0
music,DJ Pierre,https://en.wikipedia.org/wiki/DJ_Pierre,Recommendation,0.0
music,Phuture,https://en.wikipedia.org/wiki/Phuture,Recommendation,0.0
music,Chicago house,https://en.wikipedia.org/wiki/Chicago_house,Recommendation,0.0
music,"String Quartets, Op. 50 (Haydn)",https://en.wikipedia.org/wiki/String_Quartets%2C_Op._50_%28Haydn%29,Seed,0.14
music,"String Quartets, Op. 76 (Haydn)",https://en.wikipedia.org/wiki/String_Quartets%2C_Op._76_%28Haydn%29,Recommendation,0.0
music,"String Quartets, Op. 20 (Haydn)",https://en.wikipedia.org/wiki/String_Quartets%2C_Op._20_%28Haydn%29,Recommendation,0.0
music,"String Quartets, Op. 33 (Haydn)",https://en.wikipedia.org/wiki/String_Quartets%2C_Op._33_%28Haydn%29,Recommendation,0.0
music,Want U Back,https://en.wikipedia.org/wiki/Want_U_Back,Seed,0.0
music,Sticks and Stones (Cher Lloyd album),https://en.wikipedia.org/wiki/Sticks_and_Stones_%28Cher_Lloyd_album%29,Recommendation,0.0
music,Oath (song),https://en.wikipedia.org/wiki/Oath_%28song%29,Recommendation,0.0
music,Cher Lloyd,https://en.wikipedia.org/wiki/Cher_Lloyd,Recommendation,0.0
music,Afterglow (Black Country Communion album),https://en.wikipedia.org/wiki/Afterglow_%28Black_Country_Communion_album%29,Seed,0.0
music,Black Country Communion,https://en.wikipedia.org/wiki/Black_Country_Communion,Recommendation,0.0
music,BCCIV,https://en.wikipedia.org/wiki/BCCIV,Recommendation,0.0
music,Black Country Communion (album),https://en.wikipedia.org/wiki/Black_Country_Communion_%28album%29,Recommendation,0.0
music,Poison: Iitai Koto mo Ienai Konna Yo no Naka wa,https://en.wikipedia.org/wiki/Poison%3A_Iitai_Koto_mo_Ienai_Konna_Yo_no_Naka_wa,Seed,0.0
music,Takashi Sorimachi,https://en.wikipedia.org/wiki/Takashi_Sorimachi,Recommendation,0.0
music,Great Teacher Onizuka,https://en.wikipedia.org/wiki/Great_Teacher_Onizuka,Recommendation,0.14
music,Nanako Matsushima,https://en.wikipedia.org/wiki/Nanako_Matsushima,Recommendation,0.0
music,Pierre Monteux,https://en.wikipedia.org/wiki/Pierre_Monteux,Seed,0.0
music,The Rite of Spring,https://en.wikipedia.org/wiki/The_Rite_of_Spring,Recommendation,0.0
music,Thomas Beecham,https://en.wikipedia.org/wiki/Thomas_Beecham,Recommendation,0.0
music,Colonne Orchestra,https://en.wikipedia.org/wiki/Colonne_Orchestra,Recommendation,0.0
music,Title TK,https://en.wikipedia.org/wiki/Title_TK,Seed,0.0
music,Son of Three,https://en.wikipedia.org/wiki/Son_of_Three,Recommendation,0.0
music,Pod (The Breeders album),https://en.wikipedia.org/wiki/Pod_%28The_Breeders_album%29,Recommendation,0.0
music,Pacer (album),https://en.wikipedia.org/wiki/Pacer_%28album%29,Recommendation,0.0
music,Piano Sonata No. 31 (Beethoven),https://en.wikipedia.org/wiki/Piano_Sonata_No._31_%28Beethoven%29,Seed,0.0
music,Piano Sonata No. 29 (Beethoven),https://en.wikipedia.org/wiki/Piano_Sonata_No._29_%28Beethoven%29,Recommendation,0.14
music,Piano Sonata No. 12 (Beethoven),https://en.wikipedia.org/wiki/Piano_Sonata_No._12_%28Beethoven%29,Recommendation,0.0
music,Piano Concerto No. 5 (Beethoven),https://en.wikipedia.org/wiki/Piano_Concerto_No._5_%28Beethoven%29,Recommendation,0.0
music,Der 100. Psalm,https://en.wikipedia.org/wiki/Der_100._Psalm,Seed,0.0
music,Max Reger,https://en.wikipedia.org/wiki/Max_Reger,Recommendation,0.0
music,Reger-Chor,https://en.wikipedia.org/wiki/Reger-Chor,Recommendation,0.0
music,Die Weihe der Nacht,https://en.wikipedia.org/wiki/Die_Weihe_der_Nacht,Recommendation,0.0
music,One More Chance (Madonna song),https://en.wikipedia.org/wiki/One_More_Chance_%28Madonna_song%29,Seed,0.0
music,You'll See,https://en.wikipedia.org/wiki/You%27ll_See,Recommendation,0.0
music,Something to Remember,https://en.wikipedia.org/wiki/Something_to_Remember,Recommendation,0.0
music,Don't Cry for Me Argentina,https://en.wikipedia.org/wiki/Don%27t_Cry_for_Me_Argentina,Recommendation,0.0
music,Nikolai Obukhov,https://en.wikipedia.org/wiki/Nikolai_Obukhov,Seed,0.0
music,Croix Sonore,https://en.wikipedia.org/wiki/Croix_Sonore,Recommendation,0.0
music,Alexander Scriabin,https://en.wikipedia.org/wiki/Alexander_Scriabin,Recommendation,0.0
music,Let It Enfold You,https://en.wikipedia.org/wiki/Let_It_Enfold_You,Seed,0.0
music,The Fire (Senses Fail album),https://en.wikipedia.org/wiki/The_Fire_%28Senses_Fail_album%29,Recommendation,0.0
music,Forget What You Know,https://en.wikipedia.org/wiki/Forget_What_You_Know,Recommendation,0.0
music,"If There Is Light, It Will Find You",https://en.wikipedia.org/wiki/If_There_Is_Light%2C_It_Will_Find_You,Recommendation,0.0
music,Made in the Dark,https://en.wikipedia.org/wiki/Made_in_the_Dark,Seed,0.0
music,Ready for the Floor,https://en.wikipedia.org/wiki/Ready_for_the_Floor,Recommendation,0.0
music,The Warning (Hot Chip album),https://en.wikipedia.org/wiki/The_Warning_%28Hot_Chip_album%29,Recommendation,0.0
music,Hot Chip,https://en.wikipedia.org/wiki/Hot_Chip,Recommendation,0.0
music,Martha (opera),https://en.wikipedia.org/wiki/Martha_%28opera%29,Seed,0.0
music,Martha (1964 film),https://en.wikipedia.org/wiki/Martha_%281964_film%29,Recommendation,0.0
music,Martha (1936 film),https://en.wikipedia.org/wiki/Martha_%281936_film%29,Recommendation,0.0
music,Ruth Hesse,https://en.wikipedia.org/wiki/Ruth_Hesse,Recommendation,0.0
music,Charles Villiers Stanford,https://en.wikipedia.org/wiki/Charles_Villiers_Stanford,Seed,0.0
music,Violin Sonata No. 1 (Stanford),https://en.wikipedia.org/wiki/Violin_Sonata_No._1_%28Stanford%29,Recommendation,0.14
music,Walford Davies,https://en.wikipedia.org/wiki/Walford_Davies,Recommendation,0.0
music,English Musical Renaissance,https://en.wikipedia.org/wiki/English_Musical_Renaissance,Recommendation,0.0
music,Edison Bell,https://en.wikipedia.org/wiki/Edison_Bell,Seed,0.0
music,The Winner Records,https://en.wikipedia.org/wiki/The_Winner_Records,Recommendation,0.0
music,Graphophone,https://en.wikipedia.org/wiki/Graphophone,Recommendation,0.0
music,Phonograph cylinder,https://en.wikipedia.org/wiki/Phonograph_cylinder,Recommendation,0.0
music,Song of Innocence,https://en.wikipedia.org/wiki/Song_of_Innocence,Seed,0.0
music,Songs of Experience (David Axelrod album),https://en.wikipedia.org/wiki/Songs_of_Experience_%28David_Axelrod_album%29,Recommendation,0.0
music,David Axelrod (musician),https://en.wikipedia.org/wiki/David_Axelrod_%28musician%29,Recommendation,0.43
music,Moondance,https://en.wikipedia.org/wiki/Moondance,Recommendation,0.0
music,On a Mission (Katy B album),https://en.wikipedia.org/wiki/On_a_Mission_%28Katy_B_album%29,Seed,0.0
music,Katy B,https://en.wikipedia.org/wiki/Katy_B,Recommendation,0.0
music,Witches' Brew (song),https://en.wikipedia.org/wiki/Witches%27_Brew_%28song%29,Recommendation,0.0
music,Geeneus,https://en.wikipedia.org/wiki/Geeneus,Recommendation,0.0
music,Intimacy (Bloc Party album),https://en.wikipedia.org/wiki/Intimacy_%28Bloc_Party_album%29,Seed,0.0
music,Four (Bloc Party album),https://en.wikipedia.org/wiki/Four_%28Bloc_Party_album%29,Recommendation,0.0
music,Hymns (Bloc Party album),https://en.wikipedia.org/wiki/Hymns_%28Bloc_Party_album%29,Recommendation,0.0
music,Bloc Party,https://en.wikipedia.org/wiki/Bloc_Party,Recommendation,0.29
music,Piano Concerto No. 24 (Mozart),https://en.wikipedia.org/wiki/Piano_Concerto_No._24_%28Mozart%29,Seed,0.14
music,Piano concertos by Wolfgang Amadeus Mozart,https://en.wikipedia.org/wiki/Piano_concertos_by_Wolfgang_Amadeus_Mozart,Recommendation,0.0
music,Piano Concerto No. 20 (Mozart),https://en.wikipedia.org/wiki/Piano_Concerto_No._20_%28Mozart%29,Recommendation,0.14
music,Piano Concerto No. 21 (Mozart),https://en.wikipedia.org/wiki/Piano_Concerto_No._21_%28Mozart%29,Recommendation,0.29
music,Kaikhosru Shapurji Sorabji,https://en.wikipedia.org/wiki/Kaikhosru_Shapurji_Sorabji,Seed,0.0
music,Sequentia cyclica,https://en.wikipedia.org/wiki/Sequentia_cyclica,Recommendation,0.29
music,Gulistan (Sorabji),https://en.wikipedia.org/wiki/Gulistan_%28Sorabji%29,Recommendation,0.29
music,Alistair Hinton,https://en.wikipedia.org/wiki/Alistair_Hinton,Recommendation,0.0
music,Symphony No. 3 (Górecki),https://en.wikipedia.org/wiki/Symphony_No._3_%28G%C3%B3recki%29,Seed,0.0
music,Rafał Augustyn (composer),https://en.wikipedia.org/wiki/Rafa%C5%82_Augustyn_%28composer%29,Recommendation,0.0
music,Henryk Górecki,https://en.wikipedia.org/wiki/Henryk_G%C3%B3recki,Recommendation,0.0
music,Harpsichord Concerto (Górecki),https://en.wikipedia.org/wiki/Harpsichord_Concerto_%28G%C3%B3recki%29,Recommendation,0.0
music,Over the Rainbow (Connie Talbot album),https://en.wikipedia.org/wiki/Over_the_Rainbow_%28Connie_Talbot_album%29,Seed,0.0
music,Connie Talbot,https://en.wikipedia.org/wiki/Connie_Talbot,Recommendation,0.0
music,Three Little Birds,https://en.wikipedia.org/wiki/Three_Little_Birds,Recommendation,0.0
music,Connie Talbot's Christmas Album,https://en.wikipedia.org/wiki/Connie_Talbot%27s_Christmas_Album,Recommendation,0.0
music,Seasons (Ayumi Hamasaki song),https://en.wikipedia.org/wiki/Seasons_%28Ayumi_Hamasaki_song%29,Seed,0.0
music,Far Away (Ayumi Hamasaki song),https://en.wikipedia.org/wiki/Far_Away_%28Ayumi_Hamasaki_song%29,Recommendation,0.0
music,Vogue (Ayumi Hamasaki song),https://en.wikipedia.org/wiki/Vogue_%28Ayumi_Hamasaki_song%29,Recommendation,0.0
music,Surreal (Ayumi Hamasaki song),https://en.wikipedia.org/wiki/Surreal_%28Ayumi_Hamasaki_song%29,Recommendation,0.0
music,John Barbirolli,https://en.wikipedia.org/wiki/John_Barbirolli,Seed,0.0
music,James Loughran,https://en.wikipedia.org/wiki/James_Loughran,Recommendation,0.0
music,Adrian Boult,https://en.wikipedia.org/wiki/Adrian_Boult,Recommendation,0.0
music,Janet Baker,https://en.wikipedia.org/wiki/Janet_Baker,Recommendation,0.0
music,A Perfect Contradiction,https://en.wikipedia.org/wiki/A_Perfect_Contradiction,Seed,0.0
music,Only Love Can Hurt Like This,https://en.wikipedia.org/wiki/Only_Love_Can_Hurt_Like_This,Recommendation,0.0
music,Can't Rely on You,https://en.wikipedia.org/wiki/Can%27t_Rely_on_You,Recommendation,0.0
music,Do You Want the Truth or Something Beautiful?,https://en.wikipedia.org/wiki/Do_You_Want_the_Truth_or_Something_Beautiful%3F,Recommendation,0.0
music,Gabriel Fauré,https://en.wikipedia.org/wiki/Gabriel_Faur%C3%A9,Seed,0.0
music,Piano Quintet No. 1 (Fauré),https://en.wikipedia.org/wiki/Piano_Quintet_No._1_%28Faur%C3%A9%29,Recommendation,0.0
music,Théodore Dubois,https://en.wikipedia.org/wiki/Th%C3%A9odore_Dubois,Recommendation,0.0
music,Piano Quintet No. 2 (Fauré),https://en.wikipedia.org/wiki/Piano_Quintet_No._2_%28Faur%C3%A9%29,Recommendation,0.0
music,A Very Trainor Christmas,https://en.wikipedia.org/wiki/A_Very_Trainor_Christmas,Seed,0.0
music,Holidays (Meghan Trainor song),https://en.wikipedia.org/wiki/Holidays_%28Meghan_Trainor_song%29,Recommendation,0.0
music,Thank You (Meghan Trainor album),https://en.wikipedia.org/wiki/Thank_You_%28Meghan_Trainor_album%29,Recommendation,0.0
music,I'll Be Home (Meghan Trainor song),https://en.wikipedia.org/wiki/I%27ll_Be_Home_%28Meghan_Trainor_song%29,Recommendation,0.0
music,Federico Mompou,https://en.wikipedia.org/wiki/Federico_Mompou,Seed,0.0
music,Carme Bravo,https://en.wikipedia.org/wiki/Carme_Bravo,Recommendation,0.0
music,Cançons i danses,https://en.wikipedia.org/wiki/Can%C3%A7ons_i_danses,Recommendation,0.0
music,Frank Marshall (pianist),https://en.wikipedia.org/wiki/Frank_Marshall_%28pianist%29,Recommendation,0.0
music,Is This It,https://en.wikipedia.org/wiki/Is_This_It,Seed,0.0
music,Last Nite,https://en.wikipedia.org/wiki/Last_Nite,Recommendation,0.0
music,The Strokes,https://en.wikipedia.org/wiki/The_Strokes,Recommendation,0.29
music,Angles (The Strokes album),https://en.wikipedia.org/wiki/Angles_%28The_Strokes_album%29,Recommendation,0.0
music,The Juliana Theory,https://en.wikipedia.org/wiki/The_Juliana_Theory,Seed,0.0
music,Deadbeat Sweetheartbeat,https://en.wikipedia.org/wiki/Deadbeat_Sweetheartbeat,Recommendation,0.0
music,Emotion Is Dead,https://en.wikipedia.org/wiki/Emotion_Is_Dead,Recommendation,0.0
music,Brett Detar,https://en.wikipedia.org/wiki/Brett_Detar,Recommendation,0.0
music,Piano music of Gabriel Fauré,https://en.wikipedia.org/wiki/Piano_music_of_Gabriel_Faur%C3%A9,Seed,0.0
music,Dolly (Fauré),https://en.wikipedia.org/wiki/Dolly_%28Faur%C3%A9%29,Recommendation,0.0
music,Piano Quartet No. 2 (Fauré),https://en.wikipedia.org/wiki/Piano_Quartet_No._2_%28Faur%C3%A9%29,Recommendation,0.0
music,Pavane (Fauré),https://en.wikipedia.org/wiki/Pavane_%28Faur%C3%A9%29,Recommendation,0.0
music,French opera,https://en.wikipedia.org/wiki/French_opera,Seed,0.0
music,Jean-Philippe Rameau,https://en.wikipedia.org/wiki/Jean-Philippe_Rameau,Recommendation,0.0
music,André Campra,https://en.wikipedia.org/wiki/Andr%C3%A9_Campra,Recommendation,0.0
music,Tragédie en musique,https://en.wikipedia.org/wiki/Trag%C3%A9die_en_musique,Recommendation,0.14
music,Carl Nielsen,https://en.wikipedia.org/wiki/Carl_Nielsen,Seed,0.0
music,Symphony No. 3 (Nielsen),https://en.wikipedia.org/wiki/Symphony_No._3_%28Nielsen%29,Recommendation,0.0
music,Violin Concerto (Nielsen),https://en.wikipedia.org/wiki/Violin_Concerto_%28Nielsen%29,Recommendation,0.0
music,Ib Nørholm,https://en.wikipedia.org/wiki/Ib_N%C3%B8rholm,Recommendation,0.0
music,Today (The Smashing Pumpkins song),https://en.wikipedia.org/wiki/Today_%28The_Smashing_Pumpkins_song%29,Seed,0.0
music,Cherub Rock,https://en.wikipedia.org/wiki/Cherub_Rock,Recommendation,0.0
music,The Smashing Pumpkins,https://en.wikipedia.org/wiki/The_Smashing_Pumpkins,Recommendation,0.14
music,Mayonaise (song),https://en.wikipedia.org/wiki/Mayonaise_%28song%29,Recommendation,0.14
music,Savage (Aespa song),https://en.wikipedia.org/wiki/Savage_%28Aespa_song%29,Seed,0.0
music,Black Mamba (song),https://en.wikipedia.org/wiki/Black_Mamba_%28song%29,Recommendation,0.0
music,Savage (EP),https://en.wikipedia.org/wiki/Savage_%28EP%29,Recommendation,0.0
music,Next Level (Aespa song),https://en.wikipedia.org/wiki/Next_Level_%28Aespa_song%29,Recommendation,0.0
music,Disintegration (The Cure album),https://en.wikipedia.org/wiki/Disintegration_%28The_Cure_album%29,Seed,0.0
music,Entreat,https://en.wikipedia.org/wiki/Entreat,Recommendation,0.0
music,Lovesong (The Cure song),https://en.wikipedia.org/wiki/Lovesong_%28The_Cure_song%29,Recommendation,0.0
music,Standing on a Beach,https://en.wikipedia.org/wiki/Standing_on_a_Beach,Recommendation,0.0
music,Lacy (song),https://en.wikipedia.org/wiki/Lacy_%28song%29,Seed,2.43
music,Making the Bed,https://en.wikipedia.org/wiki/Making_the_Bed,Recommendation,0.0
music,Love Is Embarrassing,https://en.wikipedia.org/wiki/Love_Is_Embarrassing,Recommendation,0.0
music,Logical (song),https://en.wikipedia.org/wiki/Logical_%28song%29,Recommendation,0.0
music,I'm God,https://en.wikipedia.org/wiki/I%27m_God,Seed,0.0
music,Clams Casino (musician),https://en.wikipedia.org/wiki/Clams_Casino_%28musician%29,Recommendation,0.0
music,6 Kiss (album),https://en.wikipedia.org/wiki/6_Kiss_%28album%29,Recommendation,0.0
music,Instrumentals (mixtape),https://en.wikipedia.org/wiki/Instrumentals_%28mixtape%29,Recommendation,0.0
music,Camille Saint-Saëns,https://en.wikipedia.org/wiki/Camille_Saint-Sa%C3%ABns,Seed,1.29
music,Jules Massenet,https://en.wikipedia.org/wiki/Jules_Massenet,Recommendation,0.0
music,Société nationale de musique,https://en.wikipedia.org/wiki/Soci%C3%A9t%C3%A9_nationale_de_musique,Recommendation,0.0
music,Phaéton (Saint-Saëns),https://en.wikipedia.org/wiki/Pha%C3%A9ton_%28Saint-Sa%C3%ABns%29,Recommendation,0.0
music,Strapping Young Lad,https://en.wikipedia.org/wiki/Strapping_Young_Lad,Seed,0.0
music,Strapping Young Lad (album),https://en.wikipedia.org/wiki/Strapping_Young_Lad_%28album%29,Recommendation,0.0
music,Jed Simon,https://en.wikipedia.org/wiki/Jed_Simon,Recommendation,0.0
music,Heavy as a Really Heavy Thing,https://en.wikipedia.org/wiki/Heavy_as_a_Really_Heavy_Thing,Recommendation,0.0
music,Anodyne (album),https://en.wikipedia.org/wiki/Anodyne_%28album%29,Seed,0.0
music,A.M. (Wilco album),https://en.wikipedia.org/wiki/A.M._%28Wilco_album%29,Recommendation,0.0
music,Jeff Tweedy,https://en.wikipedia.org/wiki/Jeff_Tweedy,Recommendation,0.0
music,No Depression (album),https://en.wikipedia.org/wiki/No_Depression_%28album%29,Recommendation,0.0
music,No Me Queda Más,https://en.wikipedia.org/wiki/No_Me_Queda_M%C3%A1s,Seed,0.0
music,Fotos y Recuerdos,https://en.wikipedia.org/wiki/Fotos_y_Recuerdos,Recommendation,0.0
music,Amor Prohibido (song),https://en.wikipedia.org/wiki/Amor_Prohibido_%28song%29,Recommendation,0.0
music,Amor Prohibido,https://en.wikipedia.org/wiki/Amor_Prohibido,Recommendation,0.14
music,Requiem (Reger),https://en.wikipedia.org/wiki/Requiem_%28Reger%29,Seed,0.0
music,Der Einsiedler,https://en.wikipedia.org/wiki/Der_Einsiedler,Recommendation,0.0
music,Roland Bader,https://en.wikipedia.org/wiki/Roland_Bader,Recommendation,0.0
music,Philipp Wolfrum,https://en.wikipedia.org/wiki/Philipp_Wolfrum,Recommendation,0.0
music,Deja Vu (Olivia Rodrigo song),https://en.wikipedia.org/wiki/Deja_Vu_%28Olivia_Rodrigo_song%29,Seed,0.14
music,Sour (album),https://en.wikipedia.org/wiki/Sour_%28album%29,Recommendation,1.14
music,Traitor (song),https://en.wikipedia.org/wiki/Traitor_%28song%29,Recommendation,0.71
music,"1 Step Forward, 3 Steps Back",https://en.wikipedia.org/wiki/1_Step_Forward%2C_3_Steps_Back,Recommendation,0.0
performing-arts,Lucia Elizabeth Vestris,https://en.wikipedia.org/wiki/Lucia_Elizabeth_Vestris,Seed,0.0
performing-arts,Olympic Theatre (London),https://en.wikipedia.org/wiki/Olympic_Theatre_%28London%29,Recommendation,0.0
performing-arts,Priscilla Horton,https://en.wikipedia.org/wiki/Priscilla_Horton,Recommendation,0.0
performing-arts,Armand Vestris,https://en.wikipedia.org/wiki/Armand_Vestris,Recommendation,0.0
performing-arts,Lupe Serrano,https://en.wikipedia.org/wiki/Lupe_Serrano,Seed,0.0
performing-arts,Cynthia Harvey,https://en.wikipedia.org/wiki/Cynthia_Harvey,Recommendation,0.0
performing-arts,Jacqueline Kennedy Onassis School,https://en.wikipedia.org/wiki/Jacqueline_Kennedy_Onassis_School,Recommendation,0.0
performing-arts,Stella Abrera,https://en.wikipedia.org/wiki/Stella_Abrera,Recommendation,0.0
performing-arts,Virginia Zeani,https://en.wikipedia.org/wiki/Virginia_Zeani,Seed,0.0
performing-arts,Nicola Rossi-Lemeni,https://en.wikipedia.org/wiki/Nicola_Rossi-Lemeni,Recommendation,0.0
performing-arts,Gabriella Tucci,https://en.wikipedia.org/wiki/Gabriella_Tucci,Recommendation,0.0
performing-arts,Frances Yeend,https://en.wikipedia.org/wiki/Frances_Yeend,Recommendation,0.0
performing-arts,L'Ange de Nisida,https://en.wikipedia.org/wiki/L%27Ange_de_Nisida,Seed,0.0
performing-arts,La favorite,https://en.wikipedia.org/wiki/La_favorite,Recommendation,0.0
performing-arts,Rita (opera),https://en.wikipedia.org/wiki/Rita_%28opera%29,Recommendation,0.0
performing-arts,Gianni di Parigi,https://en.wikipedia.org/wiki/Gianni_di_Parigi,Recommendation,0.0
performing-arts,Salle Ventadour,https://en.wikipedia.org/wiki/Salle_Ventadour,Seed,0.0
performing-arts,Théâtre Feydeau,https://en.wikipedia.org/wiki/Th%C3%A9%C3%A2tre_Feydeau,Recommendation,0.0
performing-arts,Salle de la Bourse,https://en.wikipedia.org/wiki/Salle_de_la_Bourse,Recommendation,0.0
performing-arts,Théâtre des Nouveautés,https://en.wikipedia.org/wiki/Th%C3%A9%C3%A2tre_des_Nouveaut%C3%A9s,Recommendation,0.29
performing-arts,Anna Girò,https://en.wikipedia.org/wiki/Anna_Gir%C3%B2,Seed,0.0
performing-arts,Artaserse (Hasse),https://en.wikipedia.org/wiki/Artaserse_%28Hasse%29,Recommendation,0.14
performing-arts,Telemaco (Scarlatti),https://en.wikipedia.org/wiki/Telemaco_%28Scarlatti%29,Recommendation,0.0
performing-arts,Carlo Curti (Bolognese composer),https://en.wikipedia.org/wiki/Carlo_Curti_%28Bolognese_composer%29,Recommendation,0.0
performing-arts,Stiffelio,https://en.wikipedia.org/wiki/Stiffelio,Seed,0.0
performing-arts,Aroldo,https://en.wikipedia.org/wiki/Aroldo,Recommendation,0.0
performing-arts,Simon Boccanegra,https://en.wikipedia.org/wiki/Simon_Boccanegra,Recommendation,0.14
performing-arts,Francesco Maria Piave,https://en.wikipedia.org/wiki/Francesco_Maria_Piave,Recommendation,0.0
performing-arts,Alceste (Gluck),https://en.wikipedia.org/wiki/Alceste_%28Gluck%29,Seed,0.0
performing-arts,Orfeo ed Euridice,https://en.wikipedia.org/wiki/Orfeo_ed_Euridice,Recommendation,0.14
performing-arts,Admeto,https://en.wikipedia.org/wiki/Admeto,Recommendation,0.14
performing-arts,Giuseppe Millico,https://en.wikipedia.org/wiki/Giuseppe_Millico,Recommendation,0.0
performing-arts,Hamlet (Thomas),https://en.wikipedia.org/wiki/Hamlet_%28Thomas%29,Seed,0.0
performing-arts,Hamlet (1996 film),https://en.wikipedia.org/wiki/Hamlet_%281996_film%29,Recommendation,0.14
performing-arts,Hamlet (2009 film),https://en.wikipedia.org/wiki/Hamlet_%282009_film%29,Recommendation,0.0
performing-arts,Hamlet (1948 film),https://en.wikipedia.org/wiki/Hamlet_%281948_film%29,Recommendation,0.0
performing-arts,Régine Crespin,https://en.wikipedia.org/wiki/R%C3%A9gine_Crespin,Seed,0.0
performing-arts,Leonie Rysanek,https://en.wikipedia.org/wiki/Leonie_Rysanek,Recommendation,0.29
performing-arts,Lucienne Bréval,https://en.wikipedia.org/wiki/Lucienne_Br%C3%A9val,Recommendation,0.0
performing-arts,Gwyneth Jones (soprano),https://en.wikipedia.org/wiki/Gwyneth_Jones_%28soprano%29,Recommendation,0.0
performing-arts,Charles Lecocq,https://en.wikipedia.org/wiki/Charles_Lecocq,Seed,0.0
performing-arts,Léon Battu,https://en.wikipedia.org/wiki/L%C3%A9on_Battu,Recommendation,0.0
performing-arts,Ludovic Halévy,https://en.wikipedia.org/wiki/Ludovic_Hal%C3%A9vy,Recommendation,0.0
performing-arts,Alfred Duru,https://en.wikipedia.org/wiki/Alfred_Duru,Recommendation,0.0
performing-arts,The Royal Opera,https://en.wikipedia.org/wiki/The_Royal_Opera,Seed,0.0
performing-arts,David Webster (opera manager),https://en.wikipedia.org/wiki/David_Webster_%28opera_manager%29,Recommendation,0.0
performing-arts,Joan Carlyle,https://en.wikipedia.org/wiki/Joan_Carlyle,Recommendation,0.0
performing-arts,Kenneth MacMillan,https://en.wikipedia.org/wiki/Kenneth_MacMillan,Recommendation,0.0
performing-arts,"His Majesty's Theatre, London",https://en.wikipedia.org/wiki/His_Majesty%27s_Theatre%2C_London,Seed,0.0
performing-arts,Shaftesbury Theatre,https://en.wikipedia.org/wiki/Shaftesbury_Theatre,Recommendation,0.0
performing-arts,James Henry Mapleson,https://en.wikipedia.org/wiki/James_Henry_Mapleson,Recommendation,0.0
performing-arts,"Lyric Theatre, London",https://en.wikipedia.org/wiki/Lyric_Theatre%2C_London,Recommendation,0.0
performing-arts,Ice dance,https://en.wikipedia.org/wiki/Ice_dance,Seed,0.0
performing-arts,Pair skating,https://en.wikipedia.org/wiki/Pair_skating,Recommendation,0.0
performing-arts,Single skating,https://en.wikipedia.org/wiki/Single_skating,Recommendation,0.14
performing-arts,Rhythm dance,https://en.wikipedia.org/wiki/Rhythm_dance,Recommendation,0.0
performing-arts,Alzira (opera),https://en.wikipedia.org/wiki/Alzira_%28opera%29,Seed,0.0
performing-arts,Salvadore Cammarano,https://en.wikipedia.org/wiki/Salvadore_Cammarano,Recommendation,0.0
performing-arts,Luisa Miller,https://en.wikipedia.org/wiki/Luisa_Miller,Recommendation,0.0
performing-arts,Alzire,https://en.wikipedia.org/wiki/Alzire,Recommendation,0.0
performing-arts,John Moran (composer),https://en.wikipedia.org/wiki/John_Moran_%28composer%29,Seed,0.0
performing-arts,The Manson Family: An Opera,https://en.wikipedia.org/wiki/The_Manson_Family%3A_An_Opera,Recommendation,0.0
performing-arts,Philip Glass,https://en.wikipedia.org/wiki/Philip_Glass,Recommendation,0.0
performing-arts,Eric Salzman,https://en.wikipedia.org/wiki/Eric_Salzman,Recommendation,0.0
performing-arts,Il corsaro,https://en.wikipedia.org/wiki/Il_corsaro,Seed,0.0
performing-arts,I masnadieri,https://en.wikipedia.org/wiki/I_masnadieri,Recommendation,0.0
performing-arts,Ernani,https://en.wikipedia.org/wiki/Ernani,Recommendation,0.0
performing-arts,La traviata,https://en.wikipedia.org/wiki/La_traviata,Recommendation,0.14
performing-arts,Oberto (opera),https://en.wikipedia.org/wiki/Oberto_%28opera%29,Seed,0.0
performing-arts,Giovanna d'Arco,https://en.wikipedia.org/wiki/Giovanna_d%27Arco,Recommendation,0.0
performing-arts,Nabucco,https://en.wikipedia.org/wiki/Nabucco,Recommendation,0.0
performing-arts,Un giorno di regno,https://en.wikipedia.org/wiki/Un_giorno_di_regno,Recommendation,0.0
performing-arts,James B. Whiteside,https://en.wikipedia.org/wiki/James_B._Whiteside,Seed,0.0
performing-arts,Milk (drag queen),https://en.wikipedia.org/wiki/Milk_%28drag_queen%29,Recommendation,0.0
performing-arts,Isabella Boylston,https://en.wikipedia.org/wiki/Isabella_Boylston,Recommendation,0.0
performing-arts,American Ballet Theatre,https://en.wikipedia.org/wiki/American_Ballet_Theatre,Recommendation,0.0
performing-arts,Hippolyte et Aricie,https://en.wikipedia.org/wiki/Hippolyte_et_Aricie,Seed,0.0
performing-arts,Phèdre,https://en.wikipedia.org/wiki/Ph%C3%A8dre,Recommendation,0.0
performing-arts,Ippolito ed Aricia,https://en.wikipedia.org/wiki/Ippolito_ed_Aricia,Recommendation,0.0
performing-arts,Dardanus (Rameau),https://en.wikipedia.org/wiki/Dardanus_%28Rameau%29,Recommendation,0.0
performing-arts,"Gaiety Theatre, London",https://en.wikipedia.org/wiki/Gaiety_Theatre%2C_London,Seed,0.0
performing-arts,George Edwardes,https://en.wikipedia.org/wiki/George_Edwardes,Recommendation,0.0
performing-arts,"Frankenstein, or The Vampire's Victim",https://en.wikipedia.org/wiki/Frankenstein%2C_or_The_Vampire%27s_Victim,Recommendation,0.0
performing-arts,Carmen up to Data,https://en.wikipedia.org/wiki/Carmen_up_to_Data,Recommendation,0.0
performing-arts,Carmen,https://en.wikipedia.org/wiki/Carmen,Seed,0.0
performing-arts,Carmen: Duets & Arias,https://en.wikipedia.org/wiki/Carmen%3A_Duets_%26_Arias,Recommendation,0.0
performing-arts,Marguerite Chapuy,https://en.wikipedia.org/wiki/Marguerite_Chapuy,Recommendation,0.0
performing-arts,Carmen on Ice,https://en.wikipedia.org/wiki/Carmen_on_Ice,Recommendation,0.0
performing-arts,English National Opera,https://en.wikipedia.org/wiki/English_National_Opera,Seed,0.0
performing-arts,Lilian Baylis,https://en.wikipedia.org/wiki/Lilian_Baylis,Recommendation,0.0
performing-arts,Joan Cross,https://en.wikipedia.org/wiki/Joan_Cross,Recommendation,0.0
performing-arts,Sadler's Wells Theatre,https://en.wikipedia.org/wiki/Sadler%27s_Wells_Theatre,Recommendation,0.0
performing-arts,Mireille (opera),https://en.wikipedia.org/wiki/Mireille_%28opera%29,Seed,0.0
performing-arts,Roméo et Juliette,https://en.wikipedia.org/wiki/Rom%C3%A9o_et_Juliette,Recommendation,0.0
performing-arts,La colombe,https://en.wikipedia.org/wiki/La_colombe,Recommendation,0.0
performing-arts,Théâtre Lyrique,https://en.wikipedia.org/wiki/Th%C3%A9%C3%A2tre_Lyrique,Recommendation,0.0
performing-arts,Oscar Asche,https://en.wikipedia.org/wiki/Oscar_Asche,Seed,0.0
performing-arts,Lily Brayton,https://en.wikipedia.org/wiki/Lily_Brayton,Recommendation,0.0
performing-arts,Chu Chin Chow,https://en.wikipedia.org/wiki/Chu_Chin_Chow,Recommendation,0.0
performing-arts,Kismet (play),https://en.wikipedia.org/wiki/Kismet_%28play%29,Recommendation,0.0
performing-arts,Richard Foreman,https://en.wikipedia.org/wiki/Richard_Foreman,Seed,0.0
performing-arts,Stanley Silverman,https://en.wikipedia.org/wiki/Stanley_Silverman,Recommendation,0.0
performing-arts,Juliana Francis,https://en.wikipedia.org/wiki/Juliana_Francis,Recommendation,0.0
performing-arts,David Cote (writer),https://en.wikipedia.org/wiki/David_Cote_%28writer%29,Recommendation,0.0
performing-arts,Me and Juliet,https://en.wikipedia.org/wiki/Me_and_Juliet,Seed,0.0
performing-arts,Allegro (musical),https://en.wikipedia.org/wiki/Allegro_%28musical%29,Recommendation,0.0
performing-arts,South Pacific (musical),https://en.wikipedia.org/wiki/South_Pacific_%28musical%29,Recommendation,0.0
performing-arts,Rodgers and Hammerstein,https://en.wikipedia.org/wiki/Rodgers_and_Hammerstein,Recommendation,0.14
performing-arts,Les pêcheurs de perles,https://en.wikipedia.org/wiki/Les_p%C3%AAcheurs_de_perles,Seed,0.0
performing-arts,Au fond du temple saint,https://en.wikipedia.org/wiki/Au_fond_du_temple_saint,Recommendation,0.0
performing-arts,Alain Vanzo,https://en.wikipedia.org/wiki/Alain_Vanzo,Recommendation,0.0
performing-arts,The Pearl Fishers (film),https://en.wikipedia.org/wiki/The_Pearl_Fishers_%28film%29,Recommendation,0.0
performing-arts,Hamlet,https://en.wikipedia.org/wiki/Hamlet,Seed,0.14
performing-arts,Literary influence of Hamlet,https://en.wikipedia.org/wiki/Literary_influence_of_Hamlet,Recommendation,0.0
performing-arts,Polonius,https://en.wikipedia.org/wiki/Polonius,Recommendation,0.0
performing-arts,Hamlet Q1,https://en.wikipedia.org/wiki/Hamlet_Q1,Recommendation,0.0
performing-arts,Jessie Bartlett Davis,https://en.wikipedia.org/wiki/Jessie_Bartlett_Davis,Seed,0.0
performing-arts,William H. MacDonald,https://en.wikipedia.org/wiki/William_H._MacDonald,Recommendation,0.0
performing-arts,Josephine Hall,https://en.wikipedia.org/wiki/Josephine_Hall,Recommendation,0.0
performing-arts,Dorothy Morton,https://en.wikipedia.org/wiki/Dorothy_Morton,Recommendation,0.0
performing-arts,Annilese Miskimmon,https://en.wikipedia.org/wiki/Annilese_Miskimmon,Seed,0.0
performing-arts,Den Jyske Opera,https://en.wikipedia.org/wiki/Den_Jyske_Opera,Recommendation,0.0
performing-arts,The Winter's Tale (opera),https://en.wikipedia.org/wiki/The_Winter%27s_Tale_%28opera%29,Recommendation,0.0
performing-arts,Janis Kelly (soprano),https://en.wikipedia.org/wiki/Janis_Kelly_%28soprano%29,Recommendation,0.0
performing-arts,Éva Gauthier,https://en.wikipedia.org/wiki/%C3%89va_Gauthier,Seed,0.0
performing-arts,Gail Varina Gilmore,https://en.wikipedia.org/wiki/Gail_Varina_Gilmore,Recommendation,0.0
performing-arts,Kathleen Battle,https://en.wikipedia.org/wiki/Kathleen_Battle,Recommendation,0.0
performing-arts,Rose Bampton,https://en.wikipedia.org/wiki/Rose_Bampton,Recommendation,0.0
performing-arts,Olga Sapphire,https://en.wikipedia.org/wiki/Olga_Sapphire,Seed,0.0
performing-arts,Mari Yonehara,https://en.wikipedia.org/wiki/Mari_Yonehara,Recommendation,0.0
performing-arts,Michiko Matsumoto,https://en.wikipedia.org/wiki/Michiko_Matsumoto,Recommendation,0.14
performing-arts,Mōryō no Hako,https://en.wikipedia.org/wiki/M%C5%8Dry%C5%8D_no_Hako,Recommendation,0.0
performing-arts,Tim Crouch,https://en.wikipedia.org/wiki/Tim_Crouch,Seed,0.0
performing-arts,Helvius Cinna,https://en.wikipedia.org/wiki/Helvius_Cinna,Recommendation,0.0
performing-arts,Our Town,https://en.wikipedia.org/wiki/Our_Town,Recommendation,0.14
performing-arts,Spymonkey,https://en.wikipedia.org/wiki/Spymonkey,Recommendation,0.0
performing-arts,History of Chinese dance,https://en.wikipedia.org/wiki/History_of_Chinese_dance,Seed,0.14
performing-arts,Dance in China,https://en.wikipedia.org/wiki/Dance_in_China,Recommendation,0.0
performing-arts,Chinese ritual music,https://en.wikipedia.org/wiki/Chinese_ritual_music,Recommendation,0.0
performing-arts,Theatre of China,https://en.wikipedia.org/wiki/Theatre_of_China,Recommendation,0.0
performing-arts,Comédie-Italienne,https://en.wikipedia.org/wiki/Com%C3%A9die-Italienne,Seed,0.0
performing-arts,Opéra-Comique,https://en.wikipedia.org/wiki/Op%C3%A9ra-Comique,Recommendation,0.0
performing-arts,Silvia Balletti,https://en.wikipedia.org/wiki/Silvia_Balletti,Recommendation,0.0
performing-arts,Luigi Riccoboni,https://en.wikipedia.org/wiki/Luigi_Riccoboni,Recommendation,0.0
performing-arts,Tina Howe,https://en.wikipedia.org/wiki/Tina_Howe,Seed,0.0
performing-arts,Painting Churches,https://en.wikipedia.org/wiki/Painting_Churches,Recommendation,0.0
performing-arts,Pride's Crossing,https://en.wikipedia.org/wiki/Pride%27s_Crossing,Recommendation,0.0
performing-arts,Coastal Disturbances,https://en.wikipedia.org/wiki/Coastal_Disturbances,Recommendation,0.0
performing-arts,Romeo and Juliet,https://en.wikipedia.org/wiki/Romeo_and_Juliet,Seed,0.0
performing-arts,Characters in Romeo and Juliet,https://en.wikipedia.org/wiki/Characters_in_Romeo_and_Juliet,Recommendation,0.0
performing-arts,Count Paris,https://en.wikipedia.org/wiki/Count_Paris,Recommendation,0.0
performing-arts,Romeo and Juliet (1908 film),https://en.wikipedia.org/wiki/Romeo_and_Juliet_%281908_film%29,Recommendation,0.0
performing-arts,Carousel (musical),https://en.wikipedia.org/wiki/Carousel_%28musical%29,Seed,0.0
performing-arts,Liliom,https://en.wikipedia.org/wiki/Liliom,Recommendation,0.0
performing-arts,Carousel (film),https://en.wikipedia.org/wiki/Carousel_%28film%29,Recommendation,0.0
performing-arts,Soliloquy (song),https://en.wikipedia.org/wiki/Soliloquy_%28song%29,Recommendation,0.0
performing-arts,Vsevolod Meyerhold State Theatre,https://en.wikipedia.org/wiki/Vsevolod_Meyerhold_State_Theatre,Seed,0.0
performing-arts,Vsevolod Meyerhold,https://en.wikipedia.org/wiki/Vsevolod_Meyerhold,Recommendation,0.0
performing-arts,The Bathhouse,https://en.wikipedia.org/wiki/The_Bathhouse,Recommendation,0.0
performing-arts,Porfiri Podobed,https://en.wikipedia.org/wiki/Porfiri_Podobed,Recommendation,0.0
performing-arts,Lost operas by Claudio Monteverdi,https://en.wikipedia.org/wiki/Lost_operas_by_Claudio_Monteverdi,Seed,0.0
performing-arts,L'Arianna,https://en.wikipedia.org/wiki/L%27Arianna,Recommendation,0.0
performing-arts,L'incoronazione di Poppea,https://en.wikipedia.org/wiki/L%27incoronazione_di_Poppea,Recommendation,0.0
performing-arts,L'Orfeo,https://en.wikipedia.org/wiki/L%27Orfeo,Recommendation,0.0
performing-arts,Frederick Lonsdale,https://en.wikipedia.org/wiki/Frederick_Lonsdale,Seed,0.0
performing-arts,The Last of Mrs. Cheyney (play),https://en.wikipedia.org/wiki/The_Last_of_Mrs._Cheyney_%28play%29,Recommendation,0.0
performing-arts,King of Cadonia,https://en.wikipedia.org/wiki/King_of_Cadonia,Recommendation,0.0
performing-arts,Frank Curzon,https://en.wikipedia.org/wiki/Frank_Curzon,Recommendation,0.0
performing-arts,Merle Reskin Theatre,https://en.wikipedia.org/wiki/Merle_Reskin_Theatre,Seed,0.0
performing-arts,Marshall and Fox,https://en.wikipedia.org/wiki/Marshall_and_Fox,Recommendation,0.0
performing-arts,The Theatre School at DePaul University,https://en.wikipedia.org/wiki/The_Theatre_School_at_DePaul_University,Recommendation,0.0
performing-arts,Woods Theatre,https://en.wikipedia.org/wiki/Woods_Theatre,Recommendation,0.0
performing-arts,Boydell Shakespeare Gallery,https://en.wikipedia.org/wiki/Boydell_Shakespeare_Gallery,Seed,0.0
performing-arts,John Boydell,https://en.wikipedia.org/wiki/John_Boydell,Recommendation,0.0
performing-arts,The Seven Ages of Man (painting series),https://en.wikipedia.org/wiki/The_Seven_Ages_of_Man_%28painting_series%29,Recommendation,0.0
performing-arts,Richard Westall,https://en.wikipedia.org/wiki/Richard_Westall,Recommendation,0.0
performing-arts,Creditors (play),https://en.wikipedia.org/wiki/Creditors_%28play%29,Seed,0.0
performing-arts,Creditors (1988 film),https://en.wikipedia.org/wiki/Creditors_%281988_film%29,Recommendation,0.0
performing-arts,To Damascus,https://en.wikipedia.org/wiki/To_Damascus,Recommendation,0.0
performing-arts,The Father (Strindberg play),https://en.wikipedia.org/wiki/The_Father_%28Strindberg_play%29,Recommendation,0.0
performing-arts,David Gordon (choreographer),https://en.wikipedia.org/wiki/David_Gordon_%28choreographer%29,Seed,0.0
performing-arts,Valda Setterfield,https://en.wikipedia.org/wiki/Valda_Setterfield,Recommendation,0.0
performing-arts,Judson Dance Theater,https://en.wikipedia.org/wiki/Judson_Dance_Theater,Recommendation,0.0
performing-arts,James Waring,https://en.wikipedia.org/wiki/James_Waring,Recommendation,0.0
performing-arts,Good People (play),https://en.wikipedia.org/wiki/Good_People_%28play%29,Seed,0.0
performing-arts,David Lindsay-Abaire,https://en.wikipedia.org/wiki/David_Lindsay-Abaire,Recommendation,0.0
performing-arts,Marylouise Burke,https://en.wikipedia.org/wiki/Marylouise_Burke,Recommendation,0.14
performing-arts,Frances McDormand,https://en.wikipedia.org/wiki/Frances_McDormand,Recommendation,0.0
performing-arts,Dorothy Warenskjold,https://en.wikipedia.org/wiki/Dorothy_Warenskjold,Seed,0.0
performing-arts,Mabel Riegelman,https://en.wikipedia.org/wiki/Mabel_Riegelman,Recommendation,0.0
performing-arts,Nina Morgana,https://en.wikipedia.org/wiki/Nina_Morgana,Recommendation,0.0
performing-arts,Verna Osborne,https://en.wikipedia.org/wiki/Verna_Osborne,Recommendation,0.0
performing-arts,Battle of Hernani,https://en.wikipedia.org/wiki/Battle_of_Hernani,Seed,0.0
performing-arts,19th-century French literature,https://en.wikipedia.org/wiki/19th-century_French_literature,Recommendation,0.0
performing-arts,Hernani (drama),https://en.wikipedia.org/wiki/Hernani_%28drama%29,Recommendation,0.0
performing-arts,Paul Meurice,https://en.wikipedia.org/wiki/Paul_Meurice,Recommendation,0.0
performing-arts,Stockholm University of the Arts,https://en.wikipedia.org/wiki/Stockholm_University_of_the_Arts,Seed,0.0
performing-arts,Stockholm Academy of Dramatic Arts,https://en.wikipedia.org/wiki/Stockholm_Academy_of_Dramatic_Arts,Recommendation,0.0
performing-arts,Education in Stockholm,https://en.wikipedia.org/wiki/Education_in_Stockholm,Recommendation,0.0
performing-arts,Dramatiska Institutet,https://en.wikipedia.org/wiki/Dramatiska_Institutet,Recommendation,0.0
sports,York City F.C.,https://en.wikipedia.org/wiki/York_City_F.C.,Seed,0.14
sports,History of York City F.C. (1980–present),https://en.wikipedia.org/wiki/History_of_York_City_F.C._%281980%E2%80%93present%29,Recommendation,0.0
sports,History of York City F.C. (1922–1980),https://en.wikipedia.org/wiki/History_of_York_City_F.C._%281922%E2%80%931980%29,Recommendation,0.0
sports,Bootham Crescent,https://en.wikipedia.org/wiki/Bootham_Crescent,Recommendation,0.0
sports,1896 Summer Olympics,https://en.wikipedia.org/wiki/1896_Summer_Olympics,Seed,0.0
sports,Zappas Olympics,https://en.wikipedia.org/wiki/Zappas_Olympics,Recommendation,0.0
sports,France at the 1896 Summer Olympics,https://en.wikipedia.org/wiki/France_at_the_1896_Summer_Olympics,Recommendation,0.0
sports,Hungary at the 1896 Summer Olympics,https://en.wikipedia.org/wiki/Hungary_at_the_1896_Summer_Olympics,Recommendation,0.0
sports,Ice hockey at the Olympic Games,https://en.wikipedia.org/wiki/Ice_hockey_at_the_Olympic_Games,Seed,0.0
sports,Ice Hockey World Championships,https://en.wikipedia.org/wiki/Ice_Hockey_World_Championships,Recommendation,0.0
sports,Ice hockey at the 1998 Winter Olympics – Men's tournament,https://en.wikipedia.org/wiki/Ice_hockey_at_the_1998_Winter_Olympics_%E2%80%93_Men%27s_tournament,Recommendation,0.0
sports,Ice hockey at the 2006 Winter Olympics – Men's tournament,https://en.wikipedia.org/wiki/Ice_hockey_at_the_2006_Winter_Olympics_%E2%80%93_Men%27s_tournament,Recommendation,0.0
sports,Figure skating at the Olympic Games,https://en.wikipedia.org/wiki/Figure_skating_at_the_Olympic_Games,Seed,0.0
sports,Figure skating at the 2014 Winter Olympics,https://en.wikipedia.org/wiki/Figure_skating_at_the_2014_Winter_Olympics,Recommendation,0.29
sports,Figure skating at the 2018 Winter Olympics,https://en.wikipedia.org/wiki/Figure_skating_at_the_2018_Winter_Olympics,Recommendation,0.0
sports,Figure skating at the 2022 Winter Olympics – Team event,https://en.wikipedia.org/wiki/Figure_skating_at_the_2022_Winter_Olympics_%E2%80%93_Team_event,Recommendation,0.0
sports,Martin Brodeur,https://en.wikipedia.org/wiki/Martin_Brodeur,Seed,0.0
sports,Roman Čechmánek,https://en.wikipedia.org/wiki/Roman_%C4%8Cechm%C3%A1nek,Recommendation,0.0
sports,Marty Turco,https://en.wikipedia.org/wiki/Marty_Turco,Recommendation,0.0
sports,Bernie Parent,https://en.wikipedia.org/wiki/Bernie_Parent,Recommendation,0.0
sports,1956 Winter Olympics,https://en.wikipedia.org/wiki/1956_Winter_Olympics,Seed,0.0
sports,Figure skating at the 1956 Winter Olympics – Men's singles,https://en.wikipedia.org/wiki/Figure_skating_at_the_1956_Winter_Olympics_%E2%80%93_Men%27s_singles,Recommendation,0.0
sports,Figure skating at the 1956 Winter Olympics – Ladies' singles,https://en.wikipedia.org/wiki/Figure_skating_at_the_1956_Winter_Olympics_%E2%80%93_Ladies%27_singles,Recommendation,0.0
sports,Cross-country skiing at the 1956 Winter Olympics – Men's 15 kilometre,https://en.wikipedia.org/wiki/Cross-country_skiing_at_the_1956_Winter_Olympics_%E2%80%93_Men%27s_15_kilometre,Recommendation,0.0
sports,George Hirst,https://en.wikipedia.org/wiki/George_Hirst,Seed,0.0
sports,Wilfred Rhodes,https://en.wikipedia.org/wiki/Wilfred_Rhodes,Recommendation,0.0
sports,Dick Pollard,https://en.wikipedia.org/wiki/Dick_Pollard,Recommendation,0.0
sports,Doug Ring,https://en.wikipedia.org/wiki/Doug_Ring,Recommendation,0.0
sports,First-move advantage in chess,https://en.wikipedia.org/wiki/First-move_advantage_in_chess,Seed,0.0
sports,Bird's Opening,https://en.wikipedia.org/wiki/Bird%27s_Opening,Recommendation,0.0
sports,Modern Benoni,https://en.wikipedia.org/wiki/Modern_Benoni,Recommendation,0.0
sports,Chess opening,https://en.wikipedia.org/wiki/Chess_opening,Recommendation,0.0
sports,Jarome Iginla,https://en.wikipedia.org/wiki/Jarome_Iginla,Seed,0.0
sports,1995–96 Calgary Flames season,https://en.wikipedia.org/wiki/1995%E2%80%9396_Calgary_Flames_season,Recommendation,0.0
sports,2008–09 Calgary Flames season,https://en.wikipedia.org/wiki/2008%E2%80%9309_Calgary_Flames_season,Recommendation,0.0
sports,1996–97 Calgary Flames season,https://en.wikipedia.org/wiki/1996%E2%80%9397_Calgary_Flames_season,Recommendation,0.0
sports,George Macaulay,https://en.wikipedia.org/wiki/George_Macaulay,Seed,0.0
sports,Hedley Verity,https://en.wikipedia.org/wiki/Hedley_Verity,Recommendation,0.0
sports,Len Hutton,https://en.wikipedia.org/wiki/Len_Hutton,Recommendation,0.0
sports,Hugh Trumble,https://en.wikipedia.org/wiki/Hugh_Trumble,Recommendation,0.0
sports,Roy Kilner,https://en.wikipedia.org/wiki/Roy_Kilner,Seed,0.0
sports,Monty Cranfield,https://en.wikipedia.org/wiki/Monty_Cranfield,Recommendation,0.0
sports,Haydon Smith,https://en.wikipedia.org/wiki/Haydon_Smith,Recommendation,0.0
sports,Alec Kennedy,https://en.wikipedia.org/wiki/Alec_Kennedy,Recommendation,0.0
sports,Abe Waddington,https://en.wikipedia.org/wiki/Abe_Waddington,Seed,0.0
sports,Schofield Haigh,https://en.wikipedia.org/wiki/Schofield_Haigh,Recommendation,0.0
sports,Bill Bowes,https://en.wikipedia.org/wiki/Bill_Bowes,Recommendation,0.0
sports,Manny Martindale,https://en.wikipedia.org/wiki/Manny_Martindale,Recommendation,0.0
sports,Leg before wicket,https://en.wikipedia.org/wiki/Leg_before_wicket,Seed,0.0
sports,Laws of Cricket,https://en.wikipedia.org/wiki/Laws_of_Cricket,Recommendation,0.0
sports,Handled the ball,https://en.wikipedia.org/wiki/Handled_the_ball,Recommendation,0.0
sports,Bowled,https://en.wikipedia.org/wiki/Bowled,Recommendation,0.0
sports,Henrik Sedin,https://en.wikipedia.org/wiki/Henrik_Sedin,Seed,0.0
sports,Alexander Edler,https://en.wikipedia.org/wiki/Alexander_Edler,Recommendation,0.0
sports,Alex Burrows,https://en.wikipedia.org/wiki/Alex_Burrows,Recommendation,0.0
sports,Markus Näslund,https://en.wikipedia.org/wiki/Markus_N%C3%A4slund,Recommendation,0.0
sports,Daniel Sedin,https://en.wikipedia.org/wiki/Daniel_Sedin,Seed,0.0
sports,Mikael Samuelsson,https://en.wikipedia.org/wiki/Mikael_Samuelsson,Recommendation,0.0
sports,Thomas Gradin,https://en.wikipedia.org/wiki/Thomas_Gradin,Recommendation,0.0
sports,Vancouver Canucks,https://en.wikipedia.org/wiki/Vancouver_Canucks,Recommendation,0.43
sports,Ray Emery,https://en.wikipedia.org/wiki/Ray_Emery,Seed,0.0
sports,Brian Elliott,https://en.wikipedia.org/wiki/Brian_Elliott,Recommendation,0.0
sports,Michael Leighton,https://en.wikipedia.org/wiki/Michael_Leighton,Recommendation,0.0
sports,Craig Anderson (ice hockey),https://en.wikipedia.org/wiki/Craig_Anderson_%28ice_hockey%29,Recommendation,0.0
sports,2009 Giro d'Italia,https://en.wikipedia.org/wiki/2009_Giro_d%27Italia,Seed,0.0
sports,"2009 Giro d'Italia, Stage 12 to Stage 21",https://en.wikipedia.org/wiki/2009_Giro_d%27Italia%2C_Stage_12_to_Stage_21,Recommendation,0.0
sports,2008 Giro d'Italia,https://en.wikipedia.org/wiki/2008_Giro_d%27Italia,Recommendation,0.0
sports,2010 Giro d'Italia,https://en.wikipedia.org/wiki/2010_Giro_d%27Italia,Recommendation,0.0
sports,Liverpool F.C. in international football,https://en.wikipedia.org/wiki/Liverpool_F.C._in_international_football,Seed,0.43
sports,1981 European Cup final,https://en.wikipedia.org/wiki/1981_European_Cup_final,Recommendation,0.0
sports,2016 UEFA Europa League final,https://en.wikipedia.org/wiki/2016_UEFA_Europa_League_final,Recommendation,0.0
sports,English football clubs in international competitions,https://en.wikipedia.org/wiki/English_football_clubs_in_international_competitions,Recommendation,0.0
sports,Bart King,https://en.wikipedia.org/wiki/Bart_King,Seed,0.0
sports,Philadelphian cricket team,https://en.wikipedia.org/wiki/Philadelphian_cricket_team,Recommendation,0.0
sports,Philadelphian cricket team in England in 1897,https://en.wikipedia.org/wiki/Philadelphian_cricket_team_in_England_in_1897,Recommendation,0.0
sports,John Lester,https://en.wikipedia.org/wiki/John_Lester,Recommendation,0.0
sports,William Hillcourt,https://en.wikipedia.org/wiki/William_Hillcourt,Seed,0.0
sports,Wood Badge (Scouting America),https://en.wikipedia.org/wiki/Wood_Badge_%28Scouting_America%29,Recommendation,0.0
sports,History of Scouting America,https://en.wikipedia.org/wiki/History_of_Scouting_America,Recommendation,0.0
sports,Scouts BSA,https://en.wikipedia.org/wiki/Scouts_BSA,Recommendation,0.0
sports,Trevor Linden,https://en.wikipedia.org/wiki/Trevor_Linden,Seed,0.0
sports,Garth Butcher,https://en.wikipedia.org/wiki/Garth_Butcher,Recommendation,0.0
sports,History of the Vancouver Canucks,https://en.wikipedia.org/wiki/History_of_the_Vancouver_Canucks,Recommendation,0.0
sports,Stan Smyl,https://en.wikipedia.org/wiki/Stan_Smyl,Recommendation,0.0
sports,Howie Morenz,https://en.wikipedia.org/wiki/Howie_Morenz,Seed,0.0
sports,Howie Morenz Memorial Game,https://en.wikipedia.org/wiki/Howie_Morenz_Memorial_Game,Recommendation,0.0
sports,1923–24 NHL season,https://en.wikipedia.org/wiki/1923%E2%80%9324_NHL_season,Recommendation,0.0
sports,1932–33 Montreal Canadiens season,https://en.wikipedia.org/wiki/1932%E2%80%9333_Montreal_Canadiens_season,Recommendation,0.0
sports,Bids for the 2012 Summer Olympics,https://en.wikipedia.org/wiki/Bids_for_the_2012_Summer_Olympics,Seed,0.0
sports,Bids for the 2016 Summer Olympics,https://en.wikipedia.org/wiki/Bids_for_the_2016_Summer_Olympics,Recommendation,0.0
sports,Bids for the 2020 Summer Olympics,https://en.wikipedia.org/wiki/Bids_for_the_2020_Summer_Olympics,Recommendation,0.0
sports,Madrid bid for the 2016 Summer Olympics,https://en.wikipedia.org/wiki/Madrid_bid_for_the_2016_Summer_Olympics,Recommendation,0.0
sports,Ernie Toshack,https://en.wikipedia.org/wiki/Ernie_Toshack,Seed,0.0
sports,Ray Lindwall,https://en.wikipedia.org/wiki/Ray_Lindwall,Recommendation,0.14
sports,1948 Ashes series,https://en.wikipedia.org/wiki/1948_Ashes_series,Recommendation,0.0
sports,Australian cricket team in England in 1948,https://en.wikipedia.org/wiki/Australian_cricket_team_in_England_in_1948,Recommendation,0.0
sports,Jack Crawford (cricketer),https://en.wikipedia.org/wiki/Jack_Crawford_%28cricketer%29,Seed,0.0
sports,Clem Hill,https://en.wikipedia.org/wiki/Clem_Hill,Recommendation,0.0
sports,Jack Hobbs,https://en.wikipedia.org/wiki/Jack_Hobbs,Recommendation,0.0
sports,Ian Johnson (cricketer),https://en.wikipedia.org/wiki/Ian_Johnson_%28cricketer%29,Recommendation,0.0
sports,Bernard Bosanquet (cricketer),https://en.wikipedia.org/wiki/Bernard_Bosanquet_%28cricketer%29,Seed,0.0
sports,Aubrey Faulkner,https://en.wikipedia.org/wiki/Aubrey_Faulkner,Recommendation,0.0
sports,Bert Vogler,https://en.wikipedia.org/wiki/Bert_Vogler,Recommendation,0.0
sports,Doug Wright (cricketer),https://en.wikipedia.org/wiki/Doug_Wright_%28cricketer%29,Recommendation,0.0
sports,Tiny Thompson,https://en.wikipedia.org/wiki/Tiny_Thompson,Seed,0.0
sports,Tuukka Rask,https://en.wikipedia.org/wiki/Tuukka_Rask,Recommendation,0.0
sports,Frank Brimsek,https://en.wikipedia.org/wiki/Frank_Brimsek,Recommendation,0.0
sports,"Tim Thomas (ice hockey, born 1974)",https://en.wikipedia.org/wiki/Tim_Thomas_%28ice_hockey%2C_born_1974%29,Recommendation,0.0
sports,Bobby Peel,https://en.wikipedia.org/wiki/Bobby_Peel,Seed,0.0
sports,Wally Hammond,https://en.wikipedia.org/wiki/Wally_Hammond,Recommendation,0.0
sports,Australian cricket team in England in 1884,https://en.wikipedia.org/wiki/Australian_cricket_team_in_England_in_1884,Recommendation,0.0
sports,"Martin Hawke, 7th Baron Hawke",https://en.wikipedia.org/wiki/Martin_Hawke%2C_7th_Baron_Hawke,Recommendation,0.0
sports,Arthur Mold,https://en.wikipedia.org/wiki/Arthur_Mold,Seed,0.0
sports,Geoff Griffin,https://en.wikipedia.org/wiki/Geoff_Griffin,Recommendation,0.0
sports,John Aldridge (cricketer),https://en.wikipedia.org/wiki/John_Aldridge_%28cricketer%29,Recommendation,0.0
sports,Willis Cuttell,https://en.wikipedia.org/wiki/Willis_Cuttell,Recommendation,0.0
sports,Luc Bourdon,https://en.wikipedia.org/wiki/Luc_Bourdon,Seed,0.0
sports,Yann Sauvé,https://en.wikipedia.org/wiki/Yann_Sauv%C3%A9,Recommendation,0.0
sports,Steve Bernier,https://en.wikipedia.org/wiki/Steve_Bernier,Recommendation,0.0
sports,Cody Hodgson,https://en.wikipedia.org/wiki/Cody_Hodgson,Recommendation,0.0
sports,Ben Paschal,https://en.wikipedia.org/wiki/Ben_Paschal,Seed,0.0
sports,Sammy Vick,https://en.wikipedia.org/wiki/Sammy_Vick,Recommendation,0.0
sports,Norm Siebern,https://en.wikipedia.org/wiki/Norm_Siebern,Recommendation,0.0
sports,Allie Clark,https://en.wikipedia.org/wiki/Allie_Clark,Recommendation,0.0
sports,Mike Capel,https://en.wikipedia.org/wiki/Mike_Capel,Seed,0.0
sports,Kerry Wood,https://en.wikipedia.org/wiki/Kerry_Wood,Recommendation,0.0
sports,Justin Grimm,https://en.wikipedia.org/wiki/Justin_Grimm,Recommendation,0.0
sports,Randy Wells,https://en.wikipedia.org/wiki/Randy_Wells,Recommendation,0.0
sports,FC Porto in international football,https://en.wikipedia.org/wiki/FC_Porto_in_international_football,Seed,0.43
sports,2003–04 UEFA Champions League,https://en.wikipedia.org/wiki/2003%E2%80%9304_UEFA_Champions_League,Recommendation,0.0
sports,1998–99 UEFA Champions League,https://en.wikipedia.org/wiki/1998%E2%80%9399_UEFA_Champions_League,Recommendation,0.0
sports,2008–09 UEFA Champions League,https://en.wikipedia.org/wiki/2008%E2%80%9309_UEFA_Champions_League,Recommendation,0.0
sports,Lionel Palairet,https://en.wikipedia.org/wiki/Lionel_Palairet,Seed,0.0
sports,Mandy Mitchell-Innes,https://en.wikipedia.org/wiki/Mandy_Mitchell-Innes,Recommendation,0.0
sports,Bill Roe (cricketer),https://en.wikipedia.org/wiki/Bill_Roe_%28cricketer%29,Recommendation,0.0
sports,Somerset County Cricket Club in 1891,https://en.wikipedia.org/wiki/Somerset_County_Cricket_Club_in_1891,Recommendation,0.0
sports,Nikita Filatov,https://en.wikipedia.org/wiki/Nikita_Filatov,Seed,0.0
sports,Geoff Platt,https://en.wikipedia.org/wiki/Geoff_Platt,Recommendation,0.0
sports,"Daniil Tarasov (ice hockey, born 1999)",https://en.wikipedia.org/wiki/Daniil_Tarasov_%28ice_hockey%2C_born_1999%29,Recommendation,0.0
sports,Vyacheslav Kozlov,https://en.wikipedia.org/wiki/Vyacheslav_Kozlov,Recommendation,0.0
sports,George H. D. Gossip,https://en.wikipedia.org/wiki/George_H._D._Gossip,Seed,0.0
sports,Joseph Henry Blackburne,https://en.wikipedia.org/wiki/Joseph_Henry_Blackburne,Recommendation,0.0
sports,Francis Joseph Lee,https://en.wikipedia.org/wiki/Francis_Joseph_Lee,Recommendation,0.0
sports,James Hanham,https://en.wikipedia.org/wiki/James_Hanham,Recommendation,0.0
sports,Herbie Hewett,https://en.wikipedia.org/wiki/Herbie_Hewett,Seed,0.0
sports,Sammy Woods,https://en.wikipedia.org/wiki/Sammy_Woods,Recommendation,0.0
sports,Somerset County Cricket Club in 1885,https://en.wikipedia.org/wiki/Somerset_County_Cricket_Club_in_1885,Recommendation,0.0
sports,Ted Sainsbury,https://en.wikipedia.org/wiki/Ted_Sainsbury,Recommendation,0.0
sports,Chris Gragg,https://en.wikipedia.org/wiki/Chris_Gragg,Seed,0.0
sports,Charles Clay (American football),https://en.wikipedia.org/wiki/Charles_Clay_%28American_football%29,Recommendation,0.0
sports,Hunter Henry,https://en.wikipedia.org/wiki/Hunter_Henry,Recommendation,0.14
sports,O. J. Howard,https://en.wikipedia.org/wiki/O._J._Howard,Recommendation,0.0
sports,Louis Leblanc,https://en.wikipedia.org/wiki/Louis_Leblanc,Seed,0.0
sports,Sean Farrell (ice hockey),https://en.wikipedia.org/wiki/Sean_Farrell_%28ice_hockey%29,Recommendation,0.0
sports,Ryan Poehling,https://en.wikipedia.org/wiki/Ryan_Poehling,Recommendation,0.0
sports,Maxim Lapierre,https://en.wikipedia.org/wiki/Maxim_Lapierre,Recommendation,0.0
sports,Tommy Phillips,https://en.wikipedia.org/wiki/Tommy_Phillips,Seed,0.0
sports,Kenora Thistles,https://en.wikipedia.org/wiki/Kenora_Thistles,Recommendation,0.0
sports,Billy McGimsie,https://en.wikipedia.org/wiki/Billy_McGimsie,Recommendation,0.0
sports,Eddie Giroux,https://en.wikipedia.org/wiki/Eddie_Giroux,Recommendation,0.0
sports,Roy Marshall,https://en.wikipedia.org/wiki/Roy_Marshall,Seed,0.0
sports,Barry Reed (cricketer),https://en.wikipedia.org/wiki/Barry_Reed_%28cricketer%29,Recommendation,0.0
sports,Jimmy Gray (English cricketer),https://en.wikipedia.org/wiki/Jimmy_Gray_%28English_cricketer%29,Recommendation,0.0
sports,Everton Weekes,https://en.wikipedia.org/wiki/Everton_Weekes,Recommendation,0.0
sports,Michael Boulding,https://en.wikipedia.org/wiki/Michael_Boulding,Seed,0.0
sports,Rory Boulding,https://en.wikipedia.org/wiki/Rory_Boulding,Recommendation,0.0
sports,Barry Conlon,https://en.wikipedia.org/wiki/Barry_Conlon,Recommendation,0.0
sports,Isaiah Rankin,https://en.wikipedia.org/wiki/Isaiah_Rankin,Recommendation,0.0
sports,Lindon Meikle,https://en.wikipedia.org/wiki/Lindon_Meikle,Seed,0.0
sports,Matt Rhead,https://en.wikipedia.org/wiki/Matt_Rhead,Recommendation,0.0
sports,"Luke Graham (footballer, born 1986)",https://en.wikipedia.org/wiki/Luke_Graham_%28footballer%2C_born_1986%29,Recommendation,0.0
sports,Lathaniel Rowe-Turner,https://en.wikipedia.org/wiki/Lathaniel_Rowe-Turner,Recommendation,0.0
sports,Jannik Hansen,https://en.wikipedia.org/wiki/Jannik_Hansen,Seed,0.0
sports,Nicklas Jensen,https://en.wikipedia.org/wiki/Nicklas_Jensen,Recommendation,0.0
sports,Jordan Schroeder,https://en.wikipedia.org/wiki/Jordan_Schroeder,Recommendation,0.0
sports,Sergei Shirokov,https://en.wikipedia.org/wiki/Sergei_Shirokov,Recommendation,0.0
sports,Agon Mehmeti,https://en.wikipedia.org/wiki/Agon_Mehmeti,Seed,0.0
sports,Ivo Pękalski,https://en.wikipedia.org/wiki/Ivo_P%C4%99kalski,Recommendation,0.0
sports,Guillermo Molins,https://en.wikipedia.org/wiki/Guillermo_Molins,Recommendation,0.0
sports,Markus Rosenberg,https://en.wikipedia.org/wiki/Markus_Rosenberg,Recommendation,0.0
sports,"Scott Robertson (footballer, born 1985)",https://en.wikipedia.org/wiki/Scott_Robertson_%28footballer%2C_born_1985%29,Seed,0.0
sports,Jamie Gullan,https://en.wikipedia.org/wiki/Jamie_Gullan,Recommendation,0.0
sports,James Keatings,https://en.wikipedia.org/wiki/James_Keatings,Recommendation,0.0
sports,Scott Allan,https://en.wikipedia.org/wiki/Scott_Allan,Recommendation,0.0
sports,Roy Conacher,https://en.wikipedia.org/wiki/Roy_Conacher,Seed,0.0
sports,Charlie Conacher,https://en.wikipedia.org/wiki/Charlie_Conacher,Recommendation,0.0
sports,Murray Henderson (ice hockey),https://en.wikipedia.org/wiki/Murray_Henderson_%28ice_hockey%29,Recommendation,0.0
sports,Busher Jackson,https://en.wikipedia.org/wiki/Busher_Jackson,Recommendation,0.0
sports,1982 Formula One World Championship,https://en.wikipedia.org/wiki/1982_Formula_One_World_Championship,Seed,0.0
sports,1982 San Marino Grand Prix,https://en.wikipedia.org/wiki/1982_San_Marino_Grand_Prix,Recommendation,0.0
sports,1981 Formula One World Championship,https://en.wikipedia.org/wiki/1981_Formula_One_World_Championship,Recommendation,0.0
sports,1981 Austrian Grand Prix,https://en.wikipedia.org/wiki/1981_Austrian_Grand_Prix,Recommendation,0.0
sports,Cycling at the 2008 Summer Olympics – Men's individual road race,https://en.wikipedia.org/wiki/Cycling_at_the_2008_Summer_Olympics_%E2%80%93_Men%27s_individual_road_race,Seed,0.0
sports,Cycling at the 2008 Summer Olympics – Women's individual road race,https://en.wikipedia.org/wiki/Cycling_at_the_2008_Summer_Olympics_%E2%80%93_Women%27s_individual_road_race,Recommendation,0.0
sports,Cycling at the 2008 Summer Olympics – Men's road time trial,https://en.wikipedia.org/wiki/Cycling_at_the_2008_Summer_Olympics_%E2%80%93_Men%27s_road_time_trial,Recommendation,0.0
sports,Cycling at the 2012 Summer Olympics – Men's road time trial,https://en.wikipedia.org/wiki/Cycling_at_the_2012_Summer_Olympics_%E2%80%93_Men%27s_road_time_trial,Recommendation,0.0
sports,Hod Stuart,https://en.wikipedia.org/wiki/Hod_Stuart,Seed,0.0
sports,1907–08 ECAHA season,https://en.wikipedia.org/wiki/1907%E2%80%9308_ECAHA_season,Recommendation,0.0
sports,Bruce Stuart,https://en.wikipedia.org/wiki/Bruce_Stuart,Recommendation,0.0
sports,Rod Kennedy,https://en.wikipedia.org/wiki/Rod_Kennedy,Recommendation,0.0
films,Not One Less,https://en.wikipedia.org/wiki/Not_One_Less,Seed,0.0
films,Zhang Yimou,https://en.wikipedia.org/wiki/Zhang_Yimou,Recommendation,0.0
films,The Road Home (1999 film),https://en.wikipedia.org/wiki/The_Road_Home_%281999_film%29,Recommendation,0.0
films,To Live (1994 film),https://en.wikipedia.org/wiki/To_Live_%281994_film%29,Recommendation,0.29
films,"Hey, Hey, It's Esther Blueburger",https://en.wikipedia.org/wiki/Hey%2C_Hey%2C_It%27s_Esther_Blueburger,Seed,0.0
films,Danielle Catanzariti,https://en.wikipedia.org/wiki/Danielle_Catanzariti,Recommendation,0.0
films,Keisha Castle-Hughes,https://en.wikipedia.org/wiki/Keisha_Castle-Hughes,Recommendation,0.0
films,Christian Byers,https://en.wikipedia.org/wiki/Christian_Byers,Recommendation,0.0
films,Little Miss Sunshine,https://en.wikipedia.org/wiki/Little_Miss_Sunshine,Seed,0.14
films,Michael Arndt,https://en.wikipedia.org/wiki/Michael_Arndt,Recommendation,0.0
films,Abigail Breslin,https://en.wikipedia.org/wiki/Abigail_Breslin,Recommendation,0.0
films,Jonathan Dayton and Valerie Faris,https://en.wikipedia.org/wiki/Jonathan_Dayton_and_Valerie_Faris,Recommendation,0.0
films,Mahal (1949 film),https://en.wikipedia.org/wiki/Mahal_%281949_film%29,Seed,0.0
films,Khemchand Prakash,https://en.wikipedia.org/wiki/Khemchand_Prakash,Recommendation,0.0
films,Aayega Aanewala,https://en.wikipedia.org/wiki/Aayega_Aanewala,Recommendation,0.0
films,Kamal Amrohi,https://en.wikipedia.org/wiki/Kamal_Amrohi,Recommendation,0.29
films,Sense and Sensibility (1995 film),https://en.wikipedia.org/wiki/Sense_and_Sensibility_%281995_film%29,Seed,0.43
films,Marianne Dashwood,https://en.wikipedia.org/wiki/Marianne_Dashwood,Recommendation,0.0
films,Sense and Sensibility,https://en.wikipedia.org/wiki/Sense_and_Sensibility,Recommendation,0.0
films,John Willoughby,https://en.wikipedia.org/wiki/John_Willoughby,Recommendation,0.0
films,Utapau,https://en.wikipedia.org/wiki/Utapau,Seed,0.0
films,General Grievous,https://en.wikipedia.org/wiki/General_Grievous,Recommendation,0.43
films,Obi-Wan Kenobi,https://en.wikipedia.org/wiki/Obi-Wan_Kenobi,Recommendation,0.0
films,Count Dooku,https://en.wikipedia.org/wiki/Count_Dooku,Recommendation,0.14
films,Squirm,https://en.wikipedia.org/wiki/Squirm,Seed,0.0
films,Don Scardino,https://en.wikipedia.org/wiki/Don_Scardino,Recommendation,0.0
films,Soultaker (film),https://en.wikipedia.org/wiki/Soultaker_%28film%29,Recommendation,0.0
films,Mystery Science Theater 3000,https://en.wikipedia.org/wiki/Mystery_Science_Theater_3000,Recommendation,1.86
films,American Beauty (1999 film),https://en.wikipedia.org/wiki/American_Beauty_%281999_film%29,Seed,0.0
films,Tie Me Up! Tie Me Down!,https://en.wikipedia.org/wiki/Tie_Me_Up%21_Tie_Me_Down%21,Recommendation,0.0
films,Sleepaway Camp,https://en.wikipedia.org/wiki/Sleepaway_Camp,Recommendation,0.14
films,Pay It Forward (film),https://en.wikipedia.org/wiki/Pay_It_Forward_%28film%29,Recommendation,0.0
films,The Prey (1983 film),https://en.wikipedia.org/wiki/The_Prey_%281983_film%29,Seed,0.0
films,The Initiation (film),https://en.wikipedia.org/wiki/The_Initiation_%28film%29,Recommendation,0.0
films,Satan's Blade,https://en.wikipedia.org/wiki/Satan%27s_Blade,Recommendation,0.0
films,To All a Goodnight,https://en.wikipedia.org/wiki/To_All_a_Goodnight,Recommendation,0.0
films,Bad Times at the El Royale,https://en.wikipedia.org/wiki/Bad_Times_at_the_El_Royale,Seed,0.29
films,Bad Times at the El Royale (soundtrack),https://en.wikipedia.org/wiki/Bad_Times_at_the_El_Royale_%28soundtrack%29,Recommendation,0.0
films,Drew Goddard,https://en.wikipedia.org/wiki/Drew_Goddard,Recommendation,0.0
films,Lewis Pullman,https://en.wikipedia.org/wiki/Lewis_Pullman,Recommendation,0.43
films,On the Job,https://en.wikipedia.org/wiki/On_the_Job,Seed,0.0
films,Piolo Pascual,https://en.wikipedia.org/wiki/Piolo_Pascual,Recommendation,0.0
films,On the Job (miniseries),https://en.wikipedia.org/wiki/On_the_Job_%28miniseries%29,Recommendation,0.0
films,Erik Matti,https://en.wikipedia.org/wiki/Erik_Matti,Recommendation,0.0
films,The Grand Budapest Hotel,https://en.wikipedia.org/wiki/The_Grand_Budapest_Hotel,Seed,0.29
films,Tenet,https://en.wikipedia.org/wiki/Tenet,Recommendation,0.0
films,Eliza Taylor,https://en.wikipedia.org/wiki/Eliza_Taylor,Recommendation,0.0
films,Boy with Apple,https://en.wikipedia.org/wiki/Boy_with_Apple,Recommendation,0.0
films,The Last Run,https://en.wikipedia.org/wiki/The_Last_Run,Seed,0.0
films,The Boy Friend (1971 film),https://en.wikipedia.org/wiki/The_Boy_Friend_%281971_film%29,Recommendation,0.0
films,Earl Felton,https://en.wikipedia.org/wiki/Earl_Felton,Recommendation,0.0
films,Savage Messiah (1972 film),https://en.wikipedia.org/wiki/Savage_Messiah_%281972_film%29,Recommendation,0.0
films,Abir Chatterjee,https://en.wikipedia.org/wiki/Abir_Chatterjee,Seed,0.0
films,Double Feluda,https://en.wikipedia.org/wiki/Double_Feluda,Recommendation,0.0
films,Byomkesh Phire Elo,https://en.wikipedia.org/wiki/Byomkesh_Phire_Elo,Recommendation,0.0
films,Byomkesh Bakshi (2010 film),https://en.wikipedia.org/wiki/Byomkesh_Bakshi_%282010_film%29,Recommendation,0.0
films,Rani Mukerji,https://en.wikipedia.org/wiki/Rani_Mukerji,Seed,0.71
films,Mukherjee-Samarth family,https://en.wikipedia.org/wiki/Mukherjee-Samarth_family,Recommendation,0.0
films,Kabhi Alvida Naa Kehna,https://en.wikipedia.org/wiki/Kabhi_Alvida_Naa_Kehna,Recommendation,0.0
films,Hum Tum (film),https://en.wikipedia.org/wiki/Hum_Tum_%28film%29,Recommendation,0.0
films,Dilwale Dulhania Le Jayenge,https://en.wikipedia.org/wiki/Dilwale_Dulhania_Le_Jayenge,Seed,0.0
films,Dilwale Dulhania Le Jayenge (soundtrack),https://en.wikipedia.org/wiki/Dilwale_Dulhania_Le_Jayenge_%28soundtrack%29,Recommendation,0.0
films,Dilwale Dulhania Le Jayenge (book),https://en.wikipedia.org/wiki/Dilwale_Dulhania_Le_Jayenge_%28book%29,Recommendation,0.0
films,Tujhe Dekha Toh,https://en.wikipedia.org/wiki/Tujhe_Dekha_Toh,Recommendation,0.0
films,Sunshine (1999 film),https://en.wikipedia.org/wiki/Sunshine_%281999_film%29,Seed,0.0
films,Jiří Dvořák,https://en.wikipedia.org/wiki/Ji%C5%99%C3%AD_Dvo%C5%99%C3%A1k,Recommendation,0.0
films,István Szabó,https://en.wikipedia.org/wiki/Istv%C3%A1n_Szab%C3%B3,Recommendation,0.0
films,Lovefilm (film),https://en.wikipedia.org/wiki/Lovefilm_%28film%29,Recommendation,0.0
films,The Shawshank Redemption,https://en.wikipedia.org/wiki/The_Shawshank_Redemption,Seed,0.29
films,Rita Hayworth and Shawshank Redemption,https://en.wikipedia.org/wiki/Rita_Hayworth_and_Shawshank_Redemption,Recommendation,0.0
films,Shawshank tree,https://en.wikipedia.org/wiki/Shawshank_tree,Recommendation,0.0
films,Frank Darabont,https://en.wikipedia.org/wiki/Frank_Darabont,Recommendation,0.0
films,Departures (2008 film),https://en.wikipedia.org/wiki/Departures_%282008_film%29,Seed,0.0
films,Departures (soundtrack),https://en.wikipedia.org/wiki/Departures_%28soundtrack%29,Recommendation,0.0
films,30th Yokohama Film Festival,https://en.wikipedia.org/wiki/30th_Yokohama_Film_Festival,Recommendation,0.0
films,Sakata Minato-za,https://en.wikipedia.org/wiki/Sakata_Minato-za,Recommendation,0.0
films,Pather Panchali,https://en.wikipedia.org/wiki/Pather_Panchali,Seed,0.14
films,Subir Banerjee,https://en.wikipedia.org/wiki/Subir_Banerjee,Recommendation,0.0
films,The Apu Trilogy,https://en.wikipedia.org/wiki/The_Apu_Trilogy,Recommendation,0.0
films,Pather Panchali (novel),https://en.wikipedia.org/wiki/Pather_Panchali_%28novel%29,Recommendation,0.0
films,Parinda,https://en.wikipedia.org/wiki/Parinda,Seed,0.0
films,Vidhu Vinod Chopra,https://en.wikipedia.org/wiki/Vidhu_Vinod_Chopra,Recommendation,0.0
films,1942: A Love Story,https://en.wikipedia.org/wiki/1942%3A_A_Love_Story,Recommendation,0.29
films,Renu Saluja,https://en.wikipedia.org/wiki/Renu_Saluja,Recommendation,0.0
films,Hrithik Roshan,https://en.wikipedia.org/wiki/Hrithik_Roshan,Seed,0.0
films,Krrish,https://en.wikipedia.org/wiki/Krrish,Recommendation,0.14
films,Koi... Mil Gaya,https://en.wikipedia.org/wiki/Koi..._Mil_Gaya,Recommendation,0.0
films,Rakesh Roshan,https://en.wikipedia.org/wiki/Rakesh_Roshan,Recommendation,0.0
films,The Cat and the Canary (1927 film),https://en.wikipedia.org/wiki/The_Cat_and_the_Canary_%281927_film%29,Seed,0.14
films,The Cat and the Canary (play),https://en.wikipedia.org/wiki/The_Cat_and_the_Canary_%28play%29,Recommendation,0.0
films,The Last Warning (1928 film),https://en.wikipedia.org/wiki/The_Last_Warning_%281928_film%29,Recommendation,0.0
films,The Cat Creeps (1930 film),https://en.wikipedia.org/wiki/The_Cat_Creeps_%281930_film%29,Recommendation,0.14
films,Waiting (2015 film),https://en.wikipedia.org/wiki/Waiting_%282015_film%29,Seed,0.0
films,Anu Menon,https://en.wikipedia.org/wiki/Anu_Menon,Recommendation,0.0
films,Kalki Koechlin,https://en.wikipedia.org/wiki/Kalki_Koechlin,Recommendation,0.0
films,That Girl in Yellow Boots,https://en.wikipedia.org/wiki/That_Girl_in_Yellow_Boots,Recommendation,0.14
films,Taare Zameen Par,https://en.wikipedia.org/wiki/Taare_Zameen_Par,Seed,0.29
films,Darsheel Safary,https://en.wikipedia.org/wiki/Darsheel_Safary,Recommendation,0.0
films,Taare Zameen Par (soundtrack),https://en.wikipedia.org/wiki/Taare_Zameen_Par_%28soundtrack%29,Recommendation,0.0
films,Vipin Sharma,https://en.wikipedia.org/wiki/Vipin_Sharma,Recommendation,0.0
films,Tender Mercies,https://en.wikipedia.org/wiki/Tender_Mercies,Seed,0.0
films,Philip Hobel,https://en.wikipedia.org/wiki/Philip_Hobel,Recommendation,0.0
films,Tess Harper,https://en.wikipedia.org/wiki/Tess_Harper,Recommendation,0.0
films,Horton Foote,https://en.wikipedia.org/wiki/Horton_Foote,Recommendation,0.0
films,Greed (1924 film),https://en.wikipedia.org/wiki/Greed_%281924_film%29,Seed,0.0
films,The Wedding March (1928 film),https://en.wikipedia.org/wiki/The_Wedding_March_%281928_film%29,Recommendation,0.0
films,McTeague,https://en.wikipedia.org/wiki/McTeague,Recommendation,0.14
films,Blind Husbands,https://en.wikipedia.org/wiki/Blind_Husbands,Recommendation,0.0
films,The Right to Be Happy,https://en.wikipedia.org/wiki/The_Right_to_Be_Happy,Seed,0.14
films,A Christmas Carol (1908 film),https://en.wikipedia.org/wiki/A_Christmas_Carol_%281908_film%29,Recommendation,0.0
films,The Gift Girl,https://en.wikipedia.org/wiki/The_Gift_Girl,Recommendation,0.0
films,A Christmas Carol (1938 film),https://en.wikipedia.org/wiki/A_Christmas_Carol_%281938_film%29,Recommendation,0.0
films,Terang Boelan,https://en.wikipedia.org/wiki/Terang_Boelan,Seed,0.0
films,Fatima (1938 film),https://en.wikipedia.org/wiki/Fatima_%281938_film%29,Recommendation,0.0
films,Gagak Item,https://en.wikipedia.org/wiki/Gagak_Item,Recommendation,0.0
films,Kartolo,https://en.wikipedia.org/wiki/Kartolo,Recommendation,0.0
films,Pride & Prejudice (2005 film),https://en.wikipedia.org/wiki/Pride_%26_Prejudice_%282005_film%29,Seed,0.14
films,Pride and Prejudice (1995 TV series),https://en.wikipedia.org/wiki/Pride_and_Prejudice_%281995_TV_series%29,Recommendation,0.0
films,Pride and Prejudice and Zombies,https://en.wikipedia.org/wiki/Pride_and_Prejudice_and_Zombies,Recommendation,0.14
films,Pride and Prejudice (1940 film),https://en.wikipedia.org/wiki/Pride_and_Prejudice_%281940_film%29,Recommendation,0.0
films,Boys Don't Cry (1999 film),https://en.wikipedia.org/wiki/Boys_Don%27t_Cry_%281999_film%29,Seed,0.43
films,Brandon Teena,https://en.wikipedia.org/wiki/Brandon_Teena,Recommendation,0.43
films,Kimberly Peirce,https://en.wikipedia.org/wiki/Kimberly_Peirce,Recommendation,0.0
films,The Bluest Eyes in Texas,https://en.wikipedia.org/wiki/The_Bluest_Eyes_in_Texas,Recommendation,0.0
films,The Seeker (film),https://en.wikipedia.org/wiki/The_Seeker_%28film%29,Seed,0.14
films,The Dark Is Rising Sequence,https://en.wikipedia.org/wiki/The_Dark_Is_Rising_Sequence,Recommendation,0.0
films,The Dark Is Rising,https://en.wikipedia.org/wiki/The_Dark_Is_Rising,Recommendation,0.0
films,Alexander Ludwig,https://en.wikipedia.org/wiki/Alexander_Ludwig,Recommendation,0.0
films,Andha Naal,https://en.wikipedia.org/wiki/Andha_Naal,Seed,0.0
films,Major Chandrakanth (1966 film),https://en.wikipedia.org/wiki/Major_Chandrakanth_%281966_film%29,Recommendation,0.0
films,Paava Mannippu,https://en.wikipedia.org/wiki/Paava_Mannippu,Recommendation,0.0
films,Uyarndha Manithan,https://en.wikipedia.org/wiki/Uyarndha_Manithan,Recommendation,0.0
films,Back to the Future,https://en.wikipedia.org/wiki/Back_to_the_Future,Seed,0.43
films,Marty McFly,https://en.wikipedia.org/wiki/Marty_McFly,Recommendation,0.0
films,Emmett Brown,https://en.wikipedia.org/wiki/Emmett_Brown,Recommendation,0.0
films,Back to the Future Part III,https://en.wikipedia.org/wiki/Back_to_the_Future_Part_III,Recommendation,0.14
films,1937 Fox vault fire,https://en.wikipedia.org/wiki/1937_Fox_vault_fire,Seed,0.0
films,1965 MGM vault fire,https://en.wikipedia.org/wiki/1965_MGM_vault_fire,Recommendation,0.0
films,The Soul of Broadway,https://en.wikipedia.org/wiki/The_Soul_of_Broadway,Recommendation,0.0
films,Nitrocellulose,https://en.wikipedia.org/wiki/Nitrocellulose,Recommendation,0.14
films,Tropic Thunder,https://en.wikipedia.org/wiki/Tropic_Thunder,Seed,0.0
films,Red Hour Productions,https://en.wikipedia.org/wiki/Red_Hour_Productions,Recommendation,0.0
films,Iron Man 2,https://en.wikipedia.org/wiki/Iron_Man_2,Recommendation,0.29
films,Madagascar (2005 film),https://en.wikipedia.org/wiki/Madagascar_%282005_film%29,Recommendation,1.14
films,Christopher Nolan,https://en.wikipedia.org/wiki/Christopher_Nolan,Seed,0.14
films,Emma Thomas,https://en.wikipedia.org/wiki/Emma_Thomas,Recommendation,0.57
films,Syncopy Inc.,https://en.wikipedia.org/wiki/Syncopy_Inc.,Recommendation,0.0
films,Cinematic style of Christopher Nolan,https://en.wikipedia.org/wiki/Cinematic_style_of_Christopher_Nolan,Recommendation,0.43
films,Saakshyam,https://en.wikipedia.org/wiki/Saakshyam,Seed,0.0
films,Saakshyam (soundtrack),https://en.wikipedia.org/wiki/Saakshyam_%28soundtrack%29,Recommendation,0.0
films,Bellamkonda Sai Sreenivas,https://en.wikipedia.org/wiki/Bellamkonda_Sai_Sreenivas,Recommendation,0.0
films,Speedunnodu,https://en.wikipedia.org/wiki/Speedunnodu,Recommendation,0.0
films,Jake Gyllenhaal,https://en.wikipedia.org/wiki/Jake_Gyllenhaal,Seed,0.71
films,Maggie Gyllenhaal,https://en.wikipedia.org/wiki/Maggie_Gyllenhaal,Recommendation,0.14
films,Stephen Gyllenhaal,https://en.wikipedia.org/wiki/Stephen_Gyllenhaal,Recommendation,0.0
films,Denzel Washington,https://en.wikipedia.org/wiki/Denzel_Washington,Recommendation,0.14
films,The Empire Strikes Back,https://en.wikipedia.org/wiki/The_Empire_Strikes_Back,Seed,0.29
films,Special effects of The Empire Strikes Back,https://en.wikipedia.org/wiki/Special_effects_of_The_Empire_Strikes_Back,Recommendation,0.0
films,Yoda,https://en.wikipedia.org/wiki/Yoda,Recommendation,0.0
films,Star Wars original trilogy,https://en.wikipedia.org/wiki/Star_Wars_original_trilogy,Recommendation,0.29
films,The Fifth Element,https://en.wikipedia.org/wiki/The_Fifth_Element,Seed,0.57
films,The Messenger: The Story of Joan of Arc,https://en.wikipedia.org/wiki/The_Messenger%3A_The_Story_of_Joan_of_Arc,Recommendation,0.14
films,Luc Besson,https://en.wikipedia.org/wiki/Luc_Besson,Recommendation,0.14
films,Mother India,https://en.wikipedia.org/wiki/Mother_India,Seed,0.14
films,Aurat (1940 film),https://en.wikipedia.org/wiki/Aurat_%281940_film%29,Recommendation,0.0
films,Chanchal (actress),https://en.wikipedia.org/wiki/Chanchal_%28actress%29,Recommendation,0.0
films,Sardar Akhtar,https://en.wikipedia.org/wiki/Sardar_Akhtar,Recommendation,0.0
films,Little Nemo (1911 film),https://en.wikipedia.org/wiki/Little_Nemo_%281911_film%29,Seed,0.0
films,How a Mosquito Operates,https://en.wikipedia.org/wiki/How_a_Mosquito_Operates,Recommendation,0.0
films,Little Nemo,https://en.wikipedia.org/wiki/Little_Nemo,Recommendation,0.0
films,Gertie the Dinosaur,https://en.wikipedia.org/wiki/Gertie_the_Dinosaur,Recommendation,0.0
films,Paint Drying,https://en.wikipedia.org/wiki/Paint_Drying,Seed,0.0
films,Charlie Shackleton,https://en.wikipedia.org/wiki/Charlie_Shackleton,Recommendation,0.0
films,British Board of Film Classification,https://en.wikipedia.org/wiki/British_Board_of_Film_Classification,Recommendation,0.0
films,Film censorship in the United Kingdom,https://en.wikipedia.org/wiki/Film_censorship_in_the_United_Kingdom,Recommendation,0.0
films,Carlos (miniseries),https://en.wikipedia.org/wiki/Carlos_%28miniseries%29,Seed,0.0
films,Olivier Assayas,https://en.wikipedia.org/wiki/Olivier_Assayas,Recommendation,0.0
films,Édgar Ramírez,https://en.wikipedia.org/wiki/%C3%89dgar_Ram%C3%ADrez,Recommendation,0.0
films,Wasp Network (film),https://en.wikipedia.org/wiki/Wasp_Network_%28film%29,Recommendation,0.0
films,Baby Driver,https://en.wikipedia.org/wiki/Baby_Driver,Seed,0.0
films,Ansel Elgort,https://en.wikipedia.org/wiki/Ansel_Elgort,Recommendation,0.0
films,Edgar Wright,https://en.wikipedia.org/wiki/Edgar_Wright,Recommendation,0.0
films,Baby Driver – Music from the Motion Picture,https://en.wikipedia.org/wiki/Baby_Driver_%E2%80%93_Music_from_the_Motion_Picture,Recommendation,0.0
films,Robert Downey Jr.,https://en.wikipedia.org/wiki/Robert_Downey_Jr.,Seed,0.0
films,Susan Downey,https://en.wikipedia.org/wiki/Susan_Downey,Recommendation,0.0
films,Marvel Cinematic Universe: Phase One,https://en.wikipedia.org/wiki/Marvel_Cinematic_Universe%3A_Phase_One,Recommendation,0.0
films,Ty Simpkins,https://en.wikipedia.org/wiki/Ty_Simpkins,Recommendation,0.0
films,Star Wars Episode I: Battle for Naboo,https://en.wikipedia.org/wiki/Star_Wars_Episode_I%3A_Battle_for_Naboo,Seed,0.14
films,Star Wars: Rogue Squadron (series),https://en.wikipedia.org/wiki/Star_Wars%3A_Rogue_Squadron_%28series%29,Recommendation,0.0
films,Star Wars: Rogue Squadron,https://en.wikipedia.org/wiki/Star_Wars%3A_Rogue_Squadron,Recommendation,0.0
films,Star Wars Rogue Squadron II: Rogue Leader,https://en.wikipedia.org/wiki/Star_Wars_Rogue_Squadron_II%3A_Rogue_Leader,Recommendation,0.0
films,Mughal-e-Azam,https://en.wikipedia.org/wiki/Mughal-e-Azam,Seed,0.0
films,Madhubala,https://en.wikipedia.org/wiki/Madhubala,Recommendation,0.71
films,Mughal-e-Azam (musical),https://en.wikipedia.org/wiki/Mughal-e-Azam_%28musical%29,Recommendation,0.0
films,K. Asif,https://en.wikipedia.org/wiki/K._Asif,Recommendation,0.0
films,The FP,https://en.wikipedia.org/wiki/The_FP,Seed,0.0
films,FP2: Beats of Rage,https://en.wikipedia.org/wiki/FP2%3A_Beats_of_Rage,Recommendation,0.0
films,Brandon Trost,https://en.wikipedia.org/wiki/Brandon_Trost,Recommendation,0.14
films,Jason Trost,https://en.wikipedia.org/wiki/Jason_Trost,Recommendation,0.0
video-games,The Legend of Zelda: Majora's Mask,https://en.wikipedia.org/wiki/The_Legend_of_Zelda%3A_Majora%27s_Mask,Seed,0.0
video-games,The Legend of Zelda: Majora's Mask 3D,https://en.wikipedia.org/wiki/The_Legend_of_Zelda%3A_Majora%27s_Mask_3D,Recommendation,0.14
video-games,Eiji Aonuma,https://en.wikipedia.org/wiki/Eiji_Aonuma,Recommendation,0.57
video-games,Water Temple (Ocarina of Time),https://en.wikipedia.org/wiki/Water_Temple_%28Ocarina_of_Time%29,Recommendation,0.14
video-games,Super Mario 64,https://en.wikipedia.org/wiki/Super_Mario_64,Seed,0.14
video-games,Nintendo Space World,https://en.wikipedia.org/wiki/Nintendo_Space_World,Recommendation,0.0
video-games,64DD,https://en.wikipedia.org/wiki/64DD,Recommendation,0.0
video-games,The Legend of Zelda: Ocarina of Time,https://en.wikipedia.org/wiki/The_Legend_of_Zelda%3A_Ocarina_of_Time,Recommendation,6.86
video-games,The Elder Scrolls IV: Oblivion,https://en.wikipedia.org/wiki/The_Elder_Scrolls_IV%3A_Oblivion,Seed,0.14
video-games,The Elder Scrolls,https://en.wikipedia.org/wiki/The_Elder_Scrolls,Recommendation,0.14
video-games,Development of The Elder Scrolls IV: Oblivion,https://en.wikipedia.org/wiki/Development_of_The_Elder_Scrolls_IV%3A_Oblivion,Recommendation,0.0
video-games,The Elder Scrolls IV: Knights of the Nine,https://en.wikipedia.org/wiki/The_Elder_Scrolls_IV%3A_Knights_of_the_Nine,Recommendation,0.0
video-games,Halo 2,https://en.wikipedia.org/wiki/Halo_2,Seed,0.29
video-games,Halo 3,https://en.wikipedia.org/wiki/Halo_3,Recommendation,0.0
video-games,Arbiter (Halo),https://en.wikipedia.org/wiki/Arbiter_%28Halo%29,Recommendation,0.0
video-games,Halo: Combat Evolved Anniversary,https://en.wikipedia.org/wiki/Halo%3A_Combat_Evolved_Anniversary,Recommendation,0.0
video-games,Super Smash Bros. Brawl,https://en.wikipedia.org/wiki/Super_Smash_Bros._Brawl,Seed,0.0
video-games,Super Smash Bros.,https://en.wikipedia.org/wiki/Super_Smash_Bros.,Recommendation,0.0
video-games,Super Smash Bros. for Nintendo 3DS and Wii U,https://en.wikipedia.org/wiki/Super_Smash_Bros._for_Nintendo_3DS_and_Wii_U,Recommendation,0.57
video-games,Masahiro Sakurai,https://en.wikipedia.org/wiki/Masahiro_Sakurai,Recommendation,0.0
video-games,The Longing,https://en.wikipedia.org/wiki/The_Longing,Seed,0.14
video-games,Kirby's Adventure,https://en.wikipedia.org/wiki/Kirby%27s_Adventure,Recommendation,0.0
video-games,Kirby Super Star,https://en.wikipedia.org/wiki/Kirby_Super_Star,Recommendation,0.0
video-games,Paper Mario,https://en.wikipedia.org/wiki/Paper_Mario,Recommendation,0.0
video-games,Super Smash Bros. Melee,https://en.wikipedia.org/wiki/Super_Smash_Bros._Melee,Seed,0.0
video-games,Super Smash Bros. (video game),https://en.wikipedia.org/wiki/Super_Smash_Bros._%28video_game%29,Recommendation,0.14
video-games,Super Smash Bros. Ultimate,https://en.wikipedia.org/wiki/Super_Smash_Bros._Ultimate,Recommendation,0.0
video-games,Master Hand,https://en.wikipedia.org/wiki/Master_Hand,Recommendation,0.0
video-games,Final Fantasy XIII,https://en.wikipedia.org/wiki/Final_Fantasy_XIII,Seed,0.0
video-games,Characters of the Final Fantasy XIII series,https://en.wikipedia.org/wiki/Characters_of_the_Final_Fantasy_XIII_series,Recommendation,0.0
video-games,Vanille,https://en.wikipedia.org/wiki/Vanille,Recommendation,0.0
video-games,Lightning (Final Fantasy),https://en.wikipedia.org/wiki/Lightning_%28Final_Fantasy%29,Recommendation,0.0
video-games,Donkey Kong Land,https://en.wikipedia.org/wiki/Donkey_Kong_Land,Seed,0.0
video-games,Donkey Kong Country,https://en.wikipedia.org/wiki/Donkey_Kong_Country,Recommendation,0.43
video-games,Donkey Kong Country 2,https://en.wikipedia.org/wiki/Donkey_Kong_Country_2,Recommendation,0.0
video-games,Donkey Kong Land 2,https://en.wikipedia.org/wiki/Donkey_Kong_Land_2,Recommendation,0.0
video-games,Terraria,https://en.wikipedia.org/wiki/Terraria,Seed,0.0
video-games,Engine Software,https://en.wikipedia.org/wiki/Engine_Software,Recommendation,0.0
video-games,Skyblock,https://en.wikipedia.org/wiki/Skyblock,Recommendation,0.0
video-games,Core Keeper,https://en.wikipedia.org/wiki/Core_Keeper,Recommendation,0.14
video-games,Super Mario World,https://en.wikipedia.org/wiki/Super_Mario_World,Seed,0.0
video-games,Takashi Tezuka,https://en.wikipedia.org/wiki/Takashi_Tezuka,Recommendation,0.29
video-games,Yoshi's Island,https://en.wikipedia.org/wiki/Yoshi%27s_Island,Recommendation,0.29
video-games,Yoshi,https://en.wikipedia.org/wiki/Yoshi,Recommendation,0.0
video-games,Super Mario Galaxy,https://en.wikipedia.org/wiki/Super_Mario_Galaxy,Seed,0.14
video-games,Super Mario Galaxy 2,https://en.wikipedia.org/wiki/Super_Mario_Galaxy_2,Recommendation,0.0
video-games,Super Mario Galaxy Original Soundtrack,https://en.wikipedia.org/wiki/Super_Mario_Galaxy_Original_Soundtrack,Recommendation,0.0
video-games,Super Mario 3D World,https://en.wikipedia.org/wiki/Super_Mario_3D_World,Recommendation,0.0
video-games,Final Fantasy IX,https://en.wikipedia.org/wiki/Final_Fantasy_IX,Seed,0.0
video-games,Garnet (Final Fantasy),https://en.wikipedia.org/wiki/Garnet_%28Final_Fantasy%29,Recommendation,0.0
video-games,Zidane Tribal,https://en.wikipedia.org/wiki/Zidane_Tribal,Recommendation,0.0
video-games,Vivi Ornitier,https://en.wikipedia.org/wiki/Vivi_Ornitier,Recommendation,0.0
video-games,The Legend of Zelda: Link's Awakening,https://en.wikipedia.org/wiki/The_Legend_of_Zelda%3A_Link%27s_Awakening,Seed,0.0
video-games,The Legend of Zelda: Link's Awakening DX,https://en.wikipedia.org/wiki/The_Legend_of_Zelda%3A_Link%27s_Awakening_DX,Recommendation,0.0
video-games,The Legend of Zelda: Link's Awakening (2019 video game),https://en.wikipedia.org/wiki/The_Legend_of_Zelda%3A_Link%27s_Awakening_%282019_video_game%29,Recommendation,0.0
video-games,The Legend of Zelda: A Link to the Past and Four Swords,https://en.wikipedia.org/wiki/The_Legend_of_Zelda%3A_A_Link_to_the_Past_and_Four_Swords,Recommendation,0.0
video-games,Defense of the Ancients,https://en.wikipedia.org/wiki/Defense_of_the_Ancients,Seed,0.0
video-games,Dota,https://en.wikipedia.org/wiki/Dota,Recommendation,0.0
video-games,Multiplayer online battle arena,https://en.wikipedia.org/wiki/Multiplayer_online_battle_arena,Recommendation,0.29
video-games,Dota 2,https://en.wikipedia.org/wiki/Dota_2,Recommendation,0.14
video-games,The Elder Scrolls III: Morrowind,https://en.wikipedia.org/wiki/The_Elder_Scrolls_III%3A_Morrowind,Seed,0.0
video-games,The Elder Scrolls III: Tribunal,https://en.wikipedia.org/wiki/The_Elder_Scrolls_III%3A_Tribunal,Recommendation,0.0
video-games,The Elder Scrolls III: Bloodmoon,https://en.wikipedia.org/wiki/The_Elder_Scrolls_III%3A_Bloodmoon,Recommendation,0.0
video-games,Mark Nelson (video game designer),https://en.wikipedia.org/wiki/Mark_Nelson_%28video_game_designer%29,Recommendation,0.0
video-games,Sonic Adventure,https://en.wikipedia.org/wiki/Sonic_Adventure,Seed,0.29
video-games,Sonic Team,https://en.wikipedia.org/wiki/Sonic_Team,Recommendation,0.29
video-games,Sonic Adventure 2,https://en.wikipedia.org/wiki/Sonic_Adventure_2,Recommendation,0.0
video-games,Sonic X-treme,https://en.wikipedia.org/wiki/Sonic_X-treme,Recommendation,0.29
video-games,Halo: Reach,https://en.wikipedia.org/wiki/Halo%3A_Reach,Seed,0.29
video-games,Halo (franchise),https://en.wikipedia.org/wiki/Halo_%28franchise%29,Recommendation,0.0
video-games,Halo: The Master Chief Collection,https://en.wikipedia.org/wiki/Halo%3A_The_Master_Chief_Collection,Recommendation,0.29
video-games,Marketing of Halo 3,https://en.wikipedia.org/wiki/Marketing_of_Halo_3,Recommendation,0.0
video-games,The Legend of Zelda: Oracle of Seasons and Oracle of Ages,https://en.wikipedia.org/wiki/The_Legend_of_Zelda%3A_Oracle_of_Seasons_and_Oracle_of_Ages,Seed,0.0
video-games,Triforce,https://en.wikipedia.org/wiki/Triforce,Recommendation,0.0
video-games,The Legend of Zelda LCD games,https://en.wikipedia.org/wiki/The_Legend_of_Zelda_LCD_games,Recommendation,0.0
video-games,Link (The Legend of Zelda),https://en.wikipedia.org/wiki/Link_%28The_Legend_of_Zelda%29,Recommendation,0.0
video-games,Sonic the Hedgehog (2006 video game),https://en.wikipedia.org/wiki/Sonic_the_Hedgehog_%282006_video_game%29,Seed,0.29
video-games,Sonic Generations,https://en.wikipedia.org/wiki/Sonic_Generations,Recommendation,0.14
video-games,Sonic Forces,https://en.wikipedia.org/wiki/Sonic_Forces,Recommendation,0.57
video-games,Sonic Unleashed,https://en.wikipedia.org/wiki/Sonic_Unleashed,Recommendation,0.0
video-games,Fallout (video game),https://en.wikipedia.org/wiki/Fallout_%28video_game%29,Seed,0.0
video-games,Fallout 2,https://en.wikipedia.org/wiki/Fallout_2,Recommendation,0.0
video-games,Fallout (franchise),https://en.wikipedia.org/wiki/Fallout_%28franchise%29,Recommendation,0.14
video-games,Fallout Tactics: Brotherhood of Steel,https://en.wikipedia.org/wiki/Fallout_Tactics%3A_Brotherhood_of_Steel,Recommendation,0.0
video-games,Mass Effect 2,https://en.wikipedia.org/wiki/Mass_Effect_2,Seed,0.0
video-games,Commander Shepard,https://en.wikipedia.org/wiki/Commander_Shepard,Recommendation,0.0
video-games,Mass Effect 3,https://en.wikipedia.org/wiki/Mass_Effect_3,Recommendation,0.0
video-games,Mass Effect (video game),https://en.wikipedia.org/wiki/Mass_Effect_%28video_game%29,Recommendation,0.0
video-games,New Super Mario Bros.,https://en.wikipedia.org/wiki/New_Super_Mario_Bros.,Seed,1.0
video-games,Super Mario,https://en.wikipedia.org/wiki/Super_Mario,Recommendation,0.43
video-games,Super Mario 64 DS,https://en.wikipedia.org/wiki/Super_Mario_64_DS,Recommendation,0.14
video-games,Mario & Luigi,https://en.wikipedia.org/wiki/Mario_%26_Luigi,Recommendation,0.0
video-games,Shadow the Hedgehog (video game),https://en.wikipedia.org/wiki/Shadow_the_Hedgehog_%28video_game%29,Seed,0.0
video-games,Shadow the Hedgehog,https://en.wikipedia.org/wiki/Shadow_the_Hedgehog,Recommendation,0.0
video-games,Knuckles the Echidna,https://en.wikipedia.org/wiki/Knuckles_the_Echidna,Recommendation,0.14
video-games,Sonic Rush,https://en.wikipedia.org/wiki/Sonic_Rush,Recommendation,0.43
video-games,Ico,https://en.wikipedia.org/wiki/Ico,Seed,0.0
video-games,The Ico & Shadow of the Colossus Collection,https://en.wikipedia.org/wiki/The_Ico_%26_Shadow_of_the_Colossus_Collection,Recommendation,0.0
video-games,Shadow of the Colossus,https://en.wikipedia.org/wiki/Shadow_of_the_Colossus,Recommendation,0.14
video-games,Fumito Ueda,https://en.wikipedia.org/wiki/Fumito_Ueda,Recommendation,0.0
video-games,Katamari Damacy,https://en.wikipedia.org/wiki/Katamari_Damacy,Seed,0.0
video-games,We Love Katamari,https://en.wikipedia.org/wiki/We_Love_Katamari,Recommendation,0.0
video-games,Katamari,https://en.wikipedia.org/wiki/Katamari,Recommendation,0.0
video-games,Keita Takahashi,https://en.wikipedia.org/wiki/Keita_Takahashi,Recommendation,0.0
video-games,Final Fantasy Tactics,https://en.wikipedia.org/wiki/Final_Fantasy_Tactics,Seed,0.0
video-games,Final Fantasy Tactics Advance,https://en.wikipedia.org/wiki/Final_Fantasy_Tactics_Advance,Recommendation,0.0
video-games,Ivalice,https://en.wikipedia.org/wiki/Ivalice,Recommendation,0.0
video-games,Tactics Ogre: Let Us Cling Together (2010 video game),https://en.wikipedia.org/wiki/Tactics_Ogre%3A_Let_Us_Cling_Together_%282010_video_game%29,Recommendation,0.0
video-games,System Shock,https://en.wikipedia.org/wiki/System_Shock,Seed,0.0
video-games,SHODAN,https://en.wikipedia.org/wiki/SHODAN,Recommendation,0.0
video-games,System Shock (2023 video game),https://en.wikipedia.org/wiki/System_Shock_%282023_video_game%29,Recommendation,0.0
video-games,OtherSide Entertainment,https://en.wikipedia.org/wiki/OtherSide_Entertainment,Recommendation,0.0
video-games,Metroid Prime 3: Corruption,https://en.wikipedia.org/wiki/Metroid_Prime_3%3A_Corruption,Seed,0.29
video-games,Metroid Prime,https://en.wikipedia.org/wiki/Metroid_Prime,Recommendation,1.86
video-games,Samus Aran,https://en.wikipedia.org/wiki/Samus_Aran,Recommendation,0.43
video-games,Retro Studios,https://en.wikipedia.org/wiki/Retro_Studios,Recommendation,0.0
video-games,Nights into Dreams,https://en.wikipedia.org/wiki/Nights_into_Dreams,Seed,0.29
video-games,Nights: Journey of Dreams,https://en.wikipedia.org/wiki/Nights%3A_Journey_of_Dreams,Recommendation,0.0
video-games,Sega Technical Institute,https://en.wikipedia.org/wiki/Sega_Technical_Institute,Recommendation,0.0
video-games,Burning Rangers,https://en.wikipedia.org/wiki/Burning_Rangers,Recommendation,0.0
video-games,Dishonored,https://en.wikipedia.org/wiki/Dishonored,Seed,0.0
video-games,Dishonored (series),https://en.wikipedia.org/wiki/Dishonored_%28series%29,Recommendation,0.29
video-games,The Outsider (Dishonored),https://en.wikipedia.org/wiki/The_Outsider_%28Dishonored%29,Recommendation,0.0
video-games,Dishonored 2,https://en.wikipedia.org/wiki/Dishonored_2,Recommendation,0.0
video-games,Metroid Prime 2: Echoes,https://en.wikipedia.org/wiki/Metroid_Prime_2%3A_Echoes,Seed,0.71
video-games,Metroid,https://en.wikipedia.org/wiki/Metroid,Recommendation,2.86
video-games,Metroid Prime Hunters,https://en.wikipedia.org/wiki/Metroid_Prime_Hunters,Recommendation,0.0
video-games,Metroid Prime: Trilogy,https://en.wikipedia.org/wiki/Metroid_Prime%3A_Trilogy,Recommendation,0.29
video-games,System Shock 2,https://en.wikipedia.org/wiki/System_Shock_2,Seed,0.0
video-games,System Shock (series),https://en.wikipedia.org/wiki/System_Shock_%28series%29,Recommendation,0.0
video-games,Terri Brosius,https://en.wikipedia.org/wiki/Terri_Brosius,Recommendation,0.0
video-games,Nightdive Studios,https://en.wikipedia.org/wiki/Nightdive_Studios,Recommendation,0.0
video-games,Halo 3: ODST,https://en.wikipedia.org/wiki/Halo_3%3A_ODST,Seed,0.0
video-games,Halo: Combat Evolved,https://en.wikipedia.org/wiki/Halo%3A_Combat_Evolved,Recommendation,0.0
video-games,Joseph Staten,https://en.wikipedia.org/wiki/Joseph_Staten,Recommendation,0.0
video-games,Bungie,https://en.wikipedia.org/wiki/Bungie,Recommendation,0.0
video-games,StarCraft: Ghost,https://en.wikipedia.org/wiki/StarCraft%3A_Ghost,Seed,0.0
video-games,StarCraft,https://en.wikipedia.org/wiki/StarCraft,Recommendation,1.57
video-games,StarCraft II: Wings of Liberty,https://en.wikipedia.org/wiki/StarCraft_II%3A_Wings_of_Liberty,Recommendation,0.0
video-games,NStigate Games,https://en.wikipedia.org/wiki/NStigate_Games,Recommendation,0.0
video-games,Castlevania: Aria of Sorrow,https://en.wikipedia.org/wiki/Castlevania%3A_Aria_of_Sorrow,Seed,0.0
video-games,Castlevania: Dawn of Sorrow,https://en.wikipedia.org/wiki/Castlevania%3A_Dawn_of_Sorrow,Recommendation,0.14
video-games,Alucard (Castlevania),https://en.wikipedia.org/wiki/Alucard_%28Castlevania%29,Recommendation,0.0
video-games,Castlevania: Harmony of Dissonance,https://en.wikipedia.org/wiki/Castlevania%3A_Harmony_of_Dissonance,Recommendation,0.29
video-games,The Simpsons Game,https://en.wikipedia.org/wiki/The_Simpsons_Game,Seed,0.0
video-games,Marge Gamer,https://en.wikipedia.org/wiki/Marge_Gamer,Recommendation,0.0
video-games,The Simpsons: Hit & Run,https://en.wikipedia.org/wiki/The_Simpsons%3A_Hit_%26_Run,Recommendation,0.0
video-games,The Simpsons: Bart's Nightmare,https://en.wikipedia.org/wiki/The_Simpsons%3A_Bart%27s_Nightmare,Recommendation,0.0
video-games,Halo Wars,https://en.wikipedia.org/wiki/Halo_Wars,Seed,0.14
video-games,Halo Wars 2,https://en.wikipedia.org/wiki/Halo_Wars_2,Recommendation,0.0
video-games,Halo: The Fall of Reach,https://en.wikipedia.org/wiki/Halo%3A_The_Fall_of_Reach,Recommendation,0.0
video-games,Halo: Spartan Assault,https://en.wikipedia.org/wiki/Halo%3A_Spartan_Assault,Recommendation,0.0
video-games,Secret of Mana,https://en.wikipedia.org/wiki/Secret_of_Mana,Seed,0.0
video-games,Mana (series),https://en.wikipedia.org/wiki/Mana_%28series%29,Recommendation,0.0
video-games,Trials of Mana,https://en.wikipedia.org/wiki/Trials_of_Mana,Recommendation,0.0
video-games,Music of the Mana series,https://en.wikipedia.org/wiki/Music_of_the_Mana_series,Recommendation,0.0
video-games,Thatgamecompany,https://en.wikipedia.org/wiki/Thatgamecompany,Seed,0.0
video-games,Jenova Chen,https://en.wikipedia.org/wiki/Jenova_Chen,Recommendation,0.0
video-games,Kellee Santiago,https://en.wikipedia.org/wiki/Kellee_Santiago,Recommendation,0.0
video-games,Cloud (video game),https://en.wikipedia.org/wiki/Cloud_%28video_game%29,Recommendation,0.0
video-games,Ultima Underworld: The Stygian Abyss,https://en.wikipedia.org/wiki/Ultima_Underworld%3A_The_Stygian_Abyss,Seed,0.0
video-games,Underworld Ascendant,https://en.wikipedia.org/wiki/Underworld_Ascendant,Recommendation,0.0
video-games,Looking Glass Studios,https://en.wikipedia.org/wiki/Looking_Glass_Studios,Recommendation,0.0
video-games,Immersive sim,https://en.wikipedia.org/wiki/Immersive_sim,Recommendation,0.0
video-games,Half-Life 2: Episode One,https://en.wikipedia.org/wiki/Half-Life_2%3A_Episode_One,Seed,0.0
video-games,Half-Life 2: Episode Two,https://en.wikipedia.org/wiki/Half-Life_2%3A_Episode_Two,Recommendation,0.0
video-games,Half-Life 2,https://en.wikipedia.org/wiki/Half-Life_2,Recommendation,2.14
video-games,Combine (Half-Life),https://en.wikipedia.org/wiki/Combine_%28Half-Life%29,Recommendation,0.0
video-games,Riven,https://en.wikipedia.org/wiki/Riven,Seed,0.0
video-games,Myst (series),https://en.wikipedia.org/wiki/Myst_%28series%29,Recommendation,0.0
video-games,The Myst Reader,https://en.wikipedia.org/wiki/The_Myst_Reader,Recommendation,0.0
video-games,Myst,https://en.wikipedia.org/wiki/Myst,Recommendation,0.14
video-games,Colossal Cave Adventure,https://en.wikipedia.org/wiki/Colossal_Cave_Adventure,Seed,0.0
video-games,William Crowther (programmer),https://en.wikipedia.org/wiki/William_Crowther_%28programmer%29,Recommendation,0.0
video-games,Interactive fiction,https://en.wikipedia.org/wiki/Interactive_fiction,Recommendation,0.86
video-games,Zork,https://en.wikipedia.org/wiki/Zork,Recommendation,0.0
video-games,Journey (2012 video game),https://en.wikipedia.org/wiki/Journey_%282012_video_game%29,Seed,0.0
video-games,Flow (video game),https://en.wikipedia.org/wiki/Flow_%28video_game%29,Recommendation,0.0
video-games,Austin Wintory,https://en.wikipedia.org/wiki/Austin_Wintory,Recommendation,0.0
video-games,Flower (video game),https://en.wikipedia.org/wiki/Flower_%28video_game%29,Recommendation,0.0
video-games,BioShock 2,https://en.wikipedia.org/wiki/BioShock_2,Seed,0.0
video-games,BioShock,https://en.wikipedia.org/wiki/BioShock,Recommendation,0.0
video-games,BioShock (series),https://en.wikipedia.org/wiki/BioShock_%28series%29,Recommendation,0.0
video-games,BioShock 2: Minerva's Den,https://en.wikipedia.org/wiki/BioShock_2%3A_Minerva%27s_Den,Recommendation,0.0
video-games,Killer7,https://en.wikipedia.org/wiki/Killer7,Seed,0.0
video-games,Capcom Five,https://en.wikipedia.org/wiki/Capcom_Five,Recommendation,0.0
video-games,Grasshopper Manufacture,https://en.wikipedia.org/wiki/Grasshopper_Manufacture,Recommendation,0.14
video-games,Samurai Champloo: Sidetracked,https://en.wikipedia.org/wiki/Samurai_Champloo%3A_Sidetracked,Recommendation,0.0
video-games,Silent Hill 4: The Room,https://en.wikipedia.org/wiki/Silent_Hill_4%3A_The_Room,Seed,0.0
video-games,Silent Hill,https://en.wikipedia.org/wiki/Silent_Hill,Recommendation,0.43
video-games,Silent Hill 3,https://en.wikipedia.org/wiki/Silent_Hill_3,Recommendation,0.14
video-games,Team Silent,https://en.wikipedia.org/wiki/Team_Silent,Recommendation,0.0
video-games,Super Meat Boy,https://en.wikipedia.org/wiki/Super_Meat_Boy,Seed,0.0
video-games,Super Meat Boy Forever,https://en.wikipedia.org/wiki/Super_Meat_Boy_Forever,Recommendation,0.0
video-games,Edmund McMillen,https://en.wikipedia.org/wiki/Edmund_McMillen,Recommendation,0.0
video-games,Tommy Refenes,https://en.wikipedia.org/wiki/Tommy_Refenes,Recommendation,0.0
video-games,Knuckles' Chaotix,https://en.wikipedia.org/wiki/Knuckles%27_Chaotix,Seed,0.29
video-games,Sonic Heroes,https://en.wikipedia.org/wiki/Sonic_Heroes,Recommendation,0.0
video-games,SegaSonic the Hedgehog,https://en.wikipedia.org/wiki/SegaSonic_the_Hedgehog,Recommendation,0.0
video-games,Unreleased Sonic the Hedgehog games,https://en.wikipedia.org/wiki/Unreleased_Sonic_the_Hedgehog_games,Recommendation,0.14
biography,Manon Melis,https://en.wikipedia.org/wiki/Manon_Melis,Seed,0.0
biography,Sarah Storck,https://en.wikipedia.org/wiki/Sarah_Storck,Recommendation,0.0
biography,Kirsten van de Ven,https://en.wikipedia.org/wiki/Kirsten_van_de_Ven,Recommendation,0.0
biography,2008 Damallsvenskan,https://en.wikipedia.org/wiki/2008_Damallsvenskan,Recommendation,0.0
biography,Charles Inglis (engineer),https://en.wikipedia.org/wiki/Charles_Inglis_%28engineer%29,Seed,0.0
biography,"Inglis Bridge, Monmouth",https://en.wikipedia.org/wiki/Inglis_Bridge%2C_Monmouth,Recommendation,0.0
biography,Jacob Pieter Den Hartog,https://en.wikipedia.org/wiki/Jacob_Pieter_Den_Hartog,Recommendation,0.0
biography,Applied mechanics,https://en.wikipedia.org/wiki/Applied_mechanics,Recommendation,0.0
biography,Theodora Kroeber,https://en.wikipedia.org/wiki/Theodora_Kroeber,Seed,0.0
biography,Ishi in Two Worlds,https://en.wikipedia.org/wiki/Ishi_in_Two_Worlds,Recommendation,0.0
biography,Alfred Kroeber: A Personal Configuration,https://en.wikipedia.org/wiki/Alfred_Kroeber%3A_A_Personal_Configuration,Recommendation,0.0
biography,Alfred Kroeber,https://en.wikipedia.org/wiki/Alfred_Kroeber,Recommendation,0.0
biography,Mary Jane Richardson Jones,https://en.wikipedia.org/wiki/Mary_Jane_Richardson_Jones,Seed,0.0
biography,John Jones (abolitionist),https://en.wikipedia.org/wiki/John_Jones_%28abolitionist%29,Recommendation,0.0
biography,Hester Lane,https://en.wikipedia.org/wiki/Hester_Lane,Recommendation,0.0
biography,Sattira Douglas,https://en.wikipedia.org/wiki/Sattira_Douglas,Recommendation,0.0
biography,"Anthony Browne, 1st Viscount Montagu",https://en.wikipedia.org/wiki/Anthony_Browne%2C_1st_Viscount_Montagu,Seed,0.0
biography,Anthony Browne (1552–1592),https://en.wikipedia.org/wiki/Anthony_Browne_%281552%E2%80%931592%29,Recommendation,0.0
biography,"Mary Wriothesley, Countess of Southampton",https://en.wikipedia.org/wiki/Mary_Wriothesley%2C_Countess_of_Southampton,Recommendation,0.0
biography,"Anthony-Maria Browne, 2nd Viscount Montagu",https://en.wikipedia.org/wiki/Anthony-Maria_Browne%2C_2nd_Viscount_Montagu,Recommendation,0.0
biography,Henry Tayali,https://en.wikipedia.org/wiki/Henry_Tayali,Seed,0.0
biography,Mpapa Gallery,https://en.wikipedia.org/wiki/Mpapa_Gallery,Recommendation,0.0
biography,Lechwe Trust,https://en.wikipedia.org/wiki/Lechwe_Trust,Recommendation,0.0
biography,Zambia National Visual Arts Council,https://en.wikipedia.org/wiki/Zambia_National_Visual_Arts_Council,Recommendation,0.0
biography,Diane Wood,https://en.wikipedia.org/wiki/Diane_Wood,Seed,0.0
biography,Diane S. Sykes,https://en.wikipedia.org/wiki/Diane_S._Sykes,Recommendation,0.0
biography,John Z. Lee,https://en.wikipedia.org/wiki/John_Z._Lee,Recommendation,0.0
biography,Joel Flaum,https://en.wikipedia.org/wiki/Joel_Flaum,Recommendation,0.0
biography,Cora Agnes Benneson,https://en.wikipedia.org/wiki/Cora_Agnes_Benneson,Seed,0.0
biography,New England Woman's Press Association,https://en.wikipedia.org/wiki/New_England_Woman%27s_Press_Association,Recommendation,0.0
biography,C. Louise Boehringer,https://en.wikipedia.org/wiki/C._Louise_Boehringer,Recommendation,0.0
biography,Gratia Countryman,https://en.wikipedia.org/wiki/Gratia_Countryman,Recommendation,0.0
biography,Andrew Sledd,https://en.wikipedia.org/wiki/Andrew_Sledd,Seed,0.0
biography,Plato T. Durham,https://en.wikipedia.org/wiki/Plato_T._Durham,Recommendation,0.0
biography,Candler School of Theology,https://en.wikipedia.org/wiki/Candler_School_of_Theology,Recommendation,0.0
biography,Franklin Nutting Parker,https://en.wikipedia.org/wiki/Franklin_Nutting_Parker,Recommendation,0.0
biography,George Benneh,https://en.wikipedia.org/wiki/George_Benneh,Seed,0.0
biography,Ebenezer Laing,https://en.wikipedia.org/wiki/Ebenezer_Laing,Recommendation,0.0
biography,Ernest Aryeetey,https://en.wikipedia.org/wiki/Ernest_Aryeetey,Recommendation,0.0
biography,Emmanuel Yaw Benneh,https://en.wikipedia.org/wiki/Emmanuel_Yaw_Benneh,Recommendation,0.0
biography,Constantine (son of Basil I),https://en.wikipedia.org/wiki/Constantine_%28son_of_Basil_I%29,Seed,0.0
biography,Macedonian dynasty,https://en.wikipedia.org/wiki/Macedonian_dynasty,Recommendation,0.29
biography,Ermengard of Italy,https://en.wikipedia.org/wiki/Ermengard_of_Italy,Recommendation,0.0
biography,Michael III,https://en.wikipedia.org/wiki/Michael_III,Recommendation,0.29
biography,Lena Taylor,https://en.wikipedia.org/wiki/Lena_Taylor,Seed,0.0
biography,Dora Drake,https://en.wikipedia.org/wiki/Dora_Drake,Recommendation,0.0
biography,LaKeshia Myers,https://en.wikipedia.org/wiki/LaKeshia_Myers,Recommendation,0.0
biography,LaTonya Johnson (politician),https://en.wikipedia.org/wiki/LaTonya_Johnson_%28politician%29,Recommendation,0.0
biography,Edwin P. Morrow,https://en.wikipedia.org/wiki/Edwin_P._Morrow,Seed,0.0
biography,James D. Black,https://en.wikipedia.org/wiki/James_D._Black,Recommendation,0.0
biography,William O'Connell Bradley,https://en.wikipedia.org/wiki/William_O%27Connell_Bradley,Recommendation,0.0
biography,Augustus Owsley Stanley,https://en.wikipedia.org/wiki/Augustus_Owsley_Stanley,Recommendation,0.0
biography,Antiochus XI Epiphanes,https://en.wikipedia.org/wiki/Antiochus_XI_Epiphanes,Seed,0.0
biography,Antiochus XII Dionysus,https://en.wikipedia.org/wiki/Antiochus_XII_Dionysus,Recommendation,0.0
biography,Antiochus XIII Asiaticus,https://en.wikipedia.org/wiki/Antiochus_XIII_Asiaticus,Recommendation,0.0
biography,Antiochus VIII Grypus,https://en.wikipedia.org/wiki/Antiochus_VIII_Grypus,Recommendation,0.0
biography,Eric Surkamp,https://en.wikipedia.org/wiki/Eric_Surkamp,Seed,0.0
biography,Walker Buehler,https://en.wikipedia.org/wiki/Walker_Buehler,Recommendation,0.14
biography,Dan Runzler,https://en.wikipedia.org/wiki/Dan_Runzler,Recommendation,0.0
biography,Joe Kelly (pitcher),https://en.wikipedia.org/wiki/Joe_Kelly_%28pitcher%29,Recommendation,0.0
biography,"Ecgberht, King of Wessex",https://en.wikipedia.org/wiki/Ecgberht%2C_King_of_Wessex,Seed,0.0
biography,Wiglaf of Mercia,https://en.wikipedia.org/wiki/Wiglaf_of_Mercia,Recommendation,0.0
biography,Battle of Ellendun,https://en.wikipedia.org/wiki/Battle_of_Ellendun,Recommendation,0.0
biography,Ealhmund of Kent,https://en.wikipedia.org/wiki/Ealhmund_of_Kent,Recommendation,0.0
biography,Travis Dermott,https://en.wikipedia.org/wiki/Travis_Dermott,Seed,0.0
biography,Justin Holl,https://en.wikipedia.org/wiki/Justin_Holl,Recommendation,0.0
biography,Frank Corrado,https://en.wikipedia.org/wiki/Frank_Corrado,Recommendation,0.0
biography,Calle Rosén,https://en.wikipedia.org/wiki/Calle_Ros%C3%A9n,Recommendation,0.0
biography,Antiochus X Eusebes,https://en.wikipedia.org/wiki/Antiochus_X_Eusebes,Seed,0.0
biography,Seleucus VII Philometor,https://en.wikipedia.org/wiki/Seleucus_VII_Philometor,Recommendation,0.0
biography,Antiochus VII Sidetes,https://en.wikipedia.org/wiki/Antiochus_VII_Sidetes,Recommendation,0.0
biography,Alexander Balas,https://en.wikipedia.org/wiki/Alexander_Balas,Recommendation,0.0
biography,Richard Hawes,https://en.wikipedia.org/wiki/Richard_Hawes,Seed,0.0
biography,Confederate government of Kentucky,https://en.wikipedia.org/wiki/Confederate_government_of_Kentucky,Recommendation,0.0
biography,George W. Johnson (governor),https://en.wikipedia.org/wiki/George_W._Johnson_%28governor%29,Recommendation,0.0
biography,Kentucky in the American Civil War,https://en.wikipedia.org/wiki/Kentucky_in_the_American_Civil_War,Recommendation,0.14
biography,R. A. B. Mynors,https://en.wikipedia.org/wiki/R._A._B._Mynors,Seed,0.0
biography,L. D. Reynolds,https://en.wikipedia.org/wiki/L._D._Reynolds,Recommendation,0.0
biography,Wendell Clausen,https://en.wikipedia.org/wiki/Wendell_Clausen,Recommendation,0.0
biography,Oliver Lyne,https://en.wikipedia.org/wiki/Oliver_Lyne,Recommendation,0.0
biography,Coenred of Mercia,https://en.wikipedia.org/wiki/Coenred_of_Mercia,Seed,0.0
biography,Ceolred of Mercia,https://en.wikipedia.org/wiki/Ceolred_of_Mercia,Recommendation,0.0
biography,Wulfhere of Mercia,https://en.wikipedia.org/wiki/Wulfhere_of_Mercia,Recommendation,0.0
biography,Æthelbald of Mercia,https://en.wikipedia.org/wiki/%C3%86thelbald_of_Mercia,Recommendation,0.0
biography,Isabeau of Bavaria,https://en.wikipedia.org/wiki/Isabeau_of_Bavaria,Seed,0.0
biography,Burgundian (party),https://en.wikipedia.org/wiki/Burgundian_%28party%29,Recommendation,0.0
biography,John the Fearless,https://en.wikipedia.org/wiki/John_the_Fearless,Recommendation,0.0
biography,Armagnac–Burgundian Civil War,https://en.wikipedia.org/wiki/Armagnac%E2%80%93Burgundian_Civil_War,Recommendation,0.0
biography,"Æthelberht, King of Wessex",https://en.wikipedia.org/wiki/%C3%86thelberht%2C_King_of_Wessex,Seed,0.0
biography,Æthelred I of Wessex,https://en.wikipedia.org/wiki/%C3%86thelred_I_of_Wessex,Recommendation,0.0
biography,Æthelwold ætheling,https://en.wikipedia.org/wiki/%C3%86thelwold_%C3%A6theling,Recommendation,0.0
biography,Æthelstan of Kent,https://en.wikipedia.org/wiki/%C3%86thelstan_of_Kent,Recommendation,0.0
biography,William McSherry,https://en.wikipedia.org/wiki/William_McSherry,Seed,0.0
biography,Thomas F. Mulledy,https://en.wikipedia.org/wiki/Thomas_F._Mulledy,Recommendation,0.0
biography,1838 Jesuit slave sale,https://en.wikipedia.org/wiki/1838_Jesuit_slave_sale,Recommendation,0.0
biography,Francis Dzierozynski,https://en.wikipedia.org/wiki/Francis_Dzierozynski,Recommendation,0.0
biography,Cécile Vogt-Mugnier,https://en.wikipedia.org/wiki/C%C3%A9cile_Vogt-Mugnier,Seed,0.0
biography,Oskar Vogt,https://en.wikipedia.org/wiki/Oskar_Vogt,Recommendation,0.0
biography,Brain of Vladimir Lenin,https://en.wikipedia.org/wiki/Brain_of_Vladimir_Lenin,Recommendation,0.0
biography,Max Planck Institute for Brain Research,https://en.wikipedia.org/wiki/Max_Planck_Institute_for_Brain_Research,Recommendation,0.0
biography,Princess Beatrice of the United Kingdom,https://en.wikipedia.org/wiki/Princess_Beatrice_of_the_United_Kingdom,Seed,0.0
biography,Prince Henry of Battenberg,https://en.wikipedia.org/wiki/Prince_Henry_of_Battenberg,Recommendation,0.0
biography,Victoria Eugenie of Battenberg,https://en.wikipedia.org/wiki/Victoria_Eugenie_of_Battenberg,Recommendation,0.14
biography,"St Mildred's Church, Whippingham",https://en.wikipedia.org/wiki/St_Mildred%27s_Church%2C_Whippingham,Recommendation,0.0
biography,Stanley Price Weir,https://en.wikipedia.org/wiki/Stanley_Price_Weir,Seed,0.0
biography,Bill McCann,https://en.wikipedia.org/wiki/Bill_McCann,Recommendation,0.0
biography,Roy Inwood,https://en.wikipedia.org/wiki/Roy_Inwood,Recommendation,0.0
biography,10th Battalion (Australia),https://en.wikipedia.org/wiki/10th_Battalion_%28Australia%29,Recommendation,0.0
biography,Eadbald of Kent,https://en.wikipedia.org/wiki/Eadbald_of_Kent,Seed,0.0
biography,Justus,https://en.wikipedia.org/wiki/Justus,Recommendation,0.0
biography,Paulinus of York,https://en.wikipedia.org/wiki/Paulinus_of_York,Recommendation,0.0
biography,Gregorian mission,https://en.wikipedia.org/wiki/Gregorian_mission,Recommendation,1.0
biography,Demetrius III Eucaerus,https://en.wikipedia.org/wiki/Demetrius_III_Eucaerus,Seed,0.0
biography,Alexander II Zabinas,https://en.wikipedia.org/wiki/Alexander_II_Zabinas,Recommendation,0.0
biography,Diodotus Tryphon,https://en.wikipedia.org/wiki/Diodotus_Tryphon,Recommendation,0.0
biography,Battle of Cana,https://en.wikipedia.org/wiki/Battle_of_Cana,Recommendation,0.0
biography,"Æthelbald, King of Wessex",https://en.wikipedia.org/wiki/%C3%86thelbald%2C_King_of_Wessex,Seed,0.0
biography,"Æthelwulf, King of Wessex",https://en.wikipedia.org/wiki/%C3%86thelwulf%2C_King_of_Wessex,Recommendation,0.0
biography,Osburh,https://en.wikipedia.org/wiki/Osburh,Recommendation,0.0
biography,Eahlstan,https://en.wikipedia.org/wiki/Eahlstan,Recommendation,0.0
biography,Jacquie Sturm,https://en.wikipedia.org/wiki/Jacquie_Sturm,Seed,0.0
biography,James K. Baxter,https://en.wikipedia.org/wiki/James_K._Baxter,Recommendation,0.0
biography,New Zealand literature,https://en.wikipedia.org/wiki/New_Zealand_literature,Recommendation,0.0
biography,Evelyn Patuawa-Nathan,https://en.wikipedia.org/wiki/Evelyn_Patuawa-Nathan,Recommendation,0.0
biography,"Princess Louise, Duchess of Argyll",https://en.wikipedia.org/wiki/Princess_Louise%2C_Duchess_of_Argyll,Seed,0.0
biography,"John Campbell, 9th Duke of Argyll",https://en.wikipedia.org/wiki/John_Campbell%2C_9th_Duke_of_Argyll,Recommendation,0.0
biography,Death and state funeral of Queen Victoria,https://en.wikipedia.org/wiki/Death_and_state_funeral_of_Queen_Victoria,Recommendation,0.0
biography,Princess Victoria of Saxe-Coburg-Saalfeld,https://en.wikipedia.org/wiki/Princess_Victoria_of_Saxe-Coburg-Saalfeld,Recommendation,0.0
biography,Philip I Philadelphus,https://en.wikipedia.org/wiki/Philip_I_Philadelphus,Seed,0.0
biography,Antiochus IX Cyzicenus,https://en.wikipedia.org/wiki/Antiochus_IX_Cyzicenus,Recommendation,0.0
biography,Tryphaena,https://en.wikipedia.org/wiki/Tryphaena,Recommendation,0.0
biography,Cleopatra Thea,https://en.wikipedia.org/wiki/Cleopatra_Thea,Recommendation,0.0
biography,David (son of Heraclius),https://en.wikipedia.org/wiki/David_%28son_of_Heraclius%29,Seed,0.0
biography,Martinus (son of Heraclius),https://en.wikipedia.org/wiki/Martinus_%28son_of_Heraclius%29,Recommendation,0.0
biography,Heraclonas,https://en.wikipedia.org/wiki/Heraclonas,Recommendation,0.0
biography,Martina (empress),https://en.wikipedia.org/wiki/Martina_%28empress%29,Recommendation,0.0
biography,Margaret Fuller,https://en.wikipedia.org/wiki/Margaret_Fuller,Seed,0.0
biography,Woman in the Nineteenth Century,https://en.wikipedia.org/wiki/Woman_in_the_Nineteenth_Century,Recommendation,0.0
biography,James Freeman Clarke,https://en.wikipedia.org/wiki/James_Freeman_Clarke,Recommendation,0.0
biography,Summer on the Lakes,https://en.wikipedia.org/wiki/Summer_on_the_Lakes,Recommendation,0.0
biography,Theodosius III,https://en.wikipedia.org/wiki/Theodosius_III,Seed,0.0
biography,Siege of Constantinople (717–718),https://en.wikipedia.org/wiki/Siege_of_Constantinople_%28717%E2%80%93718%29,Recommendation,0.0
biography,Tiberius III,https://en.wikipedia.org/wiki/Tiberius_III,Recommendation,0.0
biography,Leo III the Isaurian,https://en.wikipedia.org/wiki/Leo_III_the_Isaurian,Recommendation,0.14
biography,Melford Stevenson,https://en.wikipedia.org/wiki/Melford_Stevenson,Seed,0.0
biography,Death of Edith Alice Morrell,https://en.wikipedia.org/wiki/Death_of_Edith_Alice_Morrell,Recommendation,0.0
biography,Frederick Geoffrey Lawrence,https://en.wikipedia.org/wiki/Frederick_Geoffrey_Lawrence,Recommendation,0.0
biography,Travers Humphreys,https://en.wikipedia.org/wiki/Travers_Humphreys,Recommendation,0.0
biography,Caroline of Ansbach,https://en.wikipedia.org/wiki/Caroline_of_Ansbach,Seed,0.0
biography,Sophia Charlotte of Hanover,https://en.wikipedia.org/wiki/Sophia_Charlotte_of_Hanover,Recommendation,0.0
biography,Princess Caroline of Great Britain,https://en.wikipedia.org/wiki/Princess_Caroline_of_Great_Britain,Recommendation,0.0
biography,Princess Eleonore Erdmuthe of Saxe-Eisenach,https://en.wikipedia.org/wiki/Princess_Eleonore_Erdmuthe_of_Saxe-Eisenach,Recommendation,0.0
biography,Princess Victoria of Hesse and by Rhine,https://en.wikipedia.org/wiki/Princess_Victoria_of_Hesse_and_by_Rhine,Seed,0.0
biography,Battenberg family,https://en.wikipedia.org/wiki/Battenberg_family,Recommendation,0.0
biography,"Julia, Princess of Battenberg",https://en.wikipedia.org/wiki/Julia%2C_Princess_of_Battenberg,Recommendation,0.0
biography,Prince Louis of Battenberg,https://en.wikipedia.org/wiki/Prince_Louis_of_Battenberg,Recommendation,0.14
biography,Bill Brennan (boxer),https://en.wikipedia.org/wiki/Bill_Brennan_%28boxer%29,Seed,0.14
biography,Jack Renault,https://en.wikipedia.org/wiki/Jack_Renault,Recommendation,0.0
biography,Al McCoy (boxer),https://en.wikipedia.org/wiki/Al_McCoy_%28boxer%29,Recommendation,0.14
biography,Floyd Johnson,https://en.wikipedia.org/wiki/Floyd_Johnson,Recommendation,0.29
biography,Raymond Pace Alexander,https://en.wikipedia.org/wiki/Raymond_Pace_Alexander,Seed,0.0
biography,Henry W. Sawyer,https://en.wikipedia.org/wiki/Henry_W._Sawyer,Recommendation,0.0
biography,1957 Philadelphia municipal election,https://en.wikipedia.org/wiki/1957_Philadelphia_municipal_election,Recommendation,0.0
biography,Samuel Rose (Philadelphia politician),https://en.wikipedia.org/wiki/Samuel_Rose_%28Philadelphia_politician%29,Recommendation,0.0
biography,Empress Matilda,https://en.wikipedia.org/wiki/Empress_Matilda,Seed,0.14
biography,The Anarchy,https://en.wikipedia.org/wiki/The_Anarchy,Recommendation,0.0
biography,"Stephen, King of England",https://en.wikipedia.org/wiki/Stephen%2C_King_of_England,Recommendation,0.0
biography,Siege of Oxford (1142),https://en.wikipedia.org/wiki/Siege_of_Oxford_%281142%29,Recommendation,0.0
biography,Anne Hutchinson,https://en.wikipedia.org/wiki/Anne_Hutchinson,Seed,0.0
biography,Antinomian Controversy,https://en.wikipedia.org/wiki/Antinomian_Controversy,Recommendation,0.0
biography,Edward Hutchinson (mercer),https://en.wikipedia.org/wiki/Edward_Hutchinson_%28mercer%29,Recommendation,0.0
biography,John Wheelwright,https://en.wikipedia.org/wiki/John_Wheelwright,Recommendation,0.0
biography,Nadezhda Stasova,https://en.wikipedia.org/wiki/Nadezhda_Stasova,Seed,0.0
biography,Anna Filosofova,https://en.wikipedia.org/wiki/Anna_Filosofova,Recommendation,0.0
biography,Bestuzhev Courses,https://en.wikipedia.org/wiki/Bestuzhev_Courses,Recommendation,0.14
biography,"Mary, Queen of Scots",https://en.wikipedia.org/wiki/Mary%2C_Queen_of_Scots,Seed,0.29
biography,"Henry Stuart, Lord Darnley",https://en.wikipedia.org/wiki/Henry_Stuart%2C_Lord_Darnley,Recommendation,0.0
biography,"Execution of Mary, Queen of Scots",https://en.wikipedia.org/wiki/Execution_of_Mary%2C_Queen_of_Scots,Recommendation,0.0
biography,"Mary, Queen of Scots (1971 film)",https://en.wikipedia.org/wiki/Mary%2C_Queen_of_Scots_%281971_film%29,Recommendation,0.0
biography,Mary II,https://en.wikipedia.org/wiki/Mary_II,Seed,0.0
biography,William III of England,https://en.wikipedia.org/wiki/William_III_of_England,Recommendation,0.57
biography,George II of Great Britain,https://en.wikipedia.org/wiki/George_II_of_Great_Britain,Recommendation,0.29
biography,Mary of Modena,https://en.wikipedia.org/wiki/Mary_of_Modena,Recommendation,0.14
biography,Seleucus VI Epiphanes,https://en.wikipedia.org/wiki/Seleucus_VI_Epiphanes,Seed,0.0
biography,Seleucid Dynastic Wars,https://en.wikipedia.org/wiki/Seleucid_Dynastic_Wars,Recommendation,0.0
biography,Seleucid coinage,https://en.wikipedia.org/wiki/Seleucid_coinage,Recommendation,0.0
biography,Antiochus VI Dionysus,https://en.wikipedia.org/wiki/Antiochus_VI_Dionysus,Recommendation,0.0
biography,David Hillhouse Buel (priest),https://en.wikipedia.org/wiki/David_Hillhouse_Buel_%28priest%29,Seed,0.0
biography,Oliver Prince Buel,https://en.wikipedia.org/wiki/Oliver_Prince_Buel,Recommendation,0.0
biography,David Hillhouse Buel (soldier),https://en.wikipedia.org/wiki/David_Hillhouse_Buel_%28soldier%29,Recommendation,0.0
biography,Jerome Daugherty,https://en.wikipedia.org/wiki/Jerome_Daugherty,Recommendation,0.0
biography,Óengus I,https://en.wikipedia.org/wiki/%C3%93engus_I,Seed,0.0
biography,Nechtan mac Der-Ilei,https://en.wikipedia.org/wiki/Nechtan_mac_Der-Ilei,Recommendation,0.0
biography,Picts,https://en.wikipedia.org/wiki/Picts,Recommendation,0.0
biography,Óengus II,https://en.wikipedia.org/wiki/%C3%93engus_II,Recommendation,0.0
biography,Alexandra of Denmark,https://en.wikipedia.org/wiki/Alexandra_of_Denmark,Seed,0.0
biography,Wedding of Prince Albert Edward and Princess Alexandra,https://en.wikipedia.org/wiki/Wedding_of_Prince_Albert_Edward_and_Princess_Alexandra,Recommendation,0.0
biography,Death and funeral of Alexandra of Denmark,https://en.wikipedia.org/wiki/Death_and_funeral_of_Alexandra_of_Denmark,Recommendation,0.0
biography,Princess Helena of the United Kingdom,https://en.wikipedia.org/wiki/Princess_Helena_of_the_United_Kingdom,Recommendation,0.0
women,Erin Osborne,https://en.wikipedia.org/wiki/Erin_Osborne,Seed,0.0
women,Sarah Elliott (cricketer),https://en.wikipedia.org/wiki/Sarah_Elliott_%28cricketer%29,Recommendation,0.0
women,Sarah Andrews (cricketer),https://en.wikipedia.org/wiki/Sarah_Andrews_%28cricketer%29,Recommendation,0.0
women,Lauren Ebsary,https://en.wikipedia.org/wiki/Lauren_Ebsary,Recommendation,0.0
women,Diana Bulimar,https://en.wikipedia.org/wiki/Diana_Bulimar,Seed,0.0
women,Larisa Iordache,https://en.wikipedia.org/wiki/Larisa_Iordache,Recommendation,0.14
women,Cătălina Ponor,https://en.wikipedia.org/wiki/C%C4%83t%C4%83lina_Ponor,Recommendation,0.14
women,Aliya Mustafina,https://en.wikipedia.org/wiki/Aliya_Mustafina,Recommendation,0.0
women,Germany women's national football team,https://en.wikipedia.org/wiki/Germany_women%27s_national_football_team,Seed,0.0
women,Inka Grings,https://en.wikipedia.org/wiki/Inka_Grings,Recommendation,0.0
women,Football in Germany,https://en.wikipedia.org/wiki/Football_in_Germany,Recommendation,0.0
women,Svenja Huth,https://en.wikipedia.org/wiki/Svenja_Huth,Recommendation,0.0
women,Rose Cleveland,https://en.wikipedia.org/wiki/Rose_Cleveland,Seed,0.0
women,Evangeline Marrs Whipple,https://en.wikipedia.org/wiki/Evangeline_Marrs_Whipple,Recommendation,0.0
women,Wedding of Grover Cleveland and Frances Folsom,https://en.wikipedia.org/wiki/Wedding_of_Grover_Cleveland_and_Frances_Folsom,Recommendation,0.0
women,Frances Cleveland,https://en.wikipedia.org/wiki/Frances_Cleveland,Recommendation,0.14
women,Today Is Your Day,https://en.wikipedia.org/wiki/Today_Is_Your_Day,Seed,0.0
women,Shania: Still the One,https://en.wikipedia.org/wiki/Shania%3A_Still_the_One,Recommendation,0.0
women,Any Man of Mine,https://en.wikipedia.org/wiki/Any_Man_of_Mine,Recommendation,0.0
women,Whose Bed Have Your Boots Been Under?,https://en.wikipedia.org/wiki/Whose_Bed_Have_Your_Boots_Been_Under%3F,Recommendation,0.0
women,Marjory Stoneman Douglas,https://en.wikipedia.org/wiki/Marjory_Stoneman_Douglas,Seed,0.0
women,The Everglades: River of Grass,https://en.wikipedia.org/wiki/The_Everglades%3A_River_of_Grass,Recommendation,0.0
women,Ernest F. Coe,https://en.wikipedia.org/wiki/Ernest_F._Coe,Recommendation,0.0
women,Friends of the Everglades,https://en.wikipedia.org/wiki/Friends_of_the_Everglades,Recommendation,0.0
women,Janet Scudder,https://en.wikipedia.org/wiki/Janet_Scudder,Seed,0.0
women,Marie Goth,https://en.wikipedia.org/wiki/Marie_Goth,Recommendation,0.0
women,Otto Stark,https://en.wikipedia.org/wiki/Otto_Stark,Recommendation,0.0
women,Frederick William MacMonnies,https://en.wikipedia.org/wiki/Frederick_William_MacMonnies,Recommendation,0.0
women,Women in archaeology,https://en.wikipedia.org/wiki/Women_in_archaeology,Seed,0.0
women,Encarnación Cabré,https://en.wikipedia.org/wiki/Encarnaci%C3%B3n_Cabr%C3%A9,Recommendation,0.0
women,Gertrude Caton Thompson,https://en.wikipedia.org/wiki/Gertrude_Caton_Thompson,Recommendation,0.0
women,Isabel Clarisa Millan Garcia,https://en.wikipedia.org/wiki/Isabel_Clarisa_Millan_Garcia,Recommendation,0.0
women,Mabel Ping-Hua Lee,https://en.wikipedia.org/wiki/Mabel_Ping-Hua_Lee,Seed,0.0
women,Clara Elizabeth Chan Lee,https://en.wikipedia.org/wiki/Clara_Elizabeth_Chan_Lee,Recommendation,0.0
women,Oreola Williams Haskell,https://en.wikipedia.org/wiki/Oreola_Williams_Haskell,Recommendation,0.0
women,Harriet Burton Laidlaw,https://en.wikipedia.org/wiki/Harriet_Burton_Laidlaw,Recommendation,0.0
women,Jesse Compher,https://en.wikipedia.org/wiki/Jesse_Compher,Seed,0.0
women,Jamie Lee Rattray,https://en.wikipedia.org/wiki/Jamie_Lee_Rattray,Recommendation,0.0
women,Brianne Jenner,https://en.wikipedia.org/wiki/Brianne_Jenner,Recommendation,0.0
women,Marie-Philip Poulin,https://en.wikipedia.org/wiki/Marie-Philip_Poulin,Recommendation,0.0
women,María Teresa Ferrari,https://en.wikipedia.org/wiki/Mar%C3%ADa_Teresa_Ferrari,Seed,0.0
women,Julieta Lanteri,https://en.wikipedia.org/wiki/Julieta_Lanteri,Recommendation,0.0
women,Petrona Eyle,https://en.wikipedia.org/wiki/Petrona_Eyle,Recommendation,0.0
women,Ernestina A. López,https://en.wikipedia.org/wiki/Ernestina_A._L%C3%B3pez,Recommendation,0.0
women,Jane Sharp,https://en.wikipedia.org/wiki/Jane_Sharp,Seed,0.29
women,Elizabeth Nihell,https://en.wikipedia.org/wiki/Elizabeth_Nihell,Recommendation,0.0
women,Margaret Stephen (midwife),https://en.wikipedia.org/wiki/Margaret_Stephen_%28midwife%29,Recommendation,0.0
women,Women medical practitioners in Early Modern Europe,https://en.wikipedia.org/wiki/Women_medical_practitioners_in_Early_Modern_Europe,Recommendation,0.0
women,Mary of Teck,https://en.wikipedia.org/wiki/Mary_of_Teck,Seed,0.0
women,Wedding of Prince George and Princess Victoria Mary,https://en.wikipedia.org/wiki/Wedding_of_Prince_George_and_Princess_Victoria_Mary,Recommendation,0.0
women,"The Marriage of George, Duke of York, with Princess Mary of Teck",https://en.wikipedia.org/wiki/The_Marriage_of_George%2C_Duke_of_York%2C_with_Princess_Mary_of_Teck,Recommendation,0.0
women,Princess Victoria of the United Kingdom,https://en.wikipedia.org/wiki/Princess_Victoria_of_the_United_Kingdom,Recommendation,0.0
women,Shannon Lucid,https://en.wikipedia.org/wiki/Shannon_Lucid,Seed,0.0
women,STS-79,https://en.wikipedia.org/wiki/STS-79,Recommendation,0.0
women,STS-76,https://en.wikipedia.org/wiki/STS-76,Recommendation,0.0
women,STS-34,https://en.wikipedia.org/wiki/STS-34,Recommendation,0.14
women,Women in Tuvalu,https://en.wikipedia.org/wiki/Women_in_Tuvalu,Seed,0.0
women,Human rights in Tuvalu,https://en.wikipedia.org/wiki/Human_rights_in_Tuvalu,Recommendation,0.0
women,Tuvalu National Council for Women,https://en.wikipedia.org/wiki/Tuvalu_National_Council_for_Women,Recommendation,0.0
women,Tuvalu,https://en.wikipedia.org/wiki/Tuvalu,Recommendation,0.29
women,Jade Kovacevic,https://en.wikipedia.org/wiki/Jade_Kovacevic,Seed,0.0
women,Riley Ferrazzo,https://en.wikipedia.org/wiki/Riley_Ferrazzo,Recommendation,0.0
women,Jevontae Layne,https://en.wikipedia.org/wiki/Jevontae_Layne,Recommendation,0.0
women,Nailah Rowe,https://en.wikipedia.org/wiki/Nailah_Rowe,Recommendation,0.0
women,Luisa Capetillo,https://en.wikipedia.org/wiki/Luisa_Capetillo,Seed,0.0
women,Ensayos libertarios,https://en.wikipedia.org/wiki/Ensayos_libertarios,Recommendation,0.0
women,Influencia de las ideas modernas,https://en.wikipedia.org/wiki/Influencia_de_las_ideas_modernas,Recommendation,0.0
women,Milagros Benet de Mewton,https://en.wikipedia.org/wiki/Milagros_Benet_de_Mewton,Recommendation,0.0
women,Patricia Woodlock,https://en.wikipedia.org/wiki/Patricia_Woodlock,Seed,0.0
women,Mary Phillips (suffragette),https://en.wikipedia.org/wiki/Mary_Phillips_%28suffragette%29,Recommendation,0.0
women,Annie Kenney,https://en.wikipedia.org/wiki/Annie_Kenney,Recommendation,0.0
women,Alice Davies,https://en.wikipedia.org/wiki/Alice_Davies,Recommendation,0.0
women,Arsenal Women 11–1 Bristol City Women,https://en.wikipedia.org/wiki/Arsenal_Women_11%E2%80%931_Bristol_City_Women,Seed,0.0
women,Vivianne Miedema,https://en.wikipedia.org/wiki/Vivianne_Miedema,Recommendation,0.29
women,2018–19 FA WSL,https://en.wikipedia.org/wiki/2018%E2%80%9319_FA_WSL,Recommendation,0.0
women,2019 FA Women's League Cup final,https://en.wikipedia.org/wiki/2019_FA_Women%27s_League_Cup_final,Recommendation,0.0
women,Rachel Carson,https://en.wikipedia.org/wiki/Rachel_Carson,Seed,0.14
women,Silent Spring,https://en.wikipedia.org/wiki/Silent_Spring,Recommendation,0.0
women,Shirley Briggs,https://en.wikipedia.org/wiki/Shirley_Briggs,Recommendation,0.0
women,Lucille Farrier Stickel,https://en.wikipedia.org/wiki/Lucille_Farrier_Stickel,Recommendation,0.0
women,1999 FIFA Women's World Cup,https://en.wikipedia.org/wiki/1999_FIFA_Women%27s_World_Cup,Seed,0.0
women,2003 FIFA Women's World Cup,https://en.wikipedia.org/wiki/2003_FIFA_Women%27s_World_Cup,Recommendation,0.0
women,United States at the FIFA Women's World Cup,https://en.wikipedia.org/wiki/United_States_at_the_FIFA_Women%27s_World_Cup,Recommendation,0.0
women,Norway at the FIFA Women's World Cup,https://en.wikipedia.org/wiki/Norway_at_the_FIFA_Women%27s_World_Cup,Recommendation,0.0
women,Eliza Frances Andrews,https://en.wikipedia.org/wiki/Eliza_Frances_Andrews,Seed,0.0
women,The War-Time Journal of a Georgia Girl,https://en.wikipedia.org/wiki/The_War-Time_Journal_of_a_Georgia_Girl,Recommendation,0.0
women,Eliza Standerwick Gregory,https://en.wikipedia.org/wiki/Eliza_Standerwick_Gregory,Recommendation,0.0
women,Ladies' London Emancipation Society,https://en.wikipedia.org/wiki/Ladies%27_London_Emancipation_Society,Recommendation,0.0
women,Proserpine (play),https://en.wikipedia.org/wiki/Proserpine_%28play%29,Seed,0.0
women,Midas (Shelley play),https://en.wikipedia.org/wiki/Midas_%28Shelley_play%29,Recommendation,0.0
women,Metamorphoses (play),https://en.wikipedia.org/wiki/Metamorphoses_%28play%29,Recommendation,0.0
women,Persephone in popular culture,https://en.wikipedia.org/wiki/Persephone_in_popular_culture,Recommendation,0.0
women,Vivien Leigh,https://en.wikipedia.org/wiki/Vivien_Leigh,Seed,0.0
women,Suzanne Farrington,https://en.wikipedia.org/wiki/Suzanne_Farrington,Recommendation,0.0
women,Jill Esmond,https://en.wikipedia.org/wiki/Jill_Esmond,Recommendation,0.0
women,Gone with the Wind (film),https://en.wikipedia.org/wiki/Gone_with_the_Wind_%28film%29,Recommendation,0.29
women,Jessie Murray,https://en.wikipedia.org/wiki/Jessie_Murray,Seed,0.0
women,Julia Turner (psychoanalyst),https://en.wikipedia.org/wiki/Julia_Turner_%28psychoanalyst%29,Recommendation,0.0
women,Ethilda Herford,https://en.wikipedia.org/wiki/Ethilda_Herford,Recommendation,0.0
women,Sylvia Payne,https://en.wikipedia.org/wiki/Sylvia_Payne,Recommendation,0.0
women,Riley McCusker,https://en.wikipedia.org/wiki/Riley_McCusker,Seed,0.0
women,Leanne Wong,https://en.wikipedia.org/wiki/Leanne_Wong,Recommendation,0.14
women,Morgan Hurd,https://en.wikipedia.org/wiki/Morgan_Hurd,Recommendation,0.0
women,Kara Eaker,https://en.wikipedia.org/wiki/Kara_Eaker,Recommendation,0.0
women,Katharine Hepburn,https://en.wikipedia.org/wiki/Katharine_Hepburn,Seed,0.29
women,Spencer Tracy,https://en.wikipedia.org/wiki/Spencer_Tracy,Recommendation,0.0
women,Garson Kanin,https://en.wikipedia.org/wiki/Garson_Kanin,Recommendation,0.0
women,Pat and Mike,https://en.wikipedia.org/wiki/Pat_and_Mike,Recommendation,0.0
women,Elisabeth Samson,https://en.wikipedia.org/wiki/Elisabeth_Samson,Seed,0.0
women,Elisabeth Samson House,https://en.wikipedia.org/wiki/Elisabeth_Samson_House,Recommendation,0.0
women,Cynthia McLeod,https://en.wikipedia.org/wiki/Cynthia_McLeod,Recommendation,0.0
women,Maria Vlier,https://en.wikipedia.org/wiki/Maria_Vlier,Recommendation,0.0
women,Mariette Leslie Cotton,https://en.wikipedia.org/wiki/Mariette_Leslie_Cotton,Seed,0.0
women,Adolfo Müller-Ury,https://en.wikipedia.org/wiki/Adolfo_M%C3%BCller-Ury,Recommendation,0.0
women,Amalie Sara Colquhoun,https://en.wikipedia.org/wiki/Amalie_Sara_Colquhoun,Recommendation,0.0
women,Frances C. Fairman,https://en.wikipedia.org/wiki/Frances_C._Fairman,Recommendation,0.0
women,Emma Stone,https://en.wikipedia.org/wiki/Emma_Stone,Seed,0.14
women,Poor Things (film),https://en.wikipedia.org/wiki/Poor_Things_%28film%29,Recommendation,0.43
women,The Favourite (2018 film),https://en.wikipedia.org/wiki/The_Favourite_%282018_film%29,Recommendation,0.14
women,Margaret Qualley,https://en.wikipedia.org/wiki/Margaret_Qualley,Recommendation,0.29
women,Reese Witherspoon,https://en.wikipedia.org/wiki/Reese_Witherspoon,Seed,0.14
women,Ryan Phillippe,https://en.wikipedia.org/wiki/Ryan_Phillippe,Recommendation,0.29
women,Hello Sunshine (company),https://en.wikipedia.org/wiki/Hello_Sunshine_%28company%29,Recommendation,0.0
women,Wild (2014 film),https://en.wikipedia.org/wiki/Wild_%282014_film%29,Recommendation,0.0
women,Princess Charlotte of Wales (1796–1817),https://en.wikipedia.org/wiki/Princess_Charlotte_of_Wales_%281796%E2%80%931817%29,Seed,0.0
women,Caroline of Brunswick,https://en.wikipedia.org/wiki/Caroline_of_Brunswick,Recommendation,0.0
women,The First Gentleman,https://en.wikipedia.org/wiki/The_First_Gentleman,Recommendation,0.0
women,"Christian Friedrich, Baron Stockmar",https://en.wikipedia.org/wiki/Christian_Friedrich%2C_Baron_Stockmar,Recommendation,0.0
women,Me Too (Meghan Trainor song),https://en.wikipedia.org/wiki/Me_Too_%28Meghan_Trainor_song%29,Seed,0.0
women,No Excuses (Meghan Trainor song),https://en.wikipedia.org/wiki/No_Excuses_%28Meghan_Trainor_song%29,Recommendation,0.0
women,Can't Dance (Meghan Trainor song),https://en.wikipedia.org/wiki/Can%27t_Dance_%28Meghan_Trainor_song%29,Recommendation,0.0
women,Let You Be Right,https://en.wikipedia.org/wiki/Let_You_Be_Right,Recommendation,0.0
women,Inter-Allied Women's Conference,https://en.wikipedia.org/wiki/Inter-Allied_Women%27s_Conference,Seed,0.0
women,Lillian G. Kohlhamer,https://en.wikipedia.org/wiki/Lillian_G._Kohlhamer,Recommendation,0.0
women,Marguerite de Witt-Schlumberger,https://en.wikipedia.org/wiki/Marguerite_de_Witt-Schlumberger,Recommendation,0.0
women,Valentine Thomson,https://en.wikipedia.org/wiki/Valentine_Thomson,Recommendation,0.0
women,Amy Adams,https://en.wikipedia.org/wiki/Amy_Adams,Seed,0.0
women,Enchanted (film),https://en.wikipedia.org/wiki/Enchanted_%28film%29,Recommendation,0.29
women,Rachel McAdams,https://en.wikipedia.org/wiki/Rachel_McAdams,Recommendation,0.14
women,Giselle (Enchanted),https://en.wikipedia.org/wiki/Giselle_%28Enchanted%29,Recommendation,0.0
women,Emily Davison,https://en.wikipedia.org/wiki/Emily_Davison,Seed,0.29
women,1913 Epsom Derby,https://en.wikipedia.org/wiki/1913_Epsom_Derby,Recommendation,0.0
women,Mary Leigh,https://en.wikipedia.org/wiki/Mary_Leigh,Recommendation,0.0
women,Tattenham Corner,https://en.wikipedia.org/wiki/Tattenham_Corner,Recommendation,0.0
women,Sabrina Sidney,https://en.wikipedia.org/wiki/Sabrina_Sidney,Seed,0.0
women,Thomas Day (writer),https://en.wikipedia.org/wiki/Thomas_Day_%28writer%29,Recommendation,0.0
women,Honora Sneyd,https://en.wikipedia.org/wiki/Honora_Sneyd,Recommendation,0.0
women,Anna Seward,https://en.wikipedia.org/wiki/Anna_Seward,Recommendation,0.0
women,Club Rocker,https://en.wikipedia.org/wiki/Club_Rocker,Seed,0.0
women,I Am the Club Rocker,https://en.wikipedia.org/wiki/I_Am_the_Club_Rocker,Recommendation,0.0
women,Endless (Inna song),https://en.wikipedia.org/wiki/Endless_%28Inna_song%29,Recommendation,0.0
women,Un Momento,https://en.wikipedia.org/wiki/Un_Momento,Recommendation,0.0
women,Alice Freeman Palmer,https://en.wikipedia.org/wiki/Alice_Freeman_Palmer,Seed,0.0
women,George Herbert Palmer,https://en.wikipedia.org/wiki/George_Herbert_Palmer,Recommendation,0.0
women,Marion Talbot,https://en.wikipedia.org/wiki/Marion_Talbot,Recommendation,0.0
women,Mary Emma Woolley,https://en.wikipedia.org/wiki/Mary_Emma_Woolley,Recommendation,0.0
women,Gwen Stefani,https://en.wikipedia.org/wiki/Gwen_Stefani,Seed,0.29
women,Harajuku Lovers Tour,https://en.wikipedia.org/wiki/Harajuku_Lovers_Tour,Recommendation,0.0
women,You Make It Feel Like Christmas,https://en.wikipedia.org/wiki/You_Make_It_Feel_Like_Christmas,Recommendation,0.0
women,This Is What the Truth Feels Like,https://en.wikipedia.org/wiki/This_Is_What_the_Truth_Feels_Like,Recommendation,0.0
women,Jennifer Lawrence,https://en.wikipedia.org/wiki/Jennifer_Lawrence,Seed,0.29
women,The Hunger Games (franchise),https://en.wikipedia.org/wiki/The_Hunger_Games_%28franchise%29,Recommendation,0.14
women,The Hunger Games: Mockingjay – Part 2,https://en.wikipedia.org/wiki/The_Hunger_Games%3A_Mockingjay_%E2%80%93_Part_2,Recommendation,0.29
women,The Hunger Games: Catching Fire,https://en.wikipedia.org/wiki/The_Hunger_Games%3A_Catching_Fire,Recommendation,0.0
women,Women's liberation movement in North America,https://en.wikipedia.org/wiki/Women%27s_liberation_movement_in_North_America,Seed,0.0
women,Redstockings,https://en.wikipedia.org/wiki/Redstockings,Recommendation,0.29
women,The personal is political,https://en.wikipedia.org/wiki/The_personal_is_political,Recommendation,0.0
women,Consciousness raising,https://en.wikipedia.org/wiki/Consciousness_raising,Recommendation,0.0
women,Jessica Chastain,https://en.wikipedia.org/wiki/Jessica_Chastain,Seed,0.0
women,Freckle Films,https://en.wikipedia.org/wiki/Freckle_Films,Recommendation,0.0
women,The Eyes of Tammy Faye (2021 film),https://en.wikipedia.org/wiki/The_Eyes_of_Tammy_Faye_%282021_film%29,Recommendation,0.29
women,George & Tammy,https://en.wikipedia.org/wiki/George_%26_Tammy,Recommendation,0.0
women,Tara Lipinski,https://en.wikipedia.org/wiki/Tara_Lipinski,Seed,0.0
women,Michelle Kwan,https://en.wikipedia.org/wiki/Michelle_Kwan,Recommendation,0.14
women,Chen Lu (figure skater),https://en.wikipedia.org/wiki/Chen_Lu_%28figure_skater%29,Recommendation,0.0
women,Figure skating at the 1998 Winter Olympics,https://en.wikipedia.org/wiki/Figure_skating_at_the_1998_Winter_Olympics,Recommendation,0.0
women,Kim Clijsters,https://en.wikipedia.org/wiki/Kim_Clijsters,Seed,0.0
women,Justine Henin,https://en.wikipedia.org/wiki/Justine_Henin,Recommendation,0.0
women,Kirsten Flipkens,https://en.wikipedia.org/wiki/Kirsten_Flipkens,Recommendation,0.0
women,Clijsters–Henin rivalry,https://en.wikipedia.org/wiki/Clijsters%E2%80%93Henin_rivalry,Recommendation,0.0
women,Tessa Sanderson,https://en.wikipedia.org/wiki/Tessa_Sanderson,Seed,0.0
women,Fatima Whitbread,https://en.wikipedia.org/wiki/Fatima_Whitbread,Recommendation,0.0
women,Sharon Gibson,https://en.wikipedia.org/wiki/Sharon_Gibson,Recommendation,0.0
women,Shelley Holroyd,https://en.wikipedia.org/wiki/Shelley_Holroyd,Recommendation,0.0
women,What You Waiting For?,https://en.wikipedia.org/wiki/What_You_Waiting_For%3F,Seed,0.0
women,Love. Angel. Music. Baby.,https://en.wikipedia.org/wiki/Love._Angel._Music._Baby.,Recommendation,0.29
women,Rich Girl (Gwen Stefani song),https://en.wikipedia.org/wiki/Rich_Girl_%28Gwen_Stefani_song%29,Recommendation,0.0
women,Luxurious,https://en.wikipedia.org/wiki/Luxurious,Recommendation,0.0
women,The Story of Miss Moppet,https://en.wikipedia.org/wiki/The_Story_of_Miss_Moppet,Seed,0.0
women,The Tale of Tom Kitten,https://en.wikipedia.org/wiki/The_Tale_of_Tom_Kitten,Recommendation,0.0
women,The Story of a Fierce Bad Rabbit,https://en.wikipedia.org/wiki/The_Story_of_a_Fierce_Bad_Rabbit,Recommendation,0.0
women,The Tale of the Pie and the Patty-Pan,https://en.wikipedia.org/wiki/The_Tale_of_the_Pie_and_the_Patty-Pan,Recommendation,0.0
women,Figure skating at the 2022 Winter Olympics – Women's singles,https://en.wikipedia.org/wiki/Figure_skating_at_the_2022_Winter_Olympics_%E2%80%93_Women%27s_singles,Seed,0.0
women,Kamila Valieva,https://en.wikipedia.org/wiki/Kamila_Valieva,Recommendation,0.71
women,Anna Shcherbakova,https://en.wikipedia.org/wiki/Anna_Shcherbakova,Recommendation,0.14
women,Alexandra Trusova,https://en.wikipedia.org/wiki/Alexandra_Trusova,Recommendation,0.86
women,Anne of Denmark,https://en.wikipedia.org/wiki/Anne_of_Denmark,Seed,0.0
women,The Masque of Indian and China Knights,https://en.wikipedia.org/wiki/The_Masque_of_Indian_and_China_Knights,Recommendation,0.0
women,Prince Henry's Welcome at Winchester,https://en.wikipedia.org/wiki/Prince_Henry%27s_Welcome_at_Winchester,Recommendation,0.14
women,James VI and I,https://en.wikipedia.org/wiki/James_VI_and_I,Recommendation,1.14
business-and-economics,Economic policy,https://en.wikipedia.org/wiki/Economic_policy,Seed,0.0
business-and-economics,Macroeconomics,https://en.wikipedia.org/wiki/Macroeconomics,Recommendation,0.14
business-and-economics,Henry Calvert Simons,https://en.wikipedia.org/wiki/Henry_Calvert_Simons,Recommendation,0.0
business-and-economics,Fiscal policy,https://en.wikipedia.org/wiki/Fiscal_policy,Recommendation,0.0
business-and-economics,Private-equity secondary market,https://en.wikipedia.org/wiki/Private-equity_secondary_market,Seed,0.29
business-and-economics,AlpInvest Partners,https://en.wikipedia.org/wiki/AlpInvest_Partners,Recommendation,0.0
business-and-economics,Paul Capital,https://en.wikipedia.org/wiki/Paul_Capital,Recommendation,0.0
business-and-economics,NAV lending,https://en.wikipedia.org/wiki/NAV_lending,Recommendation,0.0
business-and-economics,September 2019 events in the U.S. repo market,https://en.wikipedia.org/wiki/September_2019_events_in_the_U.S._repo_market,Seed,0.0
business-and-economics,Interbank lending market,https://en.wikipedia.org/wiki/Interbank_lending_market,Recommendation,0.0
business-and-economics,Repurchase agreement,https://en.wikipedia.org/wiki/Repurchase_agreement,Recommendation,0.0
business-and-economics,Discount window,https://en.wikipedia.org/wiki/Discount_window,Recommendation,0.14
business-and-economics,Interstate Bakeries,https://en.wikipedia.org/wiki/Interstate_Bakeries,Seed,0.29
business-and-economics,Hostess Brands,https://en.wikipedia.org/wiki/Hostess_Brands,Recommendation,0.43
business-and-economics,Wonder Bread,https://en.wikipedia.org/wiki/Wonder_Bread,Recommendation,0.0
business-and-economics,Hostess CupCake,https://en.wikipedia.org/wiki/Hostess_CupCake,Recommendation,0.14
business-and-economics,Confederation of Turkish Trade Unions,https://en.wikipedia.org/wiki/Confederation_of_Turkish_Trade_Unions,Seed,9.29
business-and-economics,Confederation of Revolutionary Trade Unions of Turkey,https://en.wikipedia.org/wiki/Confederation_of_Revolutionary_Trade_Unions_of_Turkey,Recommendation,0.0
business-and-economics,June 15–16 events (Turkey),https://en.wikipedia.org/wiki/June_15%E2%80%9316_events_%28Turkey%29,Recommendation,0.0
business-and-economics,Tekel workers' protests,https://en.wikipedia.org/wiki/Tekel_workers%27_protests,Recommendation,0.0
business-and-economics,Cendant,https://en.wikipedia.org/wiki/Cendant,Seed,0.0
business-and-economics,Henry Silverman,https://en.wikipedia.org/wiki/Henry_Silverman,Recommendation,0.0
business-and-economics,Travel + Leisure Co.,https://en.wikipedia.org/wiki/Travel_%2B_Leisure_Co.,Recommendation,0.0
business-and-economics,Travelodge,https://en.wikipedia.org/wiki/Travelodge,Recommendation,0.0
business-and-economics,Stock-flow consistent model,https://en.wikipedia.org/wiki/Stock-flow_consistent_model,Seed,0.0
business-and-economics,Wynne Godley,https://en.wikipedia.org/wiki/Wynne_Godley,Recommendation,0.0
business-and-economics,Marc Lavoie,https://en.wikipedia.org/wiki/Marc_Lavoie,Recommendation,0.0
business-and-economics,Post-Keynesian economics,https://en.wikipedia.org/wiki/Post-Keynesian_economics,Recommendation,0.0
business-and-economics,Halloren Chocolate Factory,https://en.wikipedia.org/wiki/Halloren_Chocolate_Factory,Seed,0.0
business-and-economics,Zotter Schokolade,https://en.wikipedia.org/wiki/Zotter_Schokolade,Recommendation,0.0
business-and-economics,Maestrani,https://en.wikipedia.org/wiki/Maestrani,Recommendation,0.0
business-and-economics,Läderach,https://en.wikipedia.org/wiki/L%C3%A4derach,Recommendation,0.0
business-and-economics,Ericsson Mobile Communications,https://en.wikipedia.org/wiki/Ericsson_Mobile_Communications,Seed,0.0
business-and-economics,Ericsson Radio Systems,https://en.wikipedia.org/wiki/Ericsson_Radio_Systems,Recommendation,0.0
business-and-economics,Ericsson Mobile Platforms,https://en.wikipedia.org/wiki/Ericsson_Mobile_Platforms,Recommendation,0.0
business-and-economics,Ericsson,https://en.wikipedia.org/wiki/Ericsson,Recommendation,0.0
business-and-economics,2010–2014 Portuguese financial crisis,https://en.wikipedia.org/wiki/2010%E2%80%932014_Portuguese_financial_crisis,Seed,0.0
business-and-economics,Euro area crisis,https://en.wikipedia.org/wiki/Euro_area_crisis,Recommendation,0.14
business-and-economics,Greek government-debt crisis,https://en.wikipedia.org/wiki/Greek_government-debt_crisis,Recommendation,0.57
business-and-economics,Austerity,https://en.wikipedia.org/wiki/Austerity,Recommendation,0.0
business-and-economics,Voxeljet,https://en.wikipedia.org/wiki/Voxeljet,Seed,0.0
business-and-economics,Powder bed and inkjet head 3D printing,https://en.wikipedia.org/wiki/Powder_bed_and_inkjet_head_3D_printing,Recommendation,0.0
business-and-economics,3D printing processes,https://en.wikipedia.org/wiki/3D_printing_processes,Recommendation,0.0
business-and-economics,Desktop Metal,https://en.wikipedia.org/wiki/Desktop_Metal,Recommendation,0.0
business-and-economics,Blackboard (company),https://en.wikipedia.org/wiki/Blackboard_%28company%29,Seed,0.0
business-and-economics,Blackboard Learn,https://en.wikipedia.org/wiki/Blackboard_Learn,Recommendation,0.0
business-and-economics,CourseInfo,https://en.wikipedia.org/wiki/CourseInfo,Recommendation,0.0
business-and-economics,Matthew Pittinsky,https://en.wikipedia.org/wiki/Matthew_Pittinsky,Recommendation,0.0
business-and-economics,Colorado Fuel and Iron,https://en.wikipedia.org/wiki/Colorado_Fuel_and_Iron,Seed,0.0
business-and-economics,"Berwind, Colorado",https://en.wikipedia.org/wiki/Berwind%2C_Colorado,Recommendation,0.0
business-and-economics,John C. Osgood,https://en.wikipedia.org/wiki/John_C._Osgood,Recommendation,0.0
business-and-economics,"Valdez, Colorado",https://en.wikipedia.org/wiki/Valdez%2C_Colorado,Recommendation,0.0
business-and-economics,Philadelphia Savings Fund Society,https://en.wikipedia.org/wiki/Philadelphia_Savings_Fund_Society,Seed,0.0
business-and-economics,PSFS Building,https://en.wikipedia.org/wiki/PSFS_Building,Recommendation,0.0
business-and-economics,Federal Deposit Insurance Corporation,https://en.wikipedia.org/wiki/Federal_Deposit_Insurance_Corporation,Recommendation,0.0
business-and-economics,Savings and loan association,https://en.wikipedia.org/wiki/Savings_and_loan_association,Recommendation,0.0
business-and-economics,Mills Corporation,https://en.wikipedia.org/wiki/Mills_Corporation,Seed,0.14
business-and-economics,Arundel Mills,https://en.wikipedia.org/wiki/Arundel_Mills,Recommendation,0.0
business-and-economics,Ontario Mills,https://en.wikipedia.org/wiki/Ontario_Mills,Recommendation,0.0
business-and-economics,Concord Mills,https://en.wikipedia.org/wiki/Concord_Mills,Recommendation,0.57
business-and-economics,Petrodollar recycling,https://en.wikipedia.org/wiki/Petrodollar_recycling,Seed,0.0
business-and-economics,Petrocurrency,https://en.wikipedia.org/wiki/Petrocurrency,Recommendation,0.0
business-and-economics,Petroleum politics,https://en.wikipedia.org/wiki/Petroleum_politics,Recommendation,0.0
business-and-economics,Economy of the Middle East,https://en.wikipedia.org/wiki/Economy_of_the_Middle_East,Recommendation,0.0
business-and-economics,Debtors Anonymous,https://en.wikipedia.org/wiki/Debtors_Anonymous,Seed,0.0
business-and-economics,Underearners Anonymous,https://en.wikipedia.org/wiki/Underearners_Anonymous,Recommendation,0.0
business-and-economics,Creditor,https://en.wikipedia.org/wiki/Creditor,Recommendation,0.0
business-and-economics,Debt management plan,https://en.wikipedia.org/wiki/Debt_management_plan,Recommendation,0.0
business-and-economics,B. Kevin Turner,https://en.wikipedia.org/wiki/B._Kevin_Turner,Seed,0.0
business-and-economics,Doug McMillon,https://en.wikipedia.org/wiki/Doug_McMillon,Recommendation,0.0
business-and-economics,John W. Thompson,https://en.wikipedia.org/wiki/John_W._Thompson,Recommendation,0.0
business-and-economics,Steve Ballmer,https://en.wikipedia.org/wiki/Steve_Ballmer,Recommendation,0.57
business-and-economics,History of Airbus,https://en.wikipedia.org/wiki/History_of_Airbus,Seed,0.0
business-and-economics,Airbus,https://en.wikipedia.org/wiki/Airbus,Recommendation,0.0
business-and-economics,Aérospatiale,https://en.wikipedia.org/wiki/A%C3%A9rospatiale,Recommendation,0.0
business-and-economics,DASA,https://en.wikipedia.org/wiki/DASA,Recommendation,0.0
business-and-economics,International labour law,https://en.wikipedia.org/wiki/International_labour_law,Seed,0.0
business-and-economics,Labor rights,https://en.wikipedia.org/wiki/Labor_rights,Recommendation,0.14
business-and-economics,International Labour Organization,https://en.wikipedia.org/wiki/International_Labour_Organization,Recommendation,0.14
business-and-economics,Labour law,https://en.wikipedia.org/wiki/Labour_law,Recommendation,0.0
business-and-economics,Actuary,https://en.wikipedia.org/wiki/Actuary,Seed,0.0
business-and-economics,Actuarial credentialing and exams,https://en.wikipedia.org/wiki/Actuarial_credentialing_and_exams,Recommendation,0.0
business-and-economics,Actuarial science,https://en.wikipedia.org/wiki/Actuarial_science,Recommendation,0.0
business-and-economics,Casualty Actuarial Society,https://en.wikipedia.org/wiki/Casualty_Actuarial_Society,Recommendation,0.0
business-and-economics,Richard Cantillon,https://en.wikipedia.org/wiki/Richard_Cantillon,Seed,0.0
business-and-economics,Essay on the Nature of Trade in General,https://en.wikipedia.org/wiki/Essay_on_the_Nature_of_Trade_in_General,Recommendation,0.0
business-and-economics,Tableau économique,https://en.wikipedia.org/wiki/Tableau_%C3%A9conomique,Recommendation,0.0
business-and-economics,Henry Higgs,https://en.wikipedia.org/wiki/Henry_Higgs,Recommendation,0.0
business-and-economics,Mongabay,https://en.wikipedia.org/wiki/Mongabay,Seed,0.0
business-and-economics,Rhett Ayers Butler,https://en.wikipedia.org/wiki/Rhett_Ayers_Butler,Recommendation,0.0
business-and-economics,Avoided Deforestation Partners,https://en.wikipedia.org/wiki/Avoided_Deforestation_Partners,Recommendation,0.0
business-and-economics,Asia Pulp & Paper,https://en.wikipedia.org/wiki/Asia_Pulp_%26_Paper,Recommendation,0.0
business-and-economics,2009 G20 London summit,https://en.wikipedia.org/wiki/2009_G20_London_summit,Seed,0.0
business-and-economics,2008 G20 Washington summit,https://en.wikipedia.org/wiki/2008_G20_Washington_summit,Recommendation,0.0
business-and-economics,2011 G20 Cannes summit,https://en.wikipedia.org/wiki/2011_G20_Cannes_summit,Recommendation,0.0
business-and-economics,2010 G20 Seoul summit,https://en.wikipedia.org/wiki/2010_G20_Seoul_summit,Recommendation,0.0
business-and-economics,TiVo Corporation,https://en.wikipedia.org/wiki/TiVo_Corporation,Seed,0.0
business-and-economics,TV Guide Plus,https://en.wikipedia.org/wiki/TV_Guide_Plus,Recommendation,0.0
business-and-economics,TiVo Inc.,https://en.wikipedia.org/wiki/TiVo_Inc.,Recommendation,0.0
business-and-economics,Gemstar–TV Guide International,https://en.wikipedia.org/wiki/Gemstar%E2%80%93TV_Guide_International,Recommendation,0.0
business-and-economics,Sports marketing,https://en.wikipedia.org/wiki/Sports_marketing,Seed,0.0
business-and-economics,Marketing co-operation,https://en.wikipedia.org/wiki/Marketing_co-operation,Recommendation,0.0
business-and-economics,Fan loyalty,https://en.wikipedia.org/wiki/Fan_loyalty,Recommendation,0.0
business-and-economics,Brand ambassador,https://en.wikipedia.org/wiki/Brand_ambassador,Recommendation,0.0
business-and-economics,Nokia Lumia 800,https://en.wikipedia.org/wiki/Nokia_Lumia_800,Seed,0.0
business-and-economics,Nokia Lumia 710,https://en.wikipedia.org/wiki/Nokia_Lumia_710,Recommendation,0.0
business-and-economics,Nokia Lumia 900,https://en.wikipedia.org/wiki/Nokia_Lumia_900,Recommendation,0.0
business-and-economics,Nokia Lumia,https://en.wikipedia.org/wiki/Nokia_Lumia,Recommendation,0.0
business-and-economics,Access Bank Group,https://en.wikipedia.org/wiki/Access_Bank_Group,Seed,0.0
business-and-economics,Access Bank plc,https://en.wikipedia.org/wiki/Access_Bank_plc,Recommendation,0.0
business-and-economics,United Bank for Africa,https://en.wikipedia.org/wiki/United_Bank_for_Africa,Recommendation,0.0
business-and-economics,First Bank of Nigeria,https://en.wikipedia.org/wiki/First_Bank_of_Nigeria,Recommendation,0.0
business-and-economics,Free Association of German Trade Unions,https://en.wikipedia.org/wiki/Free_Association_of_German_Trade_Unions,Seed,0.0
business-and-economics,Fritz Kater,https://en.wikipedia.org/wiki/Fritz_Kater,Recommendation,0.57
business-and-economics,Karl Roche,https://en.wikipedia.org/wiki/Karl_Roche,Recommendation,0.0
business-and-economics,Der Pionier,https://en.wikipedia.org/wiki/Der_Pionier,Recommendation,0.0
business-and-economics,Tesla and trade unions,https://en.wikipedia.org/wiki/Tesla_and_trade_unions,Seed,0.29
business-and-economics,Elon Musk and trade unions,https://en.wikipedia.org/wiki/Elon_Musk_and_trade_unions,Recommendation,0.0
business-and-economics,Volkswagen and unions,https://en.wikipedia.org/wiki/Volkswagen_and_unions,Recommendation,0.0
business-and-economics,History of union busting in the United States,https://en.wikipedia.org/wiki/History_of_union_busting_in_the_United_States,Recommendation,0.0
business-and-economics,Rambler Rebel,https://en.wikipedia.org/wiki/Rambler_Rebel,Seed,0.0
business-and-economics,AMC Rebel,https://en.wikipedia.org/wiki/AMC_Rebel,Recommendation,0.0
business-and-economics,Rambler Six and V8,https://en.wikipedia.org/wiki/Rambler_Six_and_V8,Recommendation,0.0
business-and-economics,AMC Ambassador,https://en.wikipedia.org/wiki/AMC_Ambassador,Recommendation,0.0
business-and-economics,Nash 600,https://en.wikipedia.org/wiki/Nash_600,Seed,0.0
business-and-economics,Nash Ambassador,https://en.wikipedia.org/wiki/Nash_Ambassador,Recommendation,0.0
business-and-economics,Nash Motors,https://en.wikipedia.org/wiki/Nash_Motors,Recommendation,0.0
business-and-economics,Sedan (automobile),https://en.wikipedia.org/wiki/Sedan_%28automobile%29,Recommendation,0.0
business-and-economics,Capri-Sun,https://en.wikipedia.org/wiki/Capri-Sun,Seed,0.0
business-and-economics,Chi Limited,https://en.wikipedia.org/wiki/Chi_Limited,Recommendation,0.0
business-and-economics,Lunchables,https://en.wikipedia.org/wiki/Lunchables,Recommendation,0.29
business-and-economics,SunnyD,https://en.wikipedia.org/wiki/SunnyD,Recommendation,0.0
business-and-economics,Ilford Photo,https://en.wikipedia.org/wiki/Ilford_Photo,Seed,0.14
business-and-economics,Ilfochrome,https://en.wikipedia.org/wiki/Ilfochrome,Recommendation,0.0
business-and-economics,ADOX,https://en.wikipedia.org/wiki/ADOX,Recommendation,0.0
business-and-economics,Analog photography,https://en.wikipedia.org/wiki/Analog_photography,Recommendation,0.0
business-and-economics,Gruner + Jahr,https://en.wikipedia.org/wiki/Gruner_%2B_Jahr,Seed,0.0
business-and-economics,Julia Jäkel,https://en.wikipedia.org/wiki/Julia_J%C3%A4kel,Recommendation,0.0
business-and-economics,Thomas Rabe (business manager),https://en.wikipedia.org/wiki/Thomas_Rabe_%28business_manager%29,Recommendation,0.0
business-and-economics,Bertelsmann,https://en.wikipedia.org/wiki/Bertelsmann,Recommendation,0.0
business-and-economics,Wilhelm Schimmel,https://en.wikipedia.org/wiki/Wilhelm_Schimmel,Seed,0.0
business-and-economics,Pearl River Piano Group,https://en.wikipedia.org/wiki/Pearl_River_Piano_Group,Recommendation,0.0
business-and-economics,Grotrian-Steinweg,https://en.wikipedia.org/wiki/Grotrian-Steinweg,Recommendation,0.0
business-and-economics,Robert Russ (music producer),https://en.wikipedia.org/wiki/Robert_Russ_%28music_producer%29,Recommendation,0.0
business-and-economics,Parex Bank,https://en.wikipedia.org/wiki/Parex_Bank,Seed,0.0
business-and-economics,Lato Lapsa,https://en.wikipedia.org/wiki/Lato_Lapsa,Recommendation,0.14
business-and-economics,Ūkio bankas,https://en.wikipedia.org/wiki/%C5%AAkio_bankas,Recommendation,0.0
business-and-economics,Frasers Property,https://en.wikipedia.org/wiki/Frasers_Property,Seed,0.0
business-and-economics,Frasers Property Australia,https://en.wikipedia.org/wiki/Frasers_Property_Australia,Recommendation,0.0
business-and-economics,Fraser and Neave,https://en.wikipedia.org/wiki/Fraser_and_Neave,Recommendation,0.0
business-and-economics,CapitaLand,https://en.wikipedia.org/wiki/CapitaLand,Recommendation,0.0
business-and-economics,Sky Dayton,https://en.wikipedia.org/wiki/Sky_Dayton,Seed,0.0
business-and-economics,CloudKitchens,https://en.wikipedia.org/wiki/CloudKitchens,Recommendation,0.0
business-and-economics,Diego Berdakin,https://en.wikipedia.org/wiki/Diego_Berdakin,Recommendation,0.0
business-and-economics,Benchmark (venture capital firm),https://en.wikipedia.org/wiki/Benchmark_%28venture_capital_firm%29,Recommendation,0.0
business-and-economics,BAE Systems,https://en.wikipedia.org/wiki/BAE_Systems,Seed,0.0
business-and-economics,British Aerospace,https://en.wikipedia.org/wiki/British_Aerospace,Recommendation,0.14
business-and-economics,Airbus UK,https://en.wikipedia.org/wiki/Airbus_UK,Recommendation,0.0
business-and-economics,Al-Yamamah arms deal,https://en.wikipedia.org/wiki/Al-Yamamah_arms_deal,Recommendation,0.0
business-and-economics,GTCO Group,https://en.wikipedia.org/wiki/GTCO_Group,Seed,0.0
business-and-economics,Segun Agbaje,https://en.wikipedia.org/wiki/Segun_Agbaje,Recommendation,0.0
business-and-economics,Guaranty Trust Bank (Kenya),https://en.wikipedia.org/wiki/Guaranty_Trust_Bank_%28Kenya%29,Recommendation,0.0
business-and-economics,Guaranty Trust Bank (Uganda),https://en.wikipedia.org/wiki/Guaranty_Trust_Bank_%28Uganda%29,Recommendation,0.0
business-and-economics,ExpressJet,https://en.wikipedia.org/wiki/ExpressJet,Seed,0.0
business-and-economics,Chautauqua Airlines,https://en.wikipedia.org/wiki/Chautauqua_Airlines,Recommendation,0.0
business-and-economics,CommuteAir,https://en.wikipedia.org/wiki/CommuteAir,Recommendation,0.0
business-and-economics,Republic Airways,https://en.wikipedia.org/wiki/Republic_Airways,Recommendation,0.0
business-and-economics,Laura Ashley (company),https://en.wikipedia.org/wiki/Laura_Ashley_%28company%29,Seed,0.14
business-and-economics,Bernard Ashley (businessman),https://en.wikipedia.org/wiki/Bernard_Ashley_%28businessman%29,Recommendation,0.0
business-and-economics,Next plc,https://en.wikipedia.org/wiki/Next_plc,Recommendation,0.29
business-and-economics,Frasers Group,https://en.wikipedia.org/wiki/Frasers_Group,Recommendation,0.0
business-and-economics,Sinch AB,https://en.wikipedia.org/wiki/Sinch_AB,Seed,0.0
business-and-economics,Openwave,https://en.wikipedia.org/wiki/Openwave,Recommendation,0.0
business-and-economics,Xura,https://en.wikipedia.org/wiki/Xura,Recommendation,0.0
business-and-economics,BLOX Digital,https://en.wikipedia.org/wiki/BLOX_Digital,Recommendation,0.0
business-and-economics,WestJet Encore,https://en.wikipedia.org/wiki/WestJet_Encore,Seed,0.0
business-and-economics,WestJet,https://en.wikipedia.org/wiki/WestJet,Recommendation,0.14
business-and-economics,Brandon Municipal Airport,https://en.wikipedia.org/wiki/Brandon_Municipal_Airport,Recommendation,0.0
business-and-economics,De Havilland Canada Dash 8,https://en.wikipedia.org/wiki/De_Havilland_Canada_Dash_8,Recommendation,0.0
business-and-economics,White Front,https://en.wikipedia.org/wiki/White_Front,Seed,0.0
business-and-economics,Fedco,https://en.wikipedia.org/wiki/Fedco,Recommendation,0.0
business-and-economics,FedMart,https://en.wikipedia.org/wiki/FedMart,Recommendation,0.0
business-and-economics,May Company Building (Los Angeles),https://en.wikipedia.org/wiki/May_Company_Building_%28Los_Angeles%29,Recommendation,0.0
business-and-economics,Altice Portugal,https://en.wikipedia.org/wiki/Altice_Portugal,Seed,0.0
business-and-economics,Digital terrestrial television in Portugal,https://en.wikipedia.org/wiki/Digital_terrestrial_television_in_Portugal,Recommendation,0.0
business-and-economics,MEO (telecommunication company),https://en.wikipedia.org/wiki/MEO_%28telecommunication_company%29,Recommendation,0.0
business-and-economics,Nowo,https://en.wikipedia.org/wiki/Nowo,Recommendation,0.0
business-and-economics,Runaway production,https://en.wikipedia.org/wiki/Runaway_production,Seed,0.0
business-and-economics,Film production incentives in the United States,https://en.wikipedia.org/wiki/Film_production_incentives_in_the_United_States,Recommendation,0.0
business-and-economics,Film industry in Michigan,https://en.wikipedia.org/wiki/Film_industry_in_Michigan,Recommendation,0.0
business-and-economics,Film industry in Georgia (U.S. state),https://en.wikipedia.org/wiki/Film_industry_in_Georgia_%28U.S._state%29,Recommendation,0.0
business-and-economics,Rotterdamsche Droogdok Maatschappij,https://en.wikipedia.org/wiki/Rotterdamsche_Droogdok_Maatschappij,Seed,0.0
business-and-economics,Wilton's Dok- en Werf Maatschappij,https://en.wikipedia.org/wiki/Wilton%27s_Dok-_en_Werf_Maatschappij,Recommendation,0.0
business-and-economics,Aldok-1,https://en.wikipedia.org/wiki/Aldok-1,Recommendation,0.0
business-and-economics,Droogdok Maatschappij Soerabaja,https://en.wikipedia.org/wiki/Droogdok_Maatschappij_Soerabaja,Recommendation,0.0
business-and-economics,Sonangol Group,https://en.wikipedia.org/wiki/Sonangol_Group,Seed,0.0
business-and-economics,Isabel dos Santos,https://en.wikipedia.org/wiki/Isabel_dos_Santos,Recommendation,0.14
business-and-economics,SODIAM,https://en.wikipedia.org/wiki/SODIAM,Recommendation,0.0
business-and-economics,Sonangol Sinopec International,https://en.wikipedia.org/wiki/Sonangol_Sinopec_International,Recommendation,0.0
education,History of infant schools in Great Britain,https://en.wikipedia.org/wiki/History_of_infant_schools_in_Great_Britain,Seed,0.0
education,Infant school,https://en.wikipedia.org/wiki/Infant_school,Recommendation,0.0
education,Spread of infant schools outside Britain and Ireland,https://en.wikipedia.org/wiki/Spread_of_infant_schools_outside_Britain_and_Ireland,Recommendation,0.0
education,Preschool,https://en.wikipedia.org/wiki/Preschool,Recommendation,0.0
education,History of infant schools in Ireland,https://en.wikipedia.org/wiki/History_of_infant_schools_in_Ireland,Recommendation,0.0
education,History of education in Wales (1939–present),https://en.wikipedia.org/wiki/History_of_education_in_Wales_%281939%E2%80%93present%29,Recommendation,0.0
education,Welsh Not,https://en.wikipedia.org/wiki/Welsh_Not,Recommendation,0.0
education,Kindergarten,https://en.wikipedia.org/wiki/Kindergarten,Recommendation,1.43
education,Elementary school (England and Wales),https://en.wikipedia.org/wiki/Elementary_school_%28England_and_Wales%29,Recommendation,0.0
education,History of education in Wales (1701–1870),https://en.wikipedia.org/wiki/History_of_education_in_Wales_%281701%E2%80%931870%29,Recommendation,0.0
education,History of education in Wales,https://en.wikipedia.org/wiki/History_of_education_in_Wales,Recommendation,0.0
education,C. R. M. F. Cruttwell,https://en.wikipedia.org/wiki/C._R._M._F._Cruttwell,Seed,0.0
education,The Temple at Thatch,https://en.wikipedia.org/wiki/The_Temple_at_Thatch,Recommendation,0.0
education,Scoop (novel),https://en.wikipedia.org/wiki/Scoop_%28novel%29,Recommendation,0.0
education,"Hertford College, Oxford",https://en.wikipedia.org/wiki/Hertford_College%2C_Oxford,Recommendation,0.0
education,Christopher Hollis (politician),https://en.wikipedia.org/wiki/Christopher_Hollis_%28politician%29,Recommendation,0.0
education,Hubert Duggan,https://en.wikipedia.org/wiki/Hubert_Duggan,Recommendation,0.0
education,Evelyn Gardner,https://en.wikipedia.org/wiki/Evelyn_Gardner,Recommendation,0.0
education,Hugh Turner (theologian),https://en.wikipedia.org/wiki/Hugh_Turner_%28theologian%29,Recommendation,0.0
education,Black Mischief,https://en.wikipedia.org/wiki/Black_Mischief,Recommendation,0.0
education,Charles Thomas Cruttwell,https://en.wikipedia.org/wiki/Charles_Thomas_Cruttwell,Recommendation,0.0
education,Hypocrites' Club,https://en.wikipedia.org/wiki/Hypocrites%27_Club,Recommendation,0.0
education,Education in the Democratic Republic of the Congo,https://en.wikipedia.org/wiki/Education_in_the_Democratic_Republic_of_the_Congo,Seed,0.0
education,Université Pédagogique Nationale,https://en.wikipedia.org/wiki/Universit%C3%A9_P%C3%A9dagogique_Nationale,Recommendation,0.0
education,Education in Quebec,https://en.wikipedia.org/wiki/Education_in_Quebec,Recommendation,0.0
education,University of Kinshasa,https://en.wikipedia.org/wiki/University_of_Kinshasa,Recommendation,0.0
education,Education in France,https://en.wikipedia.org/wiki/Education_in_France,Recommendation,0.0
education,Education in Tunisia,https://en.wikipedia.org/wiki/Education_in_Tunisia,Recommendation,0.14
education,École normale supérieure,https://en.wikipedia.org/wiki/%C3%89cole_normale_sup%C3%A9rieure,Recommendation,0.0
education,Education in Luxembourg,https://en.wikipedia.org/wiki/Education_in_Luxembourg,Recommendation,0.0
education,Education in Madagascar,https://en.wikipedia.org/wiki/Education_in_Madagascar,Recommendation,0.0
education,Makala,https://en.wikipedia.org/wiki/Makala,Recommendation,0.0
education,The Boat Race 2019,https://en.wikipedia.org/wiki/The_Boat_Race_2019,Seed,0.0
education,The Boat Race 2020,https://en.wikipedia.org/wiki/The_Boat_Race_2020,Recommendation,0.0
education,The Boat Race 2023,https://en.wikipedia.org/wiki/The_Boat_Race_2023,Recommendation,0.0
education,Women's Boat Race 2012,https://en.wikipedia.org/wiki/Women%27s_Boat_Race_2012,Recommendation,0.0
education,The Boat Race 2024,https://en.wikipedia.org/wiki/The_Boat_Race_2024,Recommendation,0.0
education,Women's Boat Race 2011,https://en.wikipedia.org/wiki/Women%27s_Boat_Race_2011,Recommendation,0.0
education,Cambridge University Boat Club,https://en.wikipedia.org/wiki/Cambridge_University_Boat_Club,Recommendation,0.0
education,The Boat Race 1932,https://en.wikipedia.org/wiki/The_Boat_Race_1932,Recommendation,0.0
education,The Boat Race 1964,https://en.wikipedia.org/wiki/The_Boat_Race_1964,Recommendation,0.0
education,The Boat Race 1930,https://en.wikipedia.org/wiki/The_Boat_Race_1930,Recommendation,0.0
education,Cambridge University Lightweight Rowing Club,https://en.wikipedia.org/wiki/Cambridge_University_Lightweight_Rowing_Club,Recommendation,0.14
education,The Boat Race 2003,https://en.wikipedia.org/wiki/The_Boat_Race_2003,Seed,0.0
education,The Boat Race 1980,https://en.wikipedia.org/wiki/The_Boat_Race_1980,Recommendation,0.0
education,The Boat Race 1982,https://en.wikipedia.org/wiki/The_Boat_Race_1982,Recommendation,0.0
education,The Boat Race 1983,https://en.wikipedia.org/wiki/The_Boat_Race_1983,Recommendation,0.0
education,The Boat Race 1935,https://en.wikipedia.org/wiki/The_Boat_Race_1935,Recommendation,0.0
education,The Boat Race 2008,https://en.wikipedia.org/wiki/The_Boat_Race_2008,Recommendation,0.0
education,The Boat Race 1978,https://en.wikipedia.org/wiki/The_Boat_Race_1978,Recommendation,0.0
education,The Boat Race 2005,https://en.wikipedia.org/wiki/The_Boat_Race_2005,Recommendation,0.0
education,The Boat Race 1900,https://en.wikipedia.org/wiki/The_Boat_Race_1900,Recommendation,0.0
education,The Boat Race 1902,https://en.wikipedia.org/wiki/The_Boat_Race_1902,Recommendation,0.0
education,The Boat Race 1879,https://en.wikipedia.org/wiki/The_Boat_Race_1879,Recommendation,0.0
education,First Nations University of Canada,https://en.wikipedia.org/wiki/First_Nations_University_of_Canada,Seed,0.29
education,Higher education in Saskatchewan,https://en.wikipedia.org/wiki/Higher_education_in_Saskatchewan,Recommendation,0.14
education,University of Regina,https://en.wikipedia.org/wiki/University_of_Regina,Recommendation,0.43
education,Higher education in Canada,https://en.wikipedia.org/wiki/Higher_education_in_Canada,Recommendation,0.0
education,Federation of Sovereign Indigenous Nations,https://en.wikipedia.org/wiki/Federation_of_Sovereign_Indigenous_Nations,Recommendation,0.0
education,Connie Walker (journalist),https://en.wikipedia.org/wiki/Connie_Walker_%28journalist%29,Recommendation,0.0
education,Canada Saskatchewan Production Studios,https://en.wikipedia.org/wiki/Canada_Saskatchewan_Production_Studios,Recommendation,0.0
education,Rob Norris,https://en.wikipedia.org/wiki/Rob_Norris,Recommendation,0.0
education,Jacqueline Ottmann,https://en.wikipedia.org/wiki/Jacqueline_Ottmann,Recommendation,0.0
education,Eber Hampton,https://en.wikipedia.org/wiki/Eber_Hampton,Recommendation,0.0
education,First Nations University Students' Association,https://en.wikipedia.org/wiki/First_Nations_University_Students%27_Association,Recommendation,0.0
education,The Boat Races 2016,https://en.wikipedia.org/wiki/The_Boat_Races_2016,Seed,0.0
education,The Boat Races 2015,https://en.wikipedia.org/wiki/The_Boat_Races_2015,Recommendation,0.0
education,Cambridge University Women's Boat Club,https://en.wikipedia.org/wiki/Cambridge_University_Women%27s_Boat_Club,Recommendation,0.0
education,The Boat Race 1989,https://en.wikipedia.org/wiki/The_Boat_Race_1989,Recommendation,0.0
education,The Boat Race 1988,https://en.wikipedia.org/wiki/The_Boat_Race_1988,Recommendation,0.0
education,The Boat Race 1997,https://en.wikipedia.org/wiki/The_Boat_Race_1997,Recommendation,0.0
education,The Boat Race 1968,https://en.wikipedia.org/wiki/The_Boat_Race_1968,Recommendation,0.0
education,The Boat Race 1965,https://en.wikipedia.org/wiki/The_Boat_Race_1965,Recommendation,0.0
education,The Boat Race 1994,https://en.wikipedia.org/wiki/The_Boat_Race_1994,Recommendation,0.0
education,The Boat Race 1976,https://en.wikipedia.org/wiki/The_Boat_Race_1976,Recommendation,0.0
education,Henley Boat Races,https://en.wikipedia.org/wiki/Henley_Boat_Races,Recommendation,0.0
education,"Buildings of Nuffield College, Oxford",https://en.wikipedia.org/wiki/Buildings_of_Nuffield_College%2C_Oxford,Seed,0.0
education,"Nuffield College, Oxford",https://en.wikipedia.org/wiki/Nuffield_College%2C_Oxford,Recommendation,0.0
education,"New College, Oxford",https://en.wikipedia.org/wiki/New_College%2C_Oxford,Recommendation,0.0
education,Austen Harrison,https://en.wikipedia.org/wiki/Austen_Harrison,Recommendation,0.0
education,William Wilkinson (architect),https://en.wikipedia.org/wiki/William_Wilkinson_%28architect%29,Recommendation,0.0
education,William Wynford,https://en.wikipedia.org/wiki/William_Wynford,Recommendation,0.0
education,John Plowman,https://en.wikipedia.org/wiki/John_Plowman,Recommendation,0.0
education,Alfred Waterhouse,https://en.wikipedia.org/wiki/Alfred_Waterhouse,Recommendation,0.0
education,Mob Quad,https://en.wikipedia.org/wiki/Mob_Quad,Recommendation,0.0
education,John Chessell Buckler,https://en.wikipedia.org/wiki/John_Chessell_Buckler,Recommendation,0.0
education,Richard Carpenter (architect),https://en.wikipedia.org/wiki/Richard_Carpenter_%28architect%29,Recommendation,0.0
education,The Boat Races 2017,https://en.wikipedia.org/wiki/The_Boat_Races_2017,Seed,0.0
education,The Boat Race 2022,https://en.wikipedia.org/wiki/The_Boat_Race_2022,Recommendation,0.0
education,The Boat Race 1974,https://en.wikipedia.org/wiki/The_Boat_Race_1974,Recommendation,0.0
education,The Boat Race 1890,https://en.wikipedia.org/wiki/The_Boat_Race_1890,Recommendation,0.0
education,The Boat Race 1996,https://en.wikipedia.org/wiki/The_Boat_Race_1996,Recommendation,0.0
education,The Boat Race 2007,https://en.wikipedia.org/wiki/The_Boat_Race_2007,Recommendation,0.0
education,The Boat Race 1886,https://en.wikipedia.org/wiki/The_Boat_Race_1886,Recommendation,0.0
education,The Boat Race 1849 (December),https://en.wikipedia.org/wiki/The_Boat_Race_1849_%28December%29,Recommendation,0.0
education,The Boat Race 1954,https://en.wikipedia.org/wiki/The_Boat_Race_1954,Recommendation,0.0
education,The Boat Race 1888,https://en.wikipedia.org/wiki/The_Boat_Race_1888,Recommendation,0.0
education,The Boat Race 1870,https://en.wikipedia.org/wiki/The_Boat_Race_1870,Recommendation,0.0
education,The Judd School,https://en.wikipedia.org/wiki/The_Judd_School,Seed,0.0
education,The Skinners' School,https://en.wikipedia.org/wiki/The_Skinners%27_School,Recommendation,0.0
education,Tonbridge Grammar School,https://en.wikipedia.org/wiki/Tonbridge_Grammar_School,Recommendation,0.0
education,Tonbridge School,https://en.wikipedia.org/wiki/Tonbridge_School,Recommendation,0.14
education,"The Cathedral School, Llandaff",https://en.wikipedia.org/wiki/The_Cathedral_School%2C_Llandaff,Recommendation,0.0
education,Skinners' Academy,https://en.wikipedia.org/wiki/Skinners%27_Academy,Recommendation,0.14
education,Tunbridge Wells Grammar School for Boys,https://en.wikipedia.org/wiki/Tunbridge_Wells_Grammar_School_for_Boys,Recommendation,0.14
education,Tunbridge Wells Girls' Grammar School,https://en.wikipedia.org/wiki/Tunbridge_Wells_Girls%27_Grammar_School,Recommendation,0.0
education,Lawrence Sheriff School,https://en.wikipedia.org/wiki/Lawrence_Sheriff_School,Recommendation,0.0
education,Oakwood Park Grammar School,https://en.wikipedia.org/wiki/Oakwood_Park_Grammar_School,Recommendation,0.0
education,Haberdashers' Boys' School,https://en.wikipedia.org/wiki/Haberdashers%27_Boys%27_School,Recommendation,0.14
education,Amador Valley High School,https://en.wikipedia.org/wiki/Amador_Valley_High_School,Seed,0.0
education,Pleasanton Unified School District,https://en.wikipedia.org/wiki/Pleasanton_Unified_School_District,Recommendation,0.0
education,"Pleasanton, California",https://en.wikipedia.org/wiki/Pleasanton%2C_California,Recommendation,0.0
education,Dublin/Pleasanton station,https://en.wikipedia.org/wiki/Dublin/Pleasanton_station,Recommendation,0.0
education,"Foothill High School (Pleasanton, California)",https://en.wikipedia.org/wiki/Foothill_High_School_%28Pleasanton%2C_California%29,Recommendation,0.0
education,Wheels (bus service),https://en.wikipedia.org/wiki/Wheels_%28bus_service%29,Recommendation,0.0
education,Village High School,https://en.wikipedia.org/wiki/Village_High_School,Recommendation,0.0
education,Dublin High School (California),https://en.wikipedia.org/wiki/Dublin_High_School_%28California%29,Recommendation,0.0
education,We the People: The Citizen and the Constitution,https://en.wikipedia.org/wiki/We_the_People%3A_The_Citizen_and_the_Constitution,Recommendation,0.0
education,"San Ramon, California",https://en.wikipedia.org/wiki/San_Ramon%2C_California,Recommendation,0.0
education,1860 Boden Professor of Sanskrit election,https://en.wikipedia.org/wiki/1860_Boden_Professor_of_Sanskrit_election,Seed,0.0
education,Monier Monier-Williams,https://en.wikipedia.org/wiki/Monier_Monier-Williams,Recommendation,0.14
education,Ralph T. H. Griffith,https://en.wikipedia.org/wiki/Ralph_T._H._Griffith,Recommendation,0.0
education,Boden Scholarship,https://en.wikipedia.org/wiki/Boden_Scholarship,Recommendation,0.0
education,Kalpa (Vedanga),https://en.wikipedia.org/wiki/Kalpa_%28Vedanga%29,Recommendation,0.0
education,H. H. Wilson,https://en.wikipedia.org/wiki/H._H._Wilson,Recommendation,0.0
education,Graves Haughton,https://en.wikipedia.org/wiki/Graves_Haughton,Recommendation,0.0
education,Sanskrit studies,https://en.wikipedia.org/wiki/Sanskrit_studies,Recommendation,1.57
education,East India Company College,https://en.wikipedia.org/wiki/East_India_Company_College,Recommendation,0.0
education,Bahvricha Upanishad,https://en.wikipedia.org/wiki/Bahvricha_Upanishad,Recommendation,0.0
education,The Boat Race 2012,https://en.wikipedia.org/wiki/The_Boat_Race_2012,Seed,0.0
education,The Boat Race 2013,https://en.wikipedia.org/wiki/The_Boat_Race_2013,Recommendation,0.0
education,The Boat Race 2010,https://en.wikipedia.org/wiki/The_Boat_Race_2010,Recommendation,0.0
education,Women's Boat Race 2014,https://en.wikipedia.org/wiki/Women%27s_Boat_Race_2014,Recommendation,0.0
education,The Boat Race 2009,https://en.wikipedia.org/wiki/The_Boat_Race_2009,Recommendation,0.0
education,The Boat Race,https://en.wikipedia.org/wiki/The_Boat_Race,Recommendation,0.14
education,The Boat Race 1969,https://en.wikipedia.org/wiki/The_Boat_Race_1969,Recommendation,0.0
education,John Garrett (rower),https://en.wikipedia.org/wiki/John_Garrett_%28rower%29,Recommendation,0.0
education,The Boat Race 2011,https://en.wikipedia.org/wiki/The_Boat_Race_2011,Recommendation,0.0
education,The Boat Race 2006,https://en.wikipedia.org/wiki/The_Boat_Race_2006,Recommendation,0.0
education,James E. Boyd (scientist),https://en.wikipedia.org/wiki/James_E._Boyd_%28scientist%29,Seed,0.0
education,Gerald Rosselot,https://en.wikipedia.org/wiki/Gerald_Rosselot,Recommendation,0.0
education,Georgia Tech Research Institute,https://en.wikipedia.org/wiki/Georgia_Tech_Research_Institute,Recommendation,0.0
education,Herschel H. Cudd,https://en.wikipedia.org/wiki/Herschel_H._Cudd,Recommendation,0.0
education,Glen P. Robinson,https://en.wikipedia.org/wiki/Glen_P._Robinson,Recommendation,0.0
education,History of the Georgia Institute of Technology,https://en.wikipedia.org/wiki/History_of_the_Georgia_Institute_of_Technology,Recommendation,0.0
education,Maurice W. Long,https://en.wikipedia.org/wiki/Maurice_W._Long,Recommendation,0.0
education,Robert E. Stiemke,https://en.wikipedia.org/wiki/Robert_E._Stiemke,Recommendation,0.0
education,Montgomery Knight,https://en.wikipedia.org/wiki/Montgomery_Knight,Recommendation,0.0
education,Donald J. Grace,https://en.wikipedia.org/wiki/Donald_J._Grace,Recommendation,0.0
education,UC Davis School of Medicine,https://en.wikipedia.org/wiki/UC_Davis_School_of_Medicine,Seed,0.0
education,UC Davis School of Veterinary Medicine,https://en.wikipedia.org/wiki/UC_Davis_School_of_Veterinary_Medicine,Recommendation,0.0
education,UC Davis Medical Center,https://en.wikipedia.org/wiki/UC_Davis_Medical_Center,Recommendation,0.0
education,"University of California, Davis",https://en.wikipedia.org/wiki/University_of_California%2C_Davis,Recommendation,1.71
education,UC San Diego School of Medicine,https://en.wikipedia.org/wiki/UC_San_Diego_School_of_Medicine,Recommendation,0.0
education,UC Davis Comprehensive Cancer Center,https://en.wikipedia.org/wiki/UC_Davis_Comprehensive_Cancer_Center,Recommendation,0.0
education,Ivan R. Schwab,https://en.wikipedia.org/wiki/Ivan_R._Schwab,Recommendation,0.0
education,University of Washington School of Medicine,https://en.wikipedia.org/wiki/University_of_Washington_School_of_Medicine,Recommendation,0.0
education,Yu-Jui Yvonne Wan,https://en.wikipedia.org/wiki/Yu-Jui_Yvonne_Wan,Recommendation,0.0
education,UC Davis School of Law,https://en.wikipedia.org/wiki/UC_Davis_School_of_Law,Recommendation,0.0
education,The Boat Race 2018,https://en.wikipedia.org/wiki/The_Boat_Race_2018,Seed,0.0
education,The Boat Race 2021,https://en.wikipedia.org/wiki/The_Boat_Race_2021,Recommendation,0.0
education,The Boat Race 1937,https://en.wikipedia.org/wiki/The_Boat_Race_1937,Recommendation,0.0
education,The Boat Race 1967,https://en.wikipedia.org/wiki/The_Boat_Race_1967,Recommendation,0.0
education,The Boat Race 1865,https://en.wikipedia.org/wiki/The_Boat_Race_1865,Recommendation,0.0
education,The Boat Race 1929,https://en.wikipedia.org/wiki/The_Boat_Race_1929,Recommendation,0.0
education,The Boat Race 2001,https://en.wikipedia.org/wiki/The_Boat_Race_2001,Recommendation,0.0
education,The Boat Race 1923,https://en.wikipedia.org/wiki/The_Boat_Race_1923,Recommendation,0.0
education,The Boat Race 1986,https://en.wikipedia.org/wiki/The_Boat_Race_1986,Recommendation,0.0
education,The Boat Race 1955,https://en.wikipedia.org/wiki/The_Boat_Race_1955,Recommendation,0.0
education,Madrasahs in Singapore,https://en.wikipedia.org/wiki/Madrasahs_in_Singapore,Seed,0.0
education,Madrasah Irsyad Zuhri Al-Islamiah,https://en.wikipedia.org/wiki/Madrasah_Irsyad_Zuhri_Al-Islamiah,Recommendation,0.0
education,Madrasah Al-Maarif Al-Islamiah,https://en.wikipedia.org/wiki/Madrasah_Al-Maarif_Al-Islamiah,Recommendation,0.0
education,Madrasah Al-Arabiah Al-Islamiah,https://en.wikipedia.org/wiki/Madrasah_Al-Arabiah_Al-Islamiah,Recommendation,0.0
education,Madrasah Aljunied Al-Islamiah,https://en.wikipedia.org/wiki/Madrasah_Aljunied_Al-Islamiah,Recommendation,0.0
education,Islam in Singapore,https://en.wikipedia.org/wiki/Islam_in_Singapore,Recommendation,0.0
education,Majlis Ugama Islam Singapura,https://en.wikipedia.org/wiki/Majlis_Ugama_Islam_Singapura,Recommendation,0.0
education,Education in Singapore,https://en.wikipedia.org/wiki/Education_in_Singapore,Recommendation,0.0
education,Syed Isa Semait,https://en.wikipedia.org/wiki/Syed_Isa_Semait,Recommendation,0.14
education,Administration of Muslim Law Act,https://en.wikipedia.org/wiki/Administration_of_Muslim_Law_Act,Recommendation,0.0
education,"Buildings of Jesus College, Oxford",https://en.wikipedia.org/wiki/Buildings_of_Jesus_College%2C_Oxford,Seed,0.0
education,"Jesus College, Oxford",https://en.wikipedia.org/wiki/Jesus_College%2C_Oxford,Recommendation,0.0
education,"Lincoln College, Oxford",https://en.wikipedia.org/wiki/Lincoln_College%2C_Oxford,Recommendation,0.0
education,"Exeter College, Oxford",https://en.wikipedia.org/wiki/Exeter_College%2C_Oxford,Recommendation,0.0
education,"St John's College, Oxford",https://en.wikipedia.org/wiki/St_John%27s_College%2C_Oxford,Recommendation,0.0
education,"Broad Street, Oxford",https://en.wikipedia.org/wiki/Broad_Street%2C_Oxford,Recommendation,0.0
education,"Trinity College, Oxford",https://en.wikipedia.org/wiki/Trinity_College%2C_Oxford,Recommendation,0.0
education,"Worcester College, Oxford",https://en.wikipedia.org/wiki/Worcester_College%2C_Oxford,Recommendation,0.0
education,Henry Jones Underwood,https://en.wikipedia.org/wiki/Henry_Jones_Underwood,Recommendation,0.0
education,Turl Street,https://en.wikipedia.org/wiki/Turl_Street,Recommendation,0.0
education,Stuyvesant High School,https://en.wikipedia.org/wiki/Stuyvesant_High_School,Seed,0.0
education,Specialized High Schools Admissions Test,https://en.wikipedia.org/wiki/Specialized_High_Schools_Admissions_Test,Recommendation,0.0
education,High School of American Studies,https://en.wikipedia.org/wiki/High_School_of_American_Studies,Recommendation,0.0
education,Bronx High School of Science,https://en.wikipedia.org/wiki/Bronx_High_School_of_Science,Recommendation,0.29
education,Queens High School for the Sciences,https://en.wikipedia.org/wiki/Queens_High_School_for_the_Sciences,Recommendation,0.14
education,Brooklyn Technical High School,https://en.wikipedia.org/wiki/Brooklyn_Technical_High_School,Recommendation,0.43
education,"High School for Math, Science and Engineering at City College",https://en.wikipedia.org/wiki/High_School_for_Math%2C_Science_and_Engineering_at_City_College,Recommendation,0.0
education,Fiorello H. LaGuardia High School,https://en.wikipedia.org/wiki/Fiorello_H._LaGuardia_High_School,Recommendation,0.0
education,Academy of American Studies,https://en.wikipedia.org/wiki/Academy_of_American_Studies,Recommendation,0.0
education,Education in New York City,https://en.wikipedia.org/wiki/Education_in_New_York_City,Recommendation,0.0
food-and-drink,Tokaj wine region,https://en.wikipedia.org/wiki/Tokaj_wine_region,Seed,0.0
food-and-drink,Tokaji,https://en.wikipedia.org/wiki/Tokaji,Recommendation,0.14
food-and-drink,Furmint,https://en.wikipedia.org/wiki/Furmint,Recommendation,0.0
food-and-drink,Hungarian wine,https://en.wikipedia.org/wiki/Hungarian_wine,Recommendation,0.0
food-and-drink,Wine in China,https://en.wikipedia.org/wiki/Wine_in_China,Seed,0.0
food-and-drink,Alcohol in China,https://en.wikipedia.org/wiki/Alcohol_in_China,Recommendation,0.0
food-and-drink,Museles,https://en.wikipedia.org/wiki/Museles,Recommendation,0.0
food-and-drink,History of wine,https://en.wikipedia.org/wiki/History_of_wine,Recommendation,0.0
food-and-drink,Dogfish Head Brewery,https://en.wikipedia.org/wiki/Dogfish_Head_Brewery,Seed,0.0
food-and-drink,Experimental beer,https://en.wikipedia.org/wiki/Experimental_beer,Recommendation,0.0
food-and-drink,India pale ale,https://en.wikipedia.org/wiki/India_pale_ale,Recommendation,0.0
food-and-drink,Boston Beer Company,https://en.wikipedia.org/wiki/Boston_Beer_Company,Recommendation,0.0
food-and-drink,Barrel-aged beer,https://en.wikipedia.org/wiki/Barrel-aged_beer,Seed,0.0
food-and-drink,Brewing methods,https://en.wikipedia.org/wiki/Brewing_methods,Recommendation,0.0
food-and-drink,Sour beer,https://en.wikipedia.org/wiki/Sour_beer,Recommendation,0.0
food-and-drink,Gueuze,https://en.wikipedia.org/wiki/Gueuze,Recommendation,0.0
food-and-drink,Cuisine of Corsica,https://en.wikipedia.org/wiki/Cuisine_of_Corsica,Seed,0.0
food-and-drink,Strenna (pie),https://en.wikipedia.org/wiki/Strenna_%28pie%29,Recommendation,0.0
food-and-drink,Cacavellu,https://en.wikipedia.org/wiki/Cacavellu,Recommendation,0.0
food-and-drink,Brocciu,https://en.wikipedia.org/wiki/Brocciu,Recommendation,0.0
food-and-drink,White chocolate,https://en.wikipedia.org/wiki/White_chocolate,Seed,0.0
food-and-drink,Dark chocolate,https://en.wikipedia.org/wiki/Dark_chocolate,Recommendation,0.0
food-and-drink,Types of chocolate,https://en.wikipedia.org/wiki/Types_of_chocolate,Recommendation,0.0
food-and-drink,Milk chocolate,https://en.wikipedia.org/wiki/Milk_chocolate,Recommendation,0.0
food-and-drink,Celebrity chef,https://en.wikipedia.org/wiki/Celebrity_chef,Seed,0.0
food-and-drink,The F Word (British TV series),https://en.wikipedia.org/wiki/The_F_Word_%28British_TV_series%29,Recommendation,0.14
food-and-drink,Cooking show,https://en.wikipedia.org/wiki/Cooking_show,Recommendation,0.0
food-and-drink,Ching He Huang,https://en.wikipedia.org/wiki/Ching_He_Huang,Recommendation,0.0
food-and-drink,Neapolitan ragù,https://en.wikipedia.org/wiki/Neapolitan_rag%C3%B9,Seed,0.0
food-and-drink,Barese ragù,https://en.wikipedia.org/wiki/Barese_rag%C3%B9,Recommendation,0.0
food-and-drink,Bolognese sauce,https://en.wikipedia.org/wiki/Bolognese_sauce,Recommendation,0.0
food-and-drink,Ragù,https://en.wikipedia.org/wiki/Rag%C3%B9,Recommendation,0.0
food-and-drink,Lombardy wine,https://en.wikipedia.org/wiki/Lombardy_wine,Seed,0.0
food-and-drink,Franciacorta DOCG,https://en.wikipedia.org/wiki/Franciacorta_DOCG,Recommendation,0.0
food-and-drink,Cortese,https://en.wikipedia.org/wiki/Cortese,Recommendation,0.0
food-and-drink,Lombard cuisine,https://en.wikipedia.org/wiki/Lombard_cuisine,Recommendation,0.0
food-and-drink,Haitian cuisine,https://en.wikipedia.org/wiki/Haitian_cuisine,Seed,0.0
food-and-drink,Libyan cuisine,https://en.wikipedia.org/wiki/Libyan_cuisine,Recommendation,0.0
food-and-drink,Gambian cuisine,https://en.wikipedia.org/wiki/Gambian_cuisine,Recommendation,0.0
food-and-drink,Griot (food),https://en.wikipedia.org/wiki/Griot_%28food%29,Recommendation,0.14
food-and-drink,Dal puri,https://en.wikipedia.org/wiki/Dal_puri,Seed,0.0
food-and-drink,Roti,https://en.wikipedia.org/wiki/Roti,Recommendation,0.29
food-and-drink,Indian breads,https://en.wikipedia.org/wiki/Indian_breads,Recommendation,0.0
food-and-drink,Roti (wrap),https://en.wikipedia.org/wiki/Roti_%28wrap%29,Recommendation,0.0
food-and-drink,Malay cuisine,https://en.wikipedia.org/wiki/Malay_cuisine,Seed,0.0
food-and-drink,Acehnese cuisine,https://en.wikipedia.org/wiki/Acehnese_cuisine,Recommendation,0.0
food-and-drink,Javanese cuisine,https://en.wikipedia.org/wiki/Javanese_cuisine,Recommendation,0.0
food-and-drink,Indonesian cuisine,https://en.wikipedia.org/wiki/Indonesian_cuisine,Recommendation,0.0
food-and-drink,Western pattern diet,https://en.wikipedia.org/wiki/Western_pattern_diet,Seed,0.0
food-and-drink,Healthy diet,https://en.wikipedia.org/wiki/Healthy_diet,Recommendation,0.57
food-and-drink,Diet and cancer,https://en.wikipedia.org/wiki/Diet_and_cancer,Recommendation,0.14
food-and-drink,Dietary Guidelines for Americans,https://en.wikipedia.org/wiki/Dietary_Guidelines_for_Americans,Recommendation,0.14
food-and-drink,Plum cake,https://en.wikipedia.org/wiki/Plum_cake,Seed,0.0
food-and-drink,Fruitcake,https://en.wikipedia.org/wiki/Fruitcake,Recommendation,0.0
food-and-drink,Christmas pudding,https://en.wikipedia.org/wiki/Christmas_pudding,Recommendation,0.0
food-and-drink,Pound cake,https://en.wikipedia.org/wiki/Pound_cake,Recommendation,0.14
food-and-drink,Singaporean cuisine,https://en.wikipedia.org/wiki/Singaporean_cuisine,Seed,0.14
food-and-drink,Malaysian Chinese cuisine,https://en.wikipedia.org/wiki/Malaysian_Chinese_cuisine,Recommendation,0.0
food-and-drink,Penang cuisine,https://en.wikipedia.org/wiki/Penang_cuisine,Recommendation,0.0
food-and-drink,Char kway teow,https://en.wikipedia.org/wiki/Char_kway_teow,Recommendation,0.0
food-and-drink,Medieval cuisine,https://en.wikipedia.org/wiki/Medieval_cuisine,Seed,0.0
food-and-drink,Regional cuisines of medieval Europe,https://en.wikipedia.org/wiki/Regional_cuisines_of_medieval_Europe,Recommendation,0.0
food-and-drink,Early modern European cuisine,https://en.wikipedia.org/wiki/Early_modern_European_cuisine,Recommendation,0.14
food-and-drink,Egyptian cuisine,https://en.wikipedia.org/wiki/Egyptian_cuisine,Recommendation,0.0
food-and-drink,Food delivery,https://en.wikipedia.org/wiki/Food_delivery,Seed,0.0
food-and-drink,Uber Eats,https://en.wikipedia.org/wiki/Uber_Eats,Recommendation,0.0
food-and-drink,DoorDash,https://en.wikipedia.org/wiki/DoorDash,Recommendation,0.0
food-and-drink,Deliveroo,https://en.wikipedia.org/wiki/Deliveroo,Recommendation,0.0
food-and-drink,Malagasy cuisine,https://en.wikipedia.org/wiki/Malagasy_cuisine,Seed,0.0
food-and-drink,Culture of Madagascar,https://en.wikipedia.org/wiki/Culture_of_Madagascar,Recommendation,0.0
food-and-drink,Seychellois cuisine,https://en.wikipedia.org/wiki/Seychellois_cuisine,Recommendation,0.0
food-and-drink,Dominican Republic cuisine,https://en.wikipedia.org/wiki/Dominican_Republic_cuisine,Recommendation,0.0
food-and-drink,Rioja DOCa,https://en.wikipedia.org/wiki/Rioja_DOCa,Seed,0.0
food-and-drink,3 Riberas,https://en.wikipedia.org/wiki/3_Riberas,Recommendation,0.0
food-and-drink,Tempranillo blanco,https://en.wikipedia.org/wiki/Tempranillo_blanco,Recommendation,0.0
food-and-drink,Toro (DO),https://en.wikipedia.org/wiki/Toro_%28DO%29,Recommendation,0.0
food-and-drink,Lithuanian cuisine,https://en.wikipedia.org/wiki/Lithuanian_cuisine,Seed,0.0
food-and-drink,Latvian cuisine,https://en.wikipedia.org/wiki/Latvian_cuisine,Recommendation,0.0
food-and-drink,Ukrainian cuisine,https://en.wikipedia.org/wiki/Ukrainian_cuisine,Recommendation,0.14
food-and-drink,Russian cuisine,https://en.wikipedia.org/wiki/Russian_cuisine,Recommendation,0.0
food-and-drink,Asam pedas,https://en.wikipedia.org/wiki/Asam_pedas,Seed,0.0
food-and-drink,Gulai,https://en.wikipedia.org/wiki/Gulai,Recommendation,0.0
food-and-drink,Peranakan cuisine,https://en.wikipedia.org/wiki/Peranakan_cuisine,Recommendation,0.0
food-and-drink,Laksa,https://en.wikipedia.org/wiki/Laksa,Recommendation,0.0
food-and-drink,Sufganiyah,https://en.wikipedia.org/wiki/Sufganiyah,Seed,0.0
food-and-drink,Noodle latkes,https://en.wikipedia.org/wiki/Noodle_latkes,Recommendation,0.0
food-and-drink,Jelly doughnut,https://en.wikipedia.org/wiki/Jelly_doughnut,Recommendation,0.0
food-and-drink,Hanukkah,https://en.wikipedia.org/wiki/Hanukkah,Recommendation,0.14
food-and-drink,Coopers Brewery,https://en.wikipedia.org/wiki/Coopers_Brewery,Seed,0.0
food-and-drink,South Australian Brewing Company,https://en.wikipedia.org/wiki/South_Australian_Brewing_Company,Recommendation,0.0
food-and-drink,Beer in Australia,https://en.wikipedia.org/wiki/Beer_in_Australia,Recommendation,0.0
food-and-drink,Lion (Australasian company),https://en.wikipedia.org/wiki/Lion_%28Australasian_company%29,Recommendation,0.14
food-and-drink,Maria Rundell,https://en.wikipedia.org/wiki/Maria_Rundell,Seed,0.0
food-and-drink,Eliza Acton,https://en.wikipedia.org/wiki/Eliza_Acton,Recommendation,0.14
food-and-drink,Elizabeth Raffald,https://en.wikipedia.org/wiki/Elizabeth_Raffald,Recommendation,0.14
food-and-drink,Mrs. Beeton's Book of Household Management,https://en.wikipedia.org/wiki/Mrs._Beeton%27s_Book_of_Household_Management,Recommendation,0.0
food-and-drink,Eugénie Brazier,https://en.wikipedia.org/wiki/Eug%C3%A9nie_Brazier,Seed,0.0
food-and-drink,Mère,https://en.wikipedia.org/wiki/M%C3%A8re,Recommendation,0.0
food-and-drink,Françoise Fillioux,https://en.wikipedia.org/wiki/Fran%C3%A7oise_Fillioux,Recommendation,0.0
food-and-drink,Bernard Pacaud,https://en.wikipedia.org/wiki/Bernard_Pacaud,Recommendation,0.0
food-and-drink,Corn tortilla,https://en.wikipedia.org/wiki/Corn_tortilla,Seed,0.0
food-and-drink,Tortilla,https://en.wikipedia.org/wiki/Tortilla,Recommendation,0.29
food-and-drink,Masa,https://en.wikipedia.org/wiki/Masa,Recommendation,0.0
food-and-drink,Gordita,https://en.wikipedia.org/wiki/Gordita,Recommendation,0.14
food-and-drink,Big King,https://en.wikipedia.org/wiki/Big_King,Seed,0.0
food-and-drink,BK Stacker,https://en.wikipedia.org/wiki/BK_Stacker,Recommendation,0.0
food-and-drink,McDouble,https://en.wikipedia.org/wiki/McDouble,Recommendation,0.0
food-and-drink,Burger King Specialty Sandwiches,https://en.wikipedia.org/wiki/Burger_King_Specialty_Sandwiches,Recommendation,0.0
food-and-drink,Smashburger (restaurant chain),https://en.wikipedia.org/wiki/Smashburger_%28restaurant_chain%29,Seed,0.0
food-and-drink,Jollibee Group,https://en.wikipedia.org/wiki/Jollibee_Group,Recommendation,0.0
food-and-drink,Jollibee,https://en.wikipedia.org/wiki/Jollibee,Recommendation,0.14
food-and-drink,Hamburger,https://en.wikipedia.org/wiki/Hamburger,Recommendation,0.0
food-and-drink,Campanian cuisine,https://en.wikipedia.org/wiki/Campanian_cuisine,Seed,0.0
food-and-drink,Neapolitan cuisine,https://en.wikipedia.org/wiki/Neapolitan_cuisine,Recommendation,0.14
food-and-drink,Caprese salad,https://en.wikipedia.org/wiki/Caprese_salad,Recommendation,0.0
food-and-drink,Apulian cuisine,https://en.wikipedia.org/wiki/Apulian_cuisine,Recommendation,0.0
food-and-drink,Thai salads,https://en.wikipedia.org/wiki/Thai_salads,Seed,0.0
food-and-drink,Thai cuisine,https://en.wikipedia.org/wiki/Thai_cuisine,Recommendation,0.0
food-and-drink,Larb,https://en.wikipedia.org/wiki/Larb,Recommendation,0.0
food-and-drink,Thai curry,https://en.wikipedia.org/wiki/Thai_curry,Recommendation,0.0
food-and-drink,Sharbat (drink),https://en.wikipedia.org/wiki/Sharbat_%28drink%29,Seed,0.0
food-and-drink,Sherbet (frozen dessert),https://en.wikipedia.org/wiki/Sherbet_%28frozen_dessert%29,Recommendation,0.0
food-and-drink,Sorbet,https://en.wikipedia.org/wiki/Sorbet,Recommendation,0.0
food-and-drink,Squash (drink),https://en.wikipedia.org/wiki/Squash_%28drink%29,Recommendation,0.0
food-and-drink,Pan de muerto,https://en.wikipedia.org/wiki/Pan_de_muerto,Seed,0.0
food-and-drink,Pan de ánimas,https://en.wikipedia.org/wiki/Pan_de_%C3%A1nimas,Recommendation,0.0
food-and-drink,Pan dulce,https://en.wikipedia.org/wiki/Pan_dulce,Recommendation,0.57
food-and-drink,Day of the Dead,https://en.wikipedia.org/wiki/Day_of_the_Dead,Recommendation,0.0
food-and-drink,Nutrition facts label,https://en.wikipedia.org/wiki/Nutrition_facts_label,Seed,0.0
food-and-drink,Nutrition Labeling and Education Act of 1990,https://en.wikipedia.org/wiki/Nutrition_Labeling_and_Education_Act_of_1990,Recommendation,0.0
food-and-drink,Jelly bean rule,https://en.wikipedia.org/wiki/Jelly_bean_rule,Recommendation,0.0
food-and-drink,Reference Daily Intake,https://en.wikipedia.org/wiki/Reference_Daily_Intake,Recommendation,0.0
food-and-drink,Sachertorte,https://en.wikipedia.org/wiki/Sachertorte,Seed,0.29
food-and-drink,Demel,https://en.wikipedia.org/wiki/Demel,Recommendation,0.0
food-and-drink,Franz Sacher,https://en.wikipedia.org/wiki/Franz_Sacher,Recommendation,0.0
food-and-drink,Prinzregententorte,https://en.wikipedia.org/wiki/Prinzregententorte,Recommendation,0.0
food-and-drink,Chilean wine,https://en.wikipedia.org/wiki/Chilean_wine,Seed,0.0
food-and-drink,Cono Sur Vineyards & Winery,https://en.wikipedia.org/wiki/Cono_Sur_Vineyards_%26_Winery,Recommendation,0.0
food-and-drink,Central Valley (Chilean wine region),https://en.wikipedia.org/wiki/Central_Valley_%28Chilean_wine_region%29,Recommendation,0.0
food-and-drink,Maipo Province,https://en.wikipedia.org/wiki/Maipo_Province,Recommendation,0.0
food-and-drink,Florence Petty,https://en.wikipedia.org/wiki/Florence_Petty,Seed,0.0
food-and-drink,Marguerite Patten,https://en.wikipedia.org/wiki/Marguerite_Patten,Recommendation,0.0
food-and-drink,Georgiana Hill (cookery book writer),https://en.wikipedia.org/wiki/Georgiana_Hill_%28cookery_book_writer%29,Recommendation,0.0
food-and-drink,The Cookery Book of Lady Clark of Tillypronie,https://en.wikipedia.org/wiki/The_Cookery_Book_of_Lady_Clark_of_Tillypronie,Recommendation,0.0
food-and-drink,Armenian wine,https://en.wikipedia.org/wiki/Armenian_wine,Seed,0.0
food-and-drink,Vedi Alco Winery,https://en.wikipedia.org/wiki/Vedi_Alco_Winery,Recommendation,0.0
food-and-drink,Burger King grilled chicken sandwiches,https://en.wikipedia.org/wiki/Burger_King_grilled_chicken_sandwiches,Seed,0.29
food-and-drink,Burger King products,https://en.wikipedia.org/wiki/Burger_King_products,Recommendation,0.14
food-and-drink,Whopper,https://en.wikipedia.org/wiki/Whopper,Recommendation,0.14
food-and-drink,Burger King fish sandwiches,https://en.wikipedia.org/wiki/Burger_King_fish_sandwiches,Recommendation,0.0
food-and-drink,Veggie burger,https://en.wikipedia.org/wiki/Veggie_burger,Seed,0.0
food-and-drink,McPlant,https://en.wikipedia.org/wiki/McPlant,Recommendation,0.0
food-and-drink,Vegetarian cuisine,https://en.wikipedia.org/wiki/Vegetarian_cuisine,Recommendation,0.0
food-and-drink,McVeggie,https://en.wikipedia.org/wiki/McVeggie,Recommendation,0.0
food-and-drink,Phenolic content in wine,https://en.wikipedia.org/wiki/Phenolic_content_in_wine,Seed,0.0
food-and-drink,Pyranoanthocyanin,https://en.wikipedia.org/wiki/Pyranoanthocyanin,Recommendation,0.0
food-and-drink,Wine color,https://en.wikipedia.org/wiki/Wine_color,Recommendation,0.14
food-and-drink,Oenin,https://en.wikipedia.org/wiki/Oenin,Recommendation,0.0
food-and-drink,Bat as food,https://en.wikipedia.org/wiki/Bat_as_food,Seed,0.0
food-and-drink,Bushmeat,https://en.wikipedia.org/wiki/Bushmeat,Recommendation,0.0
food-and-drink,Javan tailless fruit bat,https://en.wikipedia.org/wiki/Javan_tailless_fruit_bat,Recommendation,0.0
food-and-drink,Large flying fox,https://en.wikipedia.org/wiki/Large_flying_fox,Recommendation,0.0
food-and-drink,Game pie,https://en.wikipedia.org/wiki/Game_pie,Seed,0.0
food-and-drink,Yorkshire Christmas pie,https://en.wikipedia.org/wiki/Yorkshire_Christmas_pie,Recommendation,0.0
food-and-drink,Pie,https://en.wikipedia.org/wiki/Pie,Recommendation,0.0
food-and-drink,The Accomplisht Cook,https://en.wikipedia.org/wiki/The_Accomplisht_Cook,Recommendation,0.0
food-and-drink,Beecher's Handmade Cheese,https://en.wikipedia.org/wiki/Beecher%27s_Handmade_Cheese,Seed,0.0
food-and-drink,Cheesemaking,https://en.wikipedia.org/wiki/Cheesemaking,Recommendation,0.0
food-and-drink,Maximus/Minimus,https://en.wikipedia.org/wiki/Maximus/Minimus,Recommendation,0.0
food-and-drink,Cheddar cheese,https://en.wikipedia.org/wiki/Cheddar_cheese,Recommendation,0.0
food-and-drink,Cadbury Creme Egg,https://en.wikipedia.org/wiki/Cadbury_Creme_Egg,Seed,0.0
food-and-drink,Creme Egg Twisted,https://en.wikipedia.org/wiki/Creme_Egg_Twisted,Recommendation,0.0
food-and-drink,Cadbury,https://en.wikipedia.org/wiki/Cadbury,Recommendation,0.0
food-and-drink,Reese's Peanut Butter Cups,https://en.wikipedia.org/wiki/Reese%27s_Peanut_Butter_Cups,Recommendation,0.43
food-and-drink,Coffee cup,https://en.wikipedia.org/wiki/Coffee_cup,Seed,0.0
food-and-drink,Disposable cup,https://en.wikipedia.org/wiki/Disposable_cup,Recommendation,0.0
food-and-drink,Mug,https://en.wikipedia.org/wiki/Mug,Recommendation,0.0
food-and-drink,Paper cup,https://en.wikipedia.org/wiki/Paper_cup,Recommendation,0.29
food-and-drink,Three Horses Beer,https://en.wikipedia.org/wiki/Three_Horses_Beer,Seed,0.0
food-and-drink,Mützig,https://en.wikipedia.org/wiki/M%C3%BCtzig,Recommendation,0.0
food-and-drink,Beer in France,https://en.wikipedia.org/wiki/Beer_in_France,Recommendation,0.14
food-and-drink,Brasserie Thiriez,https://en.wikipedia.org/wiki/Brasserie_Thiriez,Recommendation,0.0
food-and-drink,Fish oil,https://en.wikipedia.org/wiki/Fish_oil,Seed,0.0
food-and-drink,Omega-3-carboxylic acids,https://en.wikipedia.org/wiki/Omega-3-carboxylic_acids,Recommendation,0.0
food-and-drink,Omega-3-acid ethyl esters,https://en.wikipedia.org/wiki/Omega-3-acid_ethyl_esters,Recommendation,0.0
food-and-drink,Omega−3 fatty acid,https://en.wikipedia.org/wiki/Omega%E2%88%923_fatty_acid,Recommendation,0.14
food-and-drink,Gumbo,https://en.wikipedia.org/wiki/Gumbo,Seed,0.0
food-and-drink,Louisiana Creole cuisine,https://en.wikipedia.org/wiki/Louisiana_Creole_cuisine,Recommendation,0.0
food-and-drink,Cajun cuisine,https://en.wikipedia.org/wiki/Cajun_cuisine,Recommendation,0.0
food-and-drink,Filé powder,https://en.wikipedia.org/wiki/Fil%C3%A9_powder,Recommendation,0.14
food-and-drink,Glenmorangie distillery,https://en.wikipedia.org/wiki/Glenmorangie_distillery,Seed,0.0
food-and-drink,Ardbeg distillery,https://en.wikipedia.org/wiki/Ardbeg_distillery,Recommendation,0.0
food-and-drink,Oban distillery,https://en.wikipedia.org/wiki/Oban_distillery,Recommendation,0.0
food-and-drink,Single malt Scotch,https://en.wikipedia.org/wiki/Single_malt_Scotch,Recommendation,0.0
food-and-drink,"Compendium ferculorum, albo Zebranie potraw",https://en.wikipedia.org/wiki/Compendium_ferculorum%2C_albo_Zebranie_potraw,Seed,0.0
food-and-drink,Stanisław Czerniecki,https://en.wikipedia.org/wiki/Stanis%C5%82aw_Czerniecki,Recommendation,0.0
food-and-drink,Bigos,https://en.wikipedia.org/wiki/Bigos,Recommendation,0.0
food-and-drink,Paul Tremo,https://en.wikipedia.org/wiki/Paul_Tremo,Recommendation,0.0
history,Regalian,https://en.wikipedia.org/wiki/Regalian,Seed,0.0
history,Gallienus,https://en.wikipedia.org/wiki/Gallienus,Recommendation,0.0
history,Gallienus usurpers,https://en.wikipedia.org/wiki/Gallienus_usurpers,Recommendation,0.0
history,Ingenuus,https://en.wikipedia.org/wiki/Ingenuus,Recommendation,0.0
history,Menkauhor Kaiu,https://en.wikipedia.org/wiki/Menkauhor_Kaiu,Seed,0.0
history,Headless Pyramid,https://en.wikipedia.org/wiki/Headless_Pyramid,Recommendation,0.0
history,Miroslav Verner,https://en.wikipedia.org/wiki/Miroslav_Verner,Recommendation,0.0
history,Neserkauhor,https://en.wikipedia.org/wiki/Neserkauhor,Recommendation,0.0
history,Unas,https://en.wikipedia.org/wiki/Unas,Seed,0.0
history,Sixth Dynasty of Egypt,https://en.wikipedia.org/wiki/Sixth_Dynasty_of_Egypt,Recommendation,0.0
history,Pyramid of Pepi I,https://en.wikipedia.org/wiki/Pyramid_of_Pepi_I,Recommendation,0.0
history,Pyramid of Teti,https://en.wikipedia.org/wiki/Pyramid_of_Teti,Recommendation,0.0
history,Userkare,https://en.wikipedia.org/wiki/Userkare,Seed,0.0
history,Teti,https://en.wikipedia.org/wiki/Teti,Recommendation,0.0
history,Pyramid of Ity,https://en.wikipedia.org/wiki/Pyramid_of_Ity,Recommendation,0.0
history,Iput I,https://en.wikipedia.org/wiki/Iput_I,Recommendation,0.0
history,Neferirkare Kakai,https://en.wikipedia.org/wiki/Neferirkare_Kakai,Seed,0.0
history,Unfinished Pyramid of Abusir,https://en.wikipedia.org/wiki/Unfinished_Pyramid_of_Abusir,Recommendation,0.0
history,Khentkaus II,https://en.wikipedia.org/wiki/Khentkaus_II,Recommendation,0.0
history,Egyptian sun temple,https://en.wikipedia.org/wiki/Egyptian_sun_temple,Recommendation,0.0
history,Userkaf,https://en.wikipedia.org/wiki/Userkaf,Seed,0.0
history,Pyramid of Neferefre,https://en.wikipedia.org/wiki/Pyramid_of_Neferefre,Recommendation,0.0
history,Meretnebty,https://en.wikipedia.org/wiki/Meretnebty,Recommendation,0.0
history,Pyramid of Userkaf,https://en.wikipedia.org/wiki/Pyramid_of_Userkaf,Recommendation,0.0
history,Shepseskaf,https://en.wikipedia.org/wiki/Shepseskaf,Seed,0.0
history,Khentkaus I,https://en.wikipedia.org/wiki/Khentkaus_I,Recommendation,0.0
history,Bikheris,https://en.wikipedia.org/wiki/Bikheris,Recommendation,0.0
history,Thamphthis,https://en.wikipedia.org/wiki/Thamphthis,Recommendation,0.0
history,Neferefre,https://en.wikipedia.org/wiki/Neferefre,Seed,0.0
history,Khentkaus III,https://en.wikipedia.org/wiki/Khentkaus_III,Recommendation,0.14
history,Abu Gorab,https://en.wikipedia.org/wiki/Abu_Gorab,Recommendation,0.0
history,Ramesses VI,https://en.wikipedia.org/wiki/Ramesses_VI,Seed,0.0
history,High Priest of Amun,https://en.wikipedia.org/wiki/High_Priest_of_Amun,Recommendation,0.43
history,Psusennes I,https://en.wikipedia.org/wiki/Psusennes_I,Recommendation,0.0
history,Iset Ta-Hemdjert,https://en.wikipedia.org/wiki/Iset_Ta-Hemdjert,Recommendation,0.0
history,Nynetjer,https://en.wikipedia.org/wiki/Nynetjer,Seed,0.0
history,Nebra (pharaoh),https://en.wikipedia.org/wiki/Nebra_%28pharaoh%29,Recommendation,0.0
history,Sekhemib-Perenmaat,https://en.wikipedia.org/wiki/Sekhemib-Perenmaat,Recommendation,0.0
history,Horus Sa,https://en.wikipedia.org/wiki/Horus_Sa,Recommendation,0.0
history,Djedkare Isesi,https://en.wikipedia.org/wiki/Djedkare_Isesi,Seed,0.0
history,Kaemtjenent,https://en.wikipedia.org/wiki/Kaemtjenent,Recommendation,0.0
history,Isesi-ankh,https://en.wikipedia.org/wiki/Isesi-ankh,Recommendation,0.0
history,Minnefer (vizier),https://en.wikipedia.org/wiki/Minnefer_%28vizier%29,Recommendation,0.0
history,Sheshi,https://en.wikipedia.org/wiki/Sheshi,Seed,0.0
history,Yaqub-Har,https://en.wikipedia.org/wiki/Yaqub-Har,Recommendation,0.0
history,Nehesy,https://en.wikipedia.org/wiki/Nehesy,Recommendation,0.29
history,Khyan,https://en.wikipedia.org/wiki/Khyan,Recommendation,0.0
history,Ahmose I,https://en.wikipedia.org/wiki/Ahmose_I,Seed,0.43
history,Kamose,https://en.wikipedia.org/wiki/Kamose,Recommendation,0.0
history,Seqenenre Tao,https://en.wikipedia.org/wiki/Seqenenre_Tao,Recommendation,0.14
history,Seventeenth Dynasty of Egypt,https://en.wikipedia.org/wiki/Seventeenth_Dynasty_of_Egypt,Recommendation,0.0
history,Nyuserre Ini,https://en.wikipedia.org/wiki/Nyuserre_Ini,Seed,0.14
history,Pyramid of Khentkaus II,https://en.wikipedia.org/wiki/Pyramid_of_Khentkaus_II,Recommendation,0.0
history,Lepsius XXIV,https://en.wikipedia.org/wiki/Lepsius_XXIV,Recommendation,0.0
history,Khufukhaf II,https://en.wikipedia.org/wiki/Khufukhaf_II,Recommendation,0.0
history,Merenre Nemtyemsaf I,https://en.wikipedia.org/wiki/Merenre_Nemtyemsaf_I,Seed,0.0
history,Pepi II Neferkare,https://en.wikipedia.org/wiki/Pepi_II_Neferkare,Recommendation,0.0
history,Autobiography of Weni,https://en.wikipedia.org/wiki/Autobiography_of_Weni,Recommendation,0.0
history,Ankhesenpepi II,https://en.wikipedia.org/wiki/Ankhesenpepi_II,Recommendation,0.0
history,Maximian,https://en.wikipedia.org/wiki/Maximian,Seed,0.0
history,Diocletian,https://en.wikipedia.org/wiki/Diocletian,Recommendation,0.14
history,Civil wars of the Tetrarchy,https://en.wikipedia.org/wiki/Civil_wars_of_the_Tetrarchy,Recommendation,0.0
history,Siege of Segusio,https://en.wikipedia.org/wiki/Siege_of_Segusio,Recommendation,0.0
history,Sahure,https://en.wikipedia.org/wiki/Sahure,Seed,0.0
history,Neferhetepes (wife of Userkaf),https://en.wikipedia.org/wiki/Neferhetepes_%28wife_of_Userkaf%29,Recommendation,0.0
history,Neferhetepes,https://en.wikipedia.org/wiki/Neferhetepes,Recommendation,0.0
history,Werbauba,https://en.wikipedia.org/wiki/Werbauba,Recommendation,0.0
history,Ptolemy IX Soter,https://en.wikipedia.org/wiki/Ptolemy_IX_Soter,Seed,0.0
history,Ptolemy X Alexander I,https://en.wikipedia.org/wiki/Ptolemy_X_Alexander_I,Recommendation,0.0
history,Berenice III,https://en.wikipedia.org/wiki/Berenice_III,Recommendation,0.0
history,Cleopatra II,https://en.wikipedia.org/wiki/Cleopatra_II,Recommendation,0.0
history,Pyramid of Unas,https://en.wikipedia.org/wiki/Pyramid_of_Unas,Seed,0.0
history,Pyramid of Djedkare Isesi,https://en.wikipedia.org/wiki/Pyramid_of_Djedkare_Isesi,Recommendation,0.0
history,Pyramid Texts,https://en.wikipedia.org/wiki/Pyramid_Texts,Recommendation,0.0
history,Qakare Ibi,https://en.wikipedia.org/wiki/Qakare_Ibi,Recommendation,0.0
history,Pyramid of Senusret II,https://en.wikipedia.org/wiki/Pyramid_of_Senusret_II,Seed,0.0
history,Sithathoriunet,https://en.wikipedia.org/wiki/Sithathoriunet,Recommendation,0.0
history,Pyramid of Senusret III,https://en.wikipedia.org/wiki/Pyramid_of_Senusret_III,Recommendation,0.0
history,Pyramid of Nyuserre,https://en.wikipedia.org/wiki/Pyramid_of_Nyuserre,Seed,0.0
history,Double Pyramid,https://en.wikipedia.org/wiki/Double_Pyramid,Recommendation,0.0
history,Fifth Dynasty of Egypt,https://en.wikipedia.org/wiki/Fifth_Dynasty_of_Egypt,Recommendation,0.0
history,Ptahshepses,https://en.wikipedia.org/wiki/Ptahshepses,Recommendation,0.0
history,Cvetković–Maček Agreement,https://en.wikipedia.org/wiki/Cvetkovi%C4%87%E2%80%93Ma%C4%8Dek_Agreement,Seed,0.0
history,Banovina of Croatia,https://en.wikipedia.org/wiki/Banovina_of_Croatia,Recommendation,0.0
history,Juraj Krnjević,https://en.wikipedia.org/wiki/Juraj_Krnjevi%C4%87,Recommendation,0.0
history,Yugoslavism,https://en.wikipedia.org/wiki/Yugoslavism,Recommendation,0.0
history,Pyramid of Neferirkare,https://en.wikipedia.org/wiki/Pyramid_of_Neferirkare,Seed,0.0
history,Reptynub,https://en.wikipedia.org/wiki/Reptynub,Recommendation,0.0
history,Abusir Papyri,https://en.wikipedia.org/wiki/Abusir_Papyri,Recommendation,0.0
history,Huni,https://en.wikipedia.org/wiki/Huni,Recommendation,0.0
history,Pyramid of Sahure,https://en.wikipedia.org/wiki/Pyramid_of_Sahure,Seed,0.0
history,Pyramid of Djoser,https://en.wikipedia.org/wiki/Pyramid_of_Djoser,Recommendation,0.0
history,Pyramid of Khentkaus I,https://en.wikipedia.org/wiki/Pyramid_of_Khentkaus_I,Recommendation,0.0
history,Pyramid of Khafre,https://en.wikipedia.org/wiki/Pyramid_of_Khafre,Recommendation,0.0
history,Manuel I Komnenos,https://en.wikipedia.org/wiki/Manuel_I_Komnenos,Seed,0.0
history,Treaty of Devol,https://en.wikipedia.org/wiki/Treaty_of_Devol,Recommendation,0.0
history,John II Komnenos,https://en.wikipedia.org/wiki/John_II_Komnenos,Recommendation,0.0
history,Byzantine Empire under the Komnenos dynasty,https://en.wikipedia.org/wiki/Byzantine_Empire_under_the_Komnenos_dynasty,Recommendation,0.0
history,Sennacherib,https://en.wikipedia.org/wiki/Sennacherib,Seed,0.0
history,Sargonid dynasty,https://en.wikipedia.org/wiki/Sargonid_dynasty,Recommendation,0.0
history,Sargon II,https://en.wikipedia.org/wiki/Sargon_II,Recommendation,0.0
history,Gilgamesh and Aga,https://en.wikipedia.org/wiki/Gilgamesh_and_Aga,Seed,0.0
history,Aga of Kish,https://en.wikipedia.org/wiki/Aga_of_Kish,Recommendation,0.0
history,Birhurtura,https://en.wikipedia.org/wiki/Birhurtura,Recommendation,0.0
history,Theodore II Laskaris,https://en.wikipedia.org/wiki/Theodore_II_Laskaris,Seed,0.0
history,John III Doukas Vatatzes,https://en.wikipedia.org/wiki/John_III_Doukas_Vatatzes,Recommendation,0.0
history,House of Laskaris,https://en.wikipedia.org/wiki/House_of_Laskaris,Recommendation,0.71
history,Alexios Strategopoulos,https://en.wikipedia.org/wiki/Alexios_Strategopoulos,Recommendation,0.0
history,Basiliscus,https://en.wikipedia.org/wiki/Basiliscus,Seed,0.0
history,Marcus (son of Basiliscus),https://en.wikipedia.org/wiki/Marcus_%28son_of_Basiliscus%29,Recommendation,0.0
history,Basiliscus (Caesar),https://en.wikipedia.org/wiki/Basiliscus_%28Caesar%29,Recommendation,0.0
history,Ariadne (empress),https://en.wikipedia.org/wiki/Ariadne_%28empress%29,Recommendation,0.0
history,Frome Hoard,https://en.wikipedia.org/wiki/Frome_Hoard,Seed,0.0
history,Museum of Somerset,https://en.wikipedia.org/wiki/Museum_of_Somerset,Recommendation,0.0
history,Shrewsbury Hoard,https://en.wikipedia.org/wiki/Shrewsbury_Hoard,Recommendation,0.0
history,Bredon Hill Hoard,https://en.wikipedia.org/wiki/Bredon_Hill_Hoard,Recommendation,0.0
history,Morphia of Melitene,https://en.wikipedia.org/wiki/Morphia_of_Melitene,Seed,0.0
history,Ioveta,https://en.wikipedia.org/wiki/Ioveta,Recommendation,0.29
history,Baldwin II of Jerusalem,https://en.wikipedia.org/wiki/Baldwin_II_of_Jerusalem,Recommendation,1.14
history,Gabriel of Melitene,https://en.wikipedia.org/wiki/Gabriel_of_Melitene,Recommendation,0.0
history,Egyptian temple,https://en.wikipedia.org/wiki/Egyptian_temple,Seed,0.0
history,Ancient Egyptian religion,https://en.wikipedia.org/wiki/Ancient_Egyptian_religion,Recommendation,0.0
history,Mortuary temple of Hatshepsut,https://en.wikipedia.org/wiki/Mortuary_temple_of_Hatshepsut,Recommendation,0.0
history,Clergy of ancient Egypt,https://en.wikipedia.org/wiki/Clergy_of_ancient_Egypt,Recommendation,0.29
history,Osiris myth,https://en.wikipedia.org/wiki/Osiris_myth,Seed,0.14
history,Isis,https://en.wikipedia.org/wiki/Isis,Recommendation,0.0
history,Set (deity),https://en.wikipedia.org/wiki/Set_%28deity%29,Recommendation,0.14
history,Eye of Horus,https://en.wikipedia.org/wiki/Eye_of_Horus,Recommendation,0.0
history,Rekhyt,https://en.wikipedia.org/wiki/Rekhyt,Seed,0.0
history,Khnum,https://en.wikipedia.org/wiki/Khnum,Recommendation,0.0
history,Akhty (deity),https://en.wikipedia.org/wiki/Akhty_%28deity%29,Recommendation,0.0
history,Cleopatra,https://en.wikipedia.org/wiki/Cleopatra,Seed,0.14
history,Reign of Cleopatra,https://en.wikipedia.org/wiki/Reign_of_Cleopatra,Recommendation,0.14
history,Caesarion,https://en.wikipedia.org/wiki/Caesarion,Recommendation,0.0
history,Early life of Cleopatra,https://en.wikipedia.org/wiki/Early_life_of_Cleopatra,Recommendation,0.0
history,Discovery of the tomb of Tutankhamun,https://en.wikipedia.org/wiki/Discovery_of_the_tomb_of_Tutankhamun,Seed,0.0
history,Howard Carter,https://en.wikipedia.org/wiki/Howard_Carter,Recommendation,0.0
history,"George Herbert, 5th Earl of Carnarvon",https://en.wikipedia.org/wiki/George_Herbert%2C_5th_Earl_of_Carnarvon,Recommendation,0.0
history,Tutankhamun's mummy,https://en.wikipedia.org/wiki/Tutankhamun%27s_mummy,Recommendation,0.0
history,Marcian,https://en.wikipedia.org/wiki/Marcian,Seed,0.0
history,Byzantine Empire under the Theodosian dynasty,https://en.wikipedia.org/wiki/Byzantine_Empire_under_the_Theodosian_dynasty,Recommendation,0.0
history,Theodosius II,https://en.wikipedia.org/wiki/Theodosius_II,Recommendation,0.71
history,Sign of the Pagan,https://en.wikipedia.org/wiki/Sign_of_the_Pagan,Recommendation,0.0
history,Adelaide Hoodless,https://en.wikipedia.org/wiki/Adelaide_Hoodless,Seed,0.0
history,Erland Lee,https://en.wikipedia.org/wiki/Erland_Lee,Recommendation,0.0
history,Federated Women's Institutes of Canada,https://en.wikipedia.org/wiki/Federated_Women%27s_Institutes_of_Canada,Recommendation,0.0
history,Janet (Chisholm) Lee,https://en.wikipedia.org/wiki/Janet_%28Chisholm%29_Lee,Recommendation,0.0
history,Thomas the Slav,https://en.wikipedia.org/wiki/Thomas_the_Slav,Seed,0.0
history,Bardanes Tourkos,https://en.wikipedia.org/wiki/Bardanes_Tourkos,Recommendation,0.0
history,Staurakios,https://en.wikipedia.org/wiki/Staurakios,Recommendation,0.0
history,Michael II,https://en.wikipedia.org/wiki/Michael_II,Recommendation,0.14
history,Atlanersa,https://en.wikipedia.org/wiki/Atlanersa,Seed,0.0
history,Jebel Barkal,https://en.wikipedia.org/wiki/Jebel_Barkal,Recommendation,0.0
history,Nuri,https://en.wikipedia.org/wiki/Nuri,Recommendation,0.0
history,Senkamanisken,https://en.wikipedia.org/wiki/Senkamanisken,Recommendation,0.0
history,Joscelin III of Edessa,https://en.wikipedia.org/wiki/Joscelin_III_of_Edessa,Seed,0.0
history,Guy of Lusignan,https://en.wikipedia.org/wiki/Guy_of_Lusignan,Recommendation,0.0
history,Sibylla of Jerusalem,https://en.wikipedia.org/wiki/Sibylla_of_Jerusalem,Recommendation,0.0
history,Reginald of Sidon,https://en.wikipedia.org/wiki/Reginald_of_Sidon,Recommendation,0.0
history,Ninisina,https://en.wikipedia.org/wiki/Ninisina,Seed,0.0
history,Nintinugga,https://en.wikipedia.org/wiki/Nintinugga,Recommendation,0.0
history,Pabilsaĝ,https://en.wikipedia.org/wiki/Pabilsa%C4%9D,Recommendation,0.0
history,Gula (goddess),https://en.wikipedia.org/wiki/Gula_%28goddess%29,Recommendation,0.0
history,Chariot racing,https://en.wikipedia.org/wiki/Chariot_racing,Seed,0.0
history,Porphyrius the Charioteer,https://en.wikipedia.org/wiki/Porphyrius_the_Charioteer,Recommendation,0.0
history,Taraxippus,https://en.wikipedia.org/wiki/Taraxippus,Recommendation,0.0
history,Hippodrome of Constantinople,https://en.wikipedia.org/wiki/Hippodrome_of_Constantinople,Recommendation,0.0
history,Tomb of Kha and Merit,https://en.wikipedia.org/wiki/Tomb_of_Kha_and_Merit,Seed,0.14
history,Kha (Egyptian),https://en.wikipedia.org/wiki/Kha_%28Egyptian%29,Recommendation,0.0
history,TT338,https://en.wikipedia.org/wiki/TT338,Recommendation,0.0
history,Sennefer (Deir el-Medina),https://en.wikipedia.org/wiki/Sennefer_%28Deir_el-Medina%29,Recommendation,0.0
history,Orphic Hymns,https://en.wikipedia.org/wiki/Orphic_Hymns,Seed,0.0
history,Mise (mythology),https://en.wikipedia.org/wiki/Mise_%28mythology%29,Recommendation,0.0
history,Hipta,https://en.wikipedia.org/wiki/Hipta,Recommendation,0.0
history,Prothyraia,https://en.wikipedia.org/wiki/Prothyraia,Recommendation,0.0
history,Alice of Champagne,https://en.wikipedia.org/wiki/Alice_of_Champagne,Seed,0.0
history,Henry II of Champagne,https://en.wikipedia.org/wiki/Henry_II_of_Champagne,Recommendation,0.43
history,Henry I of Cyprus,https://en.wikipedia.org/wiki/Henry_I_of_Cyprus,Recommendation,0.14
history,Aimery of Cyprus,https://en.wikipedia.org/wiki/Aimery_of_Cyprus,Recommendation,0.0
history,Ancient Egyptian deities,https://en.wikipedia.org/wiki/Ancient_Egyptian_deities,Seed,0.0
history,Egyptian mythology,https://en.wikipedia.org/wiki/Egyptian_mythology,Recommendation,0.0
history,Atenism,https://en.wikipedia.org/wiki/Atenism,Recommendation,0.0
history,Shed (deity),https://en.wikipedia.org/wiki/Shed_%28deity%29,Recommendation,0.0
history,Beorhtwulf of Mercia,https://en.wikipedia.org/wiki/Beorhtwulf_of_Mercia,Seed,0.0
history,Ceolwulf II of Mercia,https://en.wikipedia.org/wiki/Ceolwulf_II_of_Mercia,Recommendation,0.0
history,Ceolwulf I of Mercia,https://en.wikipedia.org/wiki/Ceolwulf_I_of_Mercia,Recommendation,0.0
history,Burgred of Mercia,https://en.wikipedia.org/wiki/Burgred_of_Mercia,Recommendation,0.0
history,Royal necropolis of Byblos,https://en.wikipedia.org/wiki/Royal_necropolis_of_Byblos,Seed,0.0
history,Ahiram sarcophagus,https://en.wikipedia.org/wiki/Ahiram_sarcophagus,Recommendation,0.0
history,Royal necropolis of Ayaa,https://en.wikipedia.org/wiki/Royal_necropolis_of_Ayaa,Recommendation,0.0
history,Byblos Necropolis graffito,https://en.wikipedia.org/wiki/Byblos_Necropolis_graffito,Recommendation,0.0
history,Retiarius,https://en.wikipedia.org/wiki/Retiarius,Seed,0.0
history,Secutor,https://en.wikipedia.org/wiki/Secutor,Recommendation,0.14
history,Samnite (gladiator type),https://en.wikipedia.org/wiki/Samnite_%28gladiator_type%29,Recommendation,0.0
history,Hoplomachus,https://en.wikipedia.org/wiki/Hoplomachus,Recommendation,0.0
military-and-warfare,HMAS Stuart (D00),https://en.wikipedia.org/wiki/HMAS_Stuart_%28D00%29,Seed,0.0
military-and-warfare,HMAS Nizam,https://en.wikipedia.org/wiki/HMAS_Nizam,Recommendation,0.0
military-and-warfare,HMAS Napier,https://en.wikipedia.org/wiki/HMAS_Napier,Recommendation,0.0
military-and-warfare,HMAS Vampire (D68),https://en.wikipedia.org/wiki/HMAS_Vampire_%28D68%29,Recommendation,0.0
military-and-warfare,Tosa-class battleship,https://en.wikipedia.org/wiki/Tosa-class_battleship,Seed,0.0
military-and-warfare,Japanese battleship Tosa,https://en.wikipedia.org/wiki/Japanese_battleship_Tosa,Recommendation,0.0
military-and-warfare,Kii-class battleship,https://en.wikipedia.org/wiki/Kii-class_battleship,Recommendation,0.0
military-and-warfare,Satsuma-class battleship,https://en.wikipedia.org/wiki/Satsuma-class_battleship,Recommendation,0.0
military-and-warfare,Amagi-class battlecruiser,https://en.wikipedia.org/wiki/Amagi-class_battlecruiser,Seed,0.0
military-and-warfare,Eight-Eight Fleet,https://en.wikipedia.org/wiki/Eight-Eight_Fleet,Recommendation,0.0
military-and-warfare,Kure Naval Arsenal,https://en.wikipedia.org/wiki/Kure_Naval_Arsenal,Recommendation,0.0
military-and-warfare,Japanese aircraft carrier Akagi,https://en.wikipedia.org/wiki/Japanese_aircraft_carrier_Akagi,Recommendation,0.0
military-and-warfare,Design 1047 battlecruiser,https://en.wikipedia.org/wiki/Design_1047_battlecruiser,Seed,0.0
military-and-warfare,28 cm SK C/34 naval gun,https://en.wikipedia.org/wiki/28_cm_SK_C/34_naval_gun,Recommendation,0.0
military-and-warfare,Design B-65 cruiser,https://en.wikipedia.org/wiki/Design_B-65_cruiser,Recommendation,0.0
military-and-warfare,Alaska-class cruiser,https://en.wikipedia.org/wiki/Alaska-class_cruiser,Recommendation,0.14
military-and-warfare,Air Force Test Center,https://en.wikipedia.org/wiki/Air_Force_Test_Center,Seed,0.0
military-and-warfare,Edwards Air Force Base,https://en.wikipedia.org/wiki/Edwards_Air_Force_Base,Recommendation,0.0
military-and-warfare,445th Test Squadron,https://en.wikipedia.org/wiki/445th_Test_Squadron,Recommendation,0.0
military-and-warfare,Bell P-59 Airacomet,https://en.wikipedia.org/wiki/Bell_P-59_Airacomet,Recommendation,0.0
military-and-warfare,Ronald Stuart,https://en.wikipedia.org/wiki/Ronald_Stuart,Seed,0.0
military-and-warfare,HMS Farnborough,https://en.wikipedia.org/wiki/HMS_Farnborough,Recommendation,0.0
military-and-warfare,William Williams (VC),https://en.wikipedia.org/wiki/William_Williams_%28VC%29,Recommendation,0.0
military-and-warfare,Ernest Herbert Pitcher,https://en.wikipedia.org/wiki/Ernest_Herbert_Pitcher,Recommendation,0.0
military-and-warfare,Verdeja,https://en.wikipedia.org/wiki/Verdeja,Seed,0.0
military-and-warfare,Tanks in the Spanish Army,https://en.wikipedia.org/wiki/Tanks_in_the_Spanish_Army,Recommendation,0.0
military-and-warfare,Trubia A4,https://en.wikipedia.org/wiki/Trubia_A4,Recommendation,0.0
military-and-warfare,Panzer IV,https://en.wikipedia.org/wiki/Panzer_IV,Recommendation,0.0
military-and-warfare,William G. Haan,https://en.wikipedia.org/wiki/William_G._Haan,Seed,0.0
military-and-warfare,Edward McGlachlin Jr.,https://en.wikipedia.org/wiki/Edward_McGlachlin_Jr.,Recommendation,0.0
military-and-warfare,Charles Pelot Summerall,https://en.wikipedia.org/wiki/Charles_Pelot_Summerall,Recommendation,0.0
military-and-warfare,John L. Hines,https://en.wikipedia.org/wiki/John_L._Hines,Recommendation,0.0
military-and-warfare,Battle of the Saw,https://en.wikipedia.org/wiki/Battle_of_the_Saw,Seed,0.0
military-and-warfare,Battle of Leptis Parva,https://en.wikipedia.org/wiki/Battle_of_Leptis_Parva,Recommendation,0.0
military-and-warfare,Second Punic War,https://en.wikipedia.org/wiki/Second_Punic_War,Recommendation,1.29
military-and-warfare,Battle of the Bagradas River (240 BC),https://en.wikipedia.org/wiki/Battle_of_the_Bagradas_River_%28240_BC%29,Seed,0.0
military-and-warfare,Mathos,https://en.wikipedia.org/wiki/Mathos,Recommendation,0.0
military-and-warfare,First Punic War,https://en.wikipedia.org/wiki/First_Punic_War,Recommendation,0.0
military-and-warfare,Siege of Lilybaeum (250–241 BC),https://en.wikipedia.org/wiki/Siege_of_Lilybaeum_%28250%E2%80%93241_BC%29,Recommendation,0.0
military-and-warfare,1st Cavalry Division (Kingdom of Yugoslavia),https://en.wikipedia.org/wiki/1st_Cavalry_Division_%28Kingdom_of_Yugoslavia%29,Seed,0.0
military-and-warfare,27th Infantry Division Savska,https://en.wikipedia.org/wiki/27th_Infantry_Division_Savska,Recommendation,0.0
military-and-warfare,42nd Infantry Division Murska,https://en.wikipedia.org/wiki/42nd_Infantry_Division_Murska,Recommendation,0.0
military-and-warfare,4th Army (Kingdom of Yugoslavia),https://en.wikipedia.org/wiki/4th_Army_%28Kingdom_of_Yugoslavia%29,Recommendation,0.0
military-and-warfare,USS Constellation vs L'Insurgente,https://en.wikipedia.org/wiki/USS_Constellation_vs_L%27Insurgente,Seed,0.0
military-and-warfare,USS Constellation vs La Vengeance,https://en.wikipedia.org/wiki/USS_Constellation_vs_La_Vengeance,Recommendation,0.0
military-and-warfare,USS Constellation (1797),https://en.wikipedia.org/wiki/USS_Constellation_%281797%29,Recommendation,0.14
military-and-warfare,Thomas Truxtun,https://en.wikipedia.org/wiki/Thomas_Truxtun,Recommendation,0.14
military-and-warfare,Midshipman,https://en.wikipedia.org/wiki/Midshipman,Seed,0.0
military-and-warfare,Master's mate,https://en.wikipedia.org/wiki/Master%27s_mate,Recommendation,0.0
military-and-warfare,Sub-lieutenant,https://en.wikipedia.org/wiki/Sub-lieutenant,Recommendation,0.14
military-and-warfare,Master (naval),https://en.wikipedia.org/wiki/Master_%28naval%29,Recommendation,0.0
military-and-warfare,Armed Forces Special Weapons Project,https://en.wikipedia.org/wiki/Armed_Forces_Special_Weapons_Project,Seed,0.0
military-and-warfare,Sandia Base,https://en.wikipedia.org/wiki/Sandia_Base,Recommendation,0.0
military-and-warfare,Ernest Graves Jr.,https://en.wikipedia.org/wiki/Ernest_Graves_Jr.,Recommendation,0.0
military-and-warfare,Frank A. Camm,https://en.wikipedia.org/wiki/Frank_A._Camm,Recommendation,0.0
military-and-warfare,Hamilcar's defeat of Spendius and Autaritus,https://en.wikipedia.org/wiki/Hamilcar%27s_defeat_of_Spendius_and_Autaritus,Seed,0.0
military-and-warfare,Mercenary War,https://en.wikipedia.org/wiki/Mercenary_War,Recommendation,0.0
military-and-warfare,Autaritus,https://en.wikipedia.org/wiki/Autaritus,Recommendation,0.0
military-and-warfare,Naravas,https://en.wikipedia.org/wiki/Naravas,Recommendation,0.0
military-and-warfare,Chièvres Air Base,https://en.wikipedia.org/wiki/Chi%C3%A8vres_Air_Base,Seed,0.0
military-and-warfare,Katterbach Kaserne,https://en.wikipedia.org/wiki/Katterbach_Kaserne,Recommendation,0.0
military-and-warfare,Beauvechain Air Base,https://en.wikipedia.org/wiki/Beauvechain_Air_Base,Recommendation,0.0
military-and-warfare,Laon-Athies Air Base,https://en.wikipedia.org/wiki/Laon-Athies_Air_Base,Recommendation,0.0
military-and-warfare,Francis Harvey,https://en.wikipedia.org/wiki/Francis_Harvey,Seed,0.0
military-and-warfare,HMS Queen Mary,https://en.wikipedia.org/wiki/HMS_Queen_Mary,Recommendation,0.14
military-and-warfare,Battle of Jutland,https://en.wikipedia.org/wiki/Battle_of_Jutland,Recommendation,0.57
military-and-warfare,Horace Hood,https://en.wikipedia.org/wiki/Horace_Hood,Recommendation,0.0
military-and-warfare,Dutch 1913 battleship proposal,https://en.wikipedia.org/wiki/Dutch_1913_battleship_proposal,Seed,0.0
military-and-warfare,HNLMS Sumatra (1920),https://en.wikipedia.org/wiki/HNLMS_Sumatra_%281920%29,Recommendation,0.0
military-and-warfare,L 20e α-class battleship,https://en.wikipedia.org/wiki/L_20e_%CE%B1-class_battleship,Recommendation,0.0
military-and-warfare,Jean Jacques Rambonnet,https://en.wikipedia.org/wiki/Jean_Jacques_Rambonnet,Recommendation,0.0
military-and-warfare,Tanque Argentino Mediano,https://en.wikipedia.org/wiki/Tanque_Argentino_Mediano,Seed,0.0
military-and-warfare,TAM VCA,https://en.wikipedia.org/wiki/TAM_VCA,Recommendation,0.0
military-and-warfare,VAE (vehicle),https://en.wikipedia.org/wiki/VAE_%28vehicle%29,Recommendation,0.0
military-and-warfare,VAPE,https://en.wikipedia.org/wiki/VAPE,Recommendation,0.0
military-and-warfare,John William Vessey Jr.,https://en.wikipedia.org/wiki/John_William_Vessey_Jr.,Seed,0.0
military-and-warfare,Charles C. Campbell (general),https://en.wikipedia.org/wiki/Charles_C._Campbell_%28general%29,Recommendation,0.0
military-and-warfare,Harold Keith Johnson,https://en.wikipedia.org/wiki/Harold_Keith_Johnson,Recommendation,0.0
military-and-warfare,Bruce Palmer Jr.,https://en.wikipedia.org/wiki/Bruce_Palmer_Jr.,Recommendation,0.0
military-and-warfare,Greek battleship Salamis,https://en.wikipedia.org/wiki/Greek_battleship_Salamis,Seed,0.0
military-and-warfare,Dreadnought,https://en.wikipedia.org/wiki/Dreadnought,Recommendation,0.0
military-and-warfare,Battlecruiser,https://en.wikipedia.org/wiki/Battlecruiser,Recommendation,0.0
military-and-warfare,Mississippi-class battleship,https://en.wikipedia.org/wiki/Mississippi-class_battleship,Recommendation,0.0
military-and-warfare,Operation Inmate,https://en.wikipedia.org/wiki/Operation_Inmate,Seed,0.0
military-and-warfare,British Pacific Fleet,https://en.wikipedia.org/wiki/British_Pacific_Fleet,Recommendation,0.0
military-and-warfare,HMS Implacable (R86),https://en.wikipedia.org/wiki/HMS_Implacable_%28R86%29,Recommendation,0.14
military-and-warfare,Implacable-class aircraft carrier,https://en.wikipedia.org/wiki/Implacable-class_aircraft_carrier,Recommendation,0.0
military-and-warfare,Battleship,https://en.wikipedia.org/wiki/Battleship,Seed,0.14
military-and-warfare,Pre-dreadnought battleship,https://en.wikipedia.org/wiki/Pre-dreadnought_battleship,Recommendation,0.0
military-and-warfare,Ironclad warship,https://en.wikipedia.org/wiki/Ironclad_warship,Recommendation,0.14
military-and-warfare,Austro-Italian ironclad arms race,https://en.wikipedia.org/wiki/Austro-Italian_ironclad_arms_race,Recommendation,0.0
military-and-warfare,Courageous-class battlecruiser,https://en.wikipedia.org/wiki/Courageous-class_battlecruiser,Seed,0.0
military-and-warfare,HMS Courageous (50),https://en.wikipedia.org/wiki/HMS_Courageous_%2850%29,Recommendation,0.14
military-and-warfare,Renown-class battlecruiser,https://en.wikipedia.org/wiki/Renown-class_battlecruiser,Recommendation,0.0
military-and-warfare,HMS Glorious,https://en.wikipedia.org/wiki/HMS_Glorious,Recommendation,0.14
military-and-warfare,ARA Rivadavia,https://en.wikipedia.org/wiki/ARA_Rivadavia,Seed,0.0
military-and-warfare,ARA Moreno,https://en.wikipedia.org/wiki/ARA_Moreno,Recommendation,0.0
military-and-warfare,Rivadavia-class battleship,https://en.wikipedia.org/wiki/Rivadavia-class_battleship,Recommendation,0.0
military-and-warfare,South American dreadnought race,https://en.wikipedia.org/wiki/South_American_dreadnought_race,Recommendation,0.0
military-and-warfare,68th New York Infantry Regiment,https://en.wikipedia.org/wiki/68th_New_York_Infantry_Regiment,Seed,0.0
military-and-warfare,"Battle of Gettysburg, first day",https://en.wikipedia.org/wiki/Battle_of_Gettysburg%2C_first_day,Recommendation,0.0
military-and-warfare,Maryland campaign,https://en.wikipedia.org/wiki/Maryland_campaign,Recommendation,0.0
military-and-warfare,Nathaniel McLean,https://en.wikipedia.org/wiki/Nathaniel_McLean,Recommendation,0.14
military-and-warfare,Russian battleship Poltava (1894),https://en.wikipedia.org/wiki/Russian_battleship_Poltava_%281894%29,Seed,0.0
military-and-warfare,Petropavlovsk-class battleship,https://en.wikipedia.org/wiki/Petropavlovsk-class_battleship,Recommendation,0.0
military-and-warfare,Russian battleship Sevastopol (1895),https://en.wikipedia.org/wiki/Russian_battleship_Sevastopol_%281895%29,Recommendation,0.0
military-and-warfare,Russian battleship Peresvet,https://en.wikipedia.org/wiki/Russian_battleship_Peresvet,Recommendation,1.57
military-and-warfare,Australian contribution to the Battle of Normandy,https://en.wikipedia.org/wiki/Australian_contribution_to_the_Battle_of_Normandy,Seed,0.0
military-and-warfare,No. 451 Squadron RAAF,https://en.wikipedia.org/wiki/No._451_Squadron_RAAF,Recommendation,0.0
military-and-warfare,No. 464 Squadron RAAF,https://en.wikipedia.org/wiki/No._464_Squadron_RAAF,Recommendation,0.0
military-and-warfare,No. 450 Squadron RAAF,https://en.wikipedia.org/wiki/No._450_Squadron_RAAF,Recommendation,0.0
military-and-warfare,St Vincent-class battleship,https://en.wikipedia.org/wiki/St_Vincent-class_battleship,Seed,0.0
military-and-warfare,HMS Collingwood (1908),https://en.wikipedia.org/wiki/HMS_Collingwood_%281908%29,Recommendation,0.14
military-and-warfare,HMS St Vincent (1908),https://en.wikipedia.org/wiki/HMS_St_Vincent_%281908%29,Recommendation,0.14
military-and-warfare,HMS Bellerophon (1907),https://en.wikipedia.org/wiki/HMS_Bellerophon_%281907%29,Recommendation,0.14
military-and-warfare,Siege of Tunis (Mercenary War),https://en.wikipedia.org/wiki/Siege_of_Tunis_%28Mercenary_War%29,Seed,0.0
military-and-warfare,Battle of Utica,https://en.wikipedia.org/wiki/Battle_of_Utica,Recommendation,0.0
military-and-warfare,Punic Wars,https://en.wikipedia.org/wiki/Punic_Wars,Recommendation,0.0
military-and-warfare,Battle of Winwick,https://en.wikipedia.org/wiki/Battle_of_Winwick,Seed,0.0
military-and-warfare,Scottish invasion of England (1648),https://en.wikipedia.org/wiki/Scottish_invasion_of_England_%281648%29,Recommendation,0.0
military-and-warfare,Battle of Preston (1648),https://en.wikipedia.org/wiki/Battle_of_Preston_%281648%29,Recommendation,0.0
military-and-warfare,Anglo-Scottish war (1650–1652),https://en.wikipedia.org/wiki/Anglo-Scottish_war_%281650%E2%80%931652%29,Recommendation,0.0
military-and-warfare,Battle of Utica (203 BC),https://en.wikipedia.org/wiki/Battle_of_Utica_%28203_BC%29,Seed,0.0
military-and-warfare,Battle of Cirta,https://en.wikipedia.org/wiki/Battle_of_Cirta,Recommendation,0.0
military-and-warfare,Battle of Zama,https://en.wikipedia.org/wiki/Battle_of_Zama,Recommendation,0.0
military-and-warfare,Battle of Oroscopa,https://en.wikipedia.org/wiki/Battle_of_Oroscopa,Recommendation,0.0
military-and-warfare,First Battle of Maryang-san,https://en.wikipedia.org/wiki/First_Battle_of_Maryang-san,Seed,0.0
military-and-warfare,Battle of Kapyong,https://en.wikipedia.org/wiki/Battle_of_Kapyong,Recommendation,0.0
military-and-warfare,Battle of the Samichon River,https://en.wikipedia.org/wiki/Battle_of_the_Samichon_River,Recommendation,0.0
military-and-warfare,Battle of Kowang-san,https://en.wikipedia.org/wiki/Battle_of_Kowang-san,Recommendation,0.0
military-and-warfare,"International Squadron (Cretan intervention, 1897–1898)",https://en.wikipedia.org/wiki/International_Squadron_%28Cretan_intervention%2C_1897%E2%80%931898%29,Seed,0.0
military-and-warfare,HMS Revenge (1892),https://en.wikipedia.org/wiki/HMS_Revenge_%281892%29,Recommendation,0.14
military-and-warfare,HMS Rodney (1884),https://en.wikipedia.org/wiki/HMS_Rodney_%281884%29,Recommendation,0.14
military-and-warfare,Cretan State,https://en.wikipedia.org/wiki/Cretan_State,Recommendation,0.0
military-and-warfare,South Carolina-class battleship,https://en.wikipedia.org/wiki/South_Carolina-class_battleship,Seed,0.0
military-and-warfare,USS Washington (BB-47),https://en.wikipedia.org/wiki/USS_Washington_%28BB-47%29,Recommendation,0.0
military-and-warfare,Delaware-class battleship,https://en.wikipedia.org/wiki/Delaware-class_battleship,Recommendation,0.0
military-and-warfare,Pennsylvania-class battleship,https://en.wikipedia.org/wiki/Pennsylvania-class_battleship,Recommendation,0.0
military-and-warfare,USS Memphis (CL-13),https://en.wikipedia.org/wiki/USS_Memphis_%28CL-13%29,Seed,0.0
military-and-warfare,USS Marblehead (CL-12),https://en.wikipedia.org/wiki/USS_Marblehead_%28CL-12%29,Recommendation,0.0
military-and-warfare,USS Detroit (CL-8),https://en.wikipedia.org/wiki/USS_Detroit_%28CL-8%29,Recommendation,0.0
military-and-warfare,USS Raleigh (CL-7),https://en.wikipedia.org/wiki/USS_Raleigh_%28CL-7%29,Recommendation,0.0
military-and-warfare,Japanese battleship Yamashiro,https://en.wikipedia.org/wiki/Japanese_battleship_Yamashiro,Seed,0.0
military-and-warfare,Japanese battleship Fusō,https://en.wikipedia.org/wiki/Japanese_battleship_Fus%C5%8D,Recommendation,0.0
military-and-warfare,Japanese battleship Nagato,https://en.wikipedia.org/wiki/Japanese_battleship_Nagato,Recommendation,0.0
military-and-warfare,USS West Virginia (BB-48),https://en.wikipedia.org/wiki/USS_West_Virginia_%28BB-48%29,Recommendation,0.0
military-and-warfare,Battle of Panormus,https://en.wikipedia.org/wiki/Battle_of_Panormus,Seed,0.0
military-and-warfare,"Hasdrubal, son of Hanno",https://en.wikipedia.org/wiki/Hasdrubal%2C_son_of_Hanno,Recommendation,0.0
military-and-warfare,Battle of Ibera,https://en.wikipedia.org/wiki/Battle_of_Ibera,Recommendation,0.0
military-and-warfare,Battle of Lake Trasimene,https://en.wikipedia.org/wiki/Battle_of_Lake_Trasimene,Recommendation,0.0
military-and-warfare,Battle of Vimy Ridge,https://en.wikipedia.org/wiki/Battle_of_Vimy_Ridge,Seed,0.0
military-and-warfare,Vimy Ridge Day,https://en.wikipedia.org/wiki/Vimy_Ridge_Day,Recommendation,0.0
military-and-warfare,Battle of Vimy Ridge order of battle,https://en.wikipedia.org/wiki/Battle_of_Vimy_Ridge_order_of_battle,Recommendation,0.0
military-and-warfare,Battle of Arras (1917),https://en.wikipedia.org/wiki/Battle_of_Arras_%281917%29,Recommendation,0.0
military-and-warfare,SMS Erzherzog Franz Ferdinand,https://en.wikipedia.org/wiki/SMS_Erzherzog_Franz_Ferdinand,Seed,0.0
military-and-warfare,SMS Radetzky (1909),https://en.wikipedia.org/wiki/SMS_Radetzky_%281909%29,Recommendation,0.0
military-and-warfare,SMS Tegetthoff (1912),https://en.wikipedia.org/wiki/SMS_Tegetthoff_%281912%29,Recommendation,0.0
military-and-warfare,SMS Erzherzog Ferdinand Max (1905),https://en.wikipedia.org/wiki/SMS_Erzherzog_Ferdinand_Max_%281905%29,Recommendation,0.0
military-and-warfare,Rheinmetall Rh-120,https://en.wikipedia.org/wiki/Rheinmetall_Rh-120,Seed,0.0
military-and-warfare,Royal Ordnance L11,https://en.wikipedia.org/wiki/Royal_Ordnance_L11,Recommendation,0.0
military-and-warfare,KE2020Neo,https://en.wikipedia.org/wiki/KE2020Neo,Recommendation,0.0
military-and-warfare,M829,https://en.wikipedia.org/wiki/M829,Recommendation,0.0
military-and-warfare,HMS Faulknor (H62),https://en.wikipedia.org/wiki/HMS_Faulknor_%28H62%29,Seed,0.0
military-and-warfare,HMS Fury (H76),https://en.wikipedia.org/wiki/HMS_Fury_%28H76%29,Recommendation,0.0
military-and-warfare,HMS Fearless (H67),https://en.wikipedia.org/wiki/HMS_Fearless_%28H67%29,Recommendation,0.0
military-and-warfare,HMS Hasty (H24),https://en.wikipedia.org/wiki/HMS_Hasty_%28H24%29,Recommendation,0.0
military-and-warfare,"Battle of Mount Austen, the Galloping Horse, and the Sea Horse",https://en.wikipedia.org/wiki/Battle_of_Mount_Austen%2C_the_Galloping_Horse%2C_and_the_Sea_Horse,Seed,0.14
military-and-warfare,Actions along the Matanikau,https://en.wikipedia.org/wiki/Actions_along_the_Matanikau,Recommendation,0.14
military-and-warfare,Koli Point action,https://en.wikipedia.org/wiki/Koli_Point_action,Recommendation,0.0
military-and-warfare,Matanikau Offensive,https://en.wikipedia.org/wiki/Matanikau_Offensive,Recommendation,0.0
military-and-warfare,AMX-30,https://en.wikipedia.org/wiki/AMX-30,Seed,0.0
military-and-warfare,CN 105 F1,https://en.wikipedia.org/wiki/CN_105_F1,Recommendation,0.0
military-and-warfare,AMX-50,https://en.wikipedia.org/wiki/AMX-50,Recommendation,0.0
military-and-warfare,ARL 44,https://en.wikipedia.org/wiki/ARL_44,Recommendation,0.0
military-and-warfare,AMX-30E,https://en.wikipedia.org/wiki/AMX-30E,Seed,0.0
military-and-warfare,Leopard 2E,https://en.wikipedia.org/wiki/Leopard_2E,Recommendation,0.0
military-and-warfare,Lince (tank),https://en.wikipedia.org/wiki/Lince_%28tank%29,Recommendation,0.0
military-and-warfare,M48 Patton,https://en.wikipedia.org/wiki/M48_Patton,Recommendation,0.0
military-and-warfare,Battle of Arawe,https://en.wikipedia.org/wiki/Battle_of_Arawe,Seed,0.0
military-and-warfare,New Britain campaign,https://en.wikipedia.org/wiki/New_Britain_campaign,Recommendation,0.0
military-and-warfare,Battle of Arawe order of battle,https://en.wikipedia.org/wiki/Battle_of_Arawe_order_of_battle,Recommendation,0.0
military-and-warfare,Battle of Cape Gloucester,https://en.wikipedia.org/wiki/Battle_of_Cape_Gloucester,Recommendation,0.0
military-and-warfare,Siege of Utica,https://en.wikipedia.org/wiki/Siege_of_Utica,Seed,0.0
military-and-warfare,Battle of the Great Plains,https://en.wikipedia.org/wiki/Battle_of_the_Great_Plains,Recommendation,0.0
military-and-warfare,Roman invasion of Africa (204–201 BC),https://en.wikipedia.org/wiki/Roman_invasion_of_Africa_%28204%E2%80%93201_BC%29,Recommendation,0.0
military-and-warfare,Siege of Carthage (Third Punic War),https://en.wikipedia.org/wiki/Siege_of_Carthage_%28Third_Punic_War%29,Recommendation,0.0
military-and-warfare,Mackensen-class battlecruiser,https://en.wikipedia.org/wiki/Mackensen-class_battlecruiser,Seed,0.0
military-and-warfare,Ersatz Yorck-class battlecruiser,https://en.wikipedia.org/wiki/Ersatz_Yorck-class_battlecruiser,Recommendation,0.0
military-and-warfare,Scharnhorst-class cruiser,https://en.wikipedia.org/wiki/Scharnhorst-class_cruiser,Recommendation,0.14
military-and-warfare,Braunschweig-class battleship,https://en.wikipedia.org/wiki/Braunschweig-class_battleship,Recommendation,0.0
military-and-warfare,Battle of Adys,https://en.wikipedia.org/wiki/Battle_of_Adys,Seed,0.0
military-and-warfare,Battle of the Bagradas River (255 BC),https://en.wikipedia.org/wiki/Battle_of_the_Bagradas_River_%28255_BC%29,Recommendation,0.0
military-and-warfare,Roman withdrawal from Africa (255 BC),https://en.wikipedia.org/wiki/Roman_withdrawal_from_Africa_%28255_BC%29,Recommendation,0.0
military-and-warfare,Battle of the Trebia,https://en.wikipedia.org/wiki/Battle_of_the_Trebia,Recommendation,0.0
military-and-warfare,Fusō-class battleship,https://en.wikipedia.org/wiki/Fus%C5%8D-class_battleship,Seed,0.14
military-and-warfare,Nagato-class battleship,https://en.wikipedia.org/wiki/Nagato-class_battleship,Recommendation,0.0
military-and-warfare,Ise-class battleship,https://en.wikipedia.org/wiki/Ise-class_battleship,Recommendation,0.0
military-and-warfare,Kongō-class battlecruiser,https://en.wikipedia.org/wiki/Kong%C5%8D-class_battlecruiser,Recommendation,0.0
philosophy-and-religion,Sacramental character,https://en.wikipedia.org/wiki/Sacramental_character,Seed,0.57
philosophy-and-religion,Holy orders in the Catholic Church,https://en.wikipedia.org/wiki/Holy_orders_in_the_Catholic_Church,Recommendation,0.0
philosophy-and-religion,Episcopus vagans,https://en.wikipedia.org/wiki/Episcopus_vagans,Recommendation,0.29
philosophy-and-religion,Holy orders,https://en.wikipedia.org/wiki/Holy_orders,Recommendation,0.0
philosophy-and-religion,Marshall Applewhite,https://en.wikipedia.org/wiki/Marshall_Applewhite,Seed,0.0
philosophy-and-religion,Heaven's Gate (religious group),https://en.wikipedia.org/wiki/Heaven%27s_Gate_%28religious_group%29,Recommendation,0.29
philosophy-and-religion,Bonnie Nettles,https://en.wikipedia.org/wiki/Bonnie_Nettles,Recommendation,0.0
philosophy-and-religion,The Leader (film),https://en.wikipedia.org/wiki/The_Leader_%28film%29,Recommendation,0.0
philosophy-and-religion,Philosophy,https://en.wikipedia.org/wiki/Philosophy,Seed,0.0
philosophy-and-religion,Ontology,https://en.wikipedia.org/wiki/Ontology,Recommendation,0.0
philosophy-and-religion,Knowledge,https://en.wikipedia.org/wiki/Knowledge,Recommendation,0.0
philosophy-and-religion,Nihilism,https://en.wikipedia.org/wiki/Nihilism,Recommendation,0.14
philosophy-and-religion,Ten Commandments in Catholic theology,https://en.wikipedia.org/wiki/Ten_Commandments_in_Catholic_theology,Seed,0.0
philosophy-and-religion,Private revelation,https://en.wikipedia.org/wiki/Private_revelation,Recommendation,0.0
philosophy-and-religion,Thou shalt not covet,https://en.wikipedia.org/wiki/Thou_shalt_not_covet,Recommendation,0.0
philosophy-and-religion,Culture of life,https://en.wikipedia.org/wiki/Culture_of_life,Recommendation,0.0
philosophy-and-religion,Dualism,https://en.wikipedia.org/wiki/Dualism,Seed,0.0
philosophy-and-religion,Reality,https://en.wikipedia.org/wiki/Reality,Recommendation,0.0
philosophy-and-religion,Philosophy of mind,https://en.wikipedia.org/wiki/Philosophy_of_mind,Recommendation,0.86
philosophy-and-religion,Mind–body problem,https://en.wikipedia.org/wiki/Mind%E2%80%93body_problem,Recommendation,0.29
philosophy-and-religion,Metaphysics,https://en.wikipedia.org/wiki/Metaphysics,Seed,0.0
philosophy-and-religion,Existence,https://en.wikipedia.org/wiki/Existence,Recommendation,0.14
philosophy-and-religion,Proposition,https://en.wikipedia.org/wiki/Proposition,Recommendation,0.29
philosophy-and-religion,Truth,https://en.wikipedia.org/wiki/Truth,Recommendation,0.0
philosophy-and-religion,Logic,https://en.wikipedia.org/wiki/Logic,Seed,2.43
philosophy-and-religion,Rule of inference,https://en.wikipedia.org/wiki/Rule_of_inference,Recommendation,1.0
philosophy-and-religion,Deductive reasoning,https://en.wikipedia.org/wiki/Deductive_reasoning,Recommendation,0.29
philosophy-and-religion,Philosophy of logic,https://en.wikipedia.org/wiki/Philosophy_of_logic,Recommendation,0.0
philosophy-and-religion,Cardinal-nephew,https://en.wikipedia.org/wiki/Cardinal-nephew,Seed,0.0
philosophy-and-religion,1644 conclave,https://en.wikipedia.org/wiki/1644_conclave,Recommendation,0.0
philosophy-and-religion,1689 conclave,https://en.wikipedia.org/wiki/1689_conclave,Recommendation,0.0
philosophy-and-religion,March–April 1605 conclave,https://en.wikipedia.org/wiki/March%E2%80%93April_1605_conclave,Recommendation,0.0
philosophy-and-religion,Brain-Washing (book),https://en.wikipedia.org/wiki/Brain-Washing_%28book%29,Seed,0.0
philosophy-and-religion,Life of L. Ron Hubbard from 1953 to 1967,https://en.wikipedia.org/wiki/Life_of_L._Ron_Hubbard_from_1953_to_1967,Recommendation,0.0
philosophy-and-religion,Freedom (magazine),https://en.wikipedia.org/wiki/Freedom_%28magazine%29,Recommendation,0.0
philosophy-and-religion,"L. Ron Hubbard, Messiah or Madman?",https://en.wikipedia.org/wiki/L._Ron_Hubbard%2C_Messiah_or_Madman%3F,Recommendation,0.0
philosophy-and-religion,World Youth Day 2023,https://en.wikipedia.org/wiki/World_Youth_Day_2023,Seed,0.0
philosophy-and-religion,World Youth Day,https://en.wikipedia.org/wiki/World_Youth_Day,Recommendation,0.0
philosophy-and-religion,World Youth Day 2019,https://en.wikipedia.org/wiki/World_Youth_Day_2019,Recommendation,0.0
philosophy-and-religion,World Youth Day 2013,https://en.wikipedia.org/wiki/World_Youth_Day_2013,Recommendation,0.0
philosophy-and-religion,Religion in Iceland,https://en.wikipedia.org/wiki/Religion_in_Iceland,Recommendation,0.0
philosophy-and-religion,Sumerian religion,https://en.wikipedia.org/wiki/Sumerian_religion,Recommendation,0.0
philosophy-and-religion,Ancient Semitic religion,https://en.wikipedia.org/wiki/Ancient_Semitic_religion,Recommendation,0.0
philosophy-and-religion,Capital punishment in Judaism,https://en.wikipedia.org/wiki/Capital_punishment_in_Judaism,Seed,0.0
philosophy-and-religion,Kareth,https://en.wikipedia.org/wiki/Kareth,Recommendation,0.0
philosophy-and-religion,Judah ben Tabbai,https://en.wikipedia.org/wiki/Judah_ben_Tabbai,Recommendation,0.0
philosophy-and-religion,Malkot (Judaism),https://en.wikipedia.org/wiki/Malkot_%28Judaism%29,Recommendation,0.0
philosophy-and-religion,Agnosticism,https://en.wikipedia.org/wiki/Agnosticism,Seed,4.14
philosophy-and-religion,Agnostic atheism,https://en.wikipedia.org/wiki/Agnostic_atheism,Recommendation,0.14
philosophy-and-religion,Atheism,https://en.wikipedia.org/wiki/Atheism,Recommendation,0.0
philosophy-and-religion,Graham Oppy,https://en.wikipedia.org/wiki/Graham_Oppy,Recommendation,0.0
philosophy-and-religion,Value theory,https://en.wikipedia.org/wiki/Value_theory,Seed,0.0
philosophy-and-religion,Axiological ethics,https://en.wikipedia.org/wiki/Axiological_ethics,Recommendation,0.0
philosophy-and-religion,Normativity,https://en.wikipedia.org/wiki/Normativity,Recommendation,0.0
philosophy-and-religion,Principia Ethica,https://en.wikipedia.org/wiki/Principia_Ethica,Recommendation,0.0
philosophy-and-religion,Ethics,https://en.wikipedia.org/wiki/Ethics,Seed,1.29
philosophy-and-religion,Normative ethics,https://en.wikipedia.org/wiki/Normative_ethics,Recommendation,0.0
philosophy-and-religion,Moral nihilism,https://en.wikipedia.org/wiki/Moral_nihilism,Recommendation,0.0
philosophy-and-religion,Metaethics,https://en.wikipedia.org/wiki/Metaethics,Recommendation,0.29
philosophy-and-religion,Geocentric creationism,https://en.wikipedia.org/wiki/Geocentric_creationism,Seed,0.14
philosophy-and-religion,Gerardus D. Bouw,https://en.wikipedia.org/wiki/Gerardus_D._Bouw,Recommendation,0.0
philosophy-and-religion,Geocentrism,https://en.wikipedia.org/wiki/Geocentrism,Recommendation,0.86
philosophy-and-religion,Heliocentrism,https://en.wikipedia.org/wiki/Heliocentrism,Recommendation,0.71
philosophy-and-religion,Archdiocese of Atlanta,https://en.wikipedia.org/wiki/Archdiocese_of_Atlanta,Seed,0.0
philosophy-and-religion,Diocese of Savannah,https://en.wikipedia.org/wiki/Diocese_of_Savannah,Recommendation,0.0
philosophy-and-religion,Thomas Andrew Donnellan,https://en.wikipedia.org/wiki/Thomas_Andrew_Donnellan,Recommendation,0.0
philosophy-and-religion,Gregory John Hartmayer,https://en.wikipedia.org/wiki/Gregory_John_Hartmayer,Recommendation,0.0
philosophy-and-religion,Horayot,https://en.wikipedia.org/wiki/Horayot,Seed,0.0
philosophy-and-religion,Simeon ben Gamliel,https://en.wikipedia.org/wiki/Simeon_ben_Gamliel,Recommendation,0.0
philosophy-and-religion,Kodashim,https://en.wikipedia.org/wiki/Kodashim,Recommendation,0.0
philosophy-and-religion,Zevachim,https://en.wikipedia.org/wiki/Zevachim,Recommendation,0.0
philosophy-and-religion,Political philosophy,https://en.wikipedia.org/wiki/Political_philosophy,Seed,0.0
philosophy-and-religion,Technocracy,https://en.wikipedia.org/wiki/Technocracy,Recommendation,1.0
philosophy-and-religion,Philosophical anarchism,https://en.wikipedia.org/wiki/Philosophical_anarchism,Recommendation,0.0
philosophy-and-religion,Anarchism,https://en.wikipedia.org/wiki/Anarchism,Recommendation,0.29
philosophy-and-religion,Eucharist in Lutheranism,https://en.wikipedia.org/wiki/Eucharist_in_Lutheranism,Seed,0.0
philosophy-and-religion,Divine Service (Lutheran),https://en.wikipedia.org/wiki/Divine_Service_%28Lutheran%29,Recommendation,0.0
philosophy-and-religion,Eucharist,https://en.wikipedia.org/wiki/Eucharist,Recommendation,0.0
philosophy-and-religion,Eucharistic theology,https://en.wikipedia.org/wiki/Eucharistic_theology,Recommendation,0.0
philosophy-and-religion,Pentecostalism in Latin America,https://en.wikipedia.org/wiki/Pentecostalism_in_Latin_America,Seed,0.0
philosophy-and-religion,Pentecostalism in Brazil,https://en.wikipedia.org/wiki/Pentecostalism_in_Brazil,Recommendation,0.0
philosophy-and-religion,Catholic Church in Guatemala,https://en.wikipedia.org/wiki/Catholic_Church_in_Guatemala,Recommendation,0.0
philosophy-and-religion,Catholic charismatic renewal in Latin America,https://en.wikipedia.org/wiki/Catholic_charismatic_renewal_in_Latin_America,Recommendation,0.0
philosophy-and-religion,Orthodox Church of the Czech Lands and Slovakia,https://en.wikipedia.org/wiki/Orthodox_Church_of_the_Czech_Lands_and_Slovakia,Seed,0.0
philosophy-and-religion,Slovak Greek Catholic Church,https://en.wikipedia.org/wiki/Slovak_Greek_Catholic_Church,Recommendation,0.0
philosophy-and-religion,Saint Gorazd,https://en.wikipedia.org/wiki/Saint_Gorazd,Recommendation,0.0
philosophy-and-religion,Henry Conwell,https://en.wikipedia.org/wiki/Henry_Conwell,Seed,0.0
philosophy-and-religion,Francis Kenrick,https://en.wikipedia.org/wiki/Francis_Kenrick,Recommendation,0.0
philosophy-and-religion,Peter Richard Kenrick,https://en.wikipedia.org/wiki/Peter_Richard_Kenrick,Recommendation,0.0
philosophy-and-religion,William Hogan (priest),https://en.wikipedia.org/wiki/William_Hogan_%28priest%29,Recommendation,0.0
philosophy-and-religion,Other power,https://en.wikipedia.org/wiki/Other_power,Seed,0.0
philosophy-and-religion,Tan-luan,https://en.wikipedia.org/wiki/Tan-luan,Recommendation,0.29
philosophy-and-religion,Shinran,https://en.wikipedia.org/wiki/Shinran,Recommendation,0.14
philosophy-and-religion,Shinjin,https://en.wikipedia.org/wiki/Shinjin,Recommendation,0.0
philosophy-and-religion,Quine–Putnam indispensability argument,https://en.wikipedia.org/wiki/Quine%E2%80%93Putnam_indispensability_argument,Seed,0.0
philosophy-and-religion,Explanatory indispensability argument,https://en.wikipedia.org/wiki/Explanatory_indispensability_argument,Recommendation,0.0
philosophy-and-religion,Mathematical Platonism,https://en.wikipedia.org/wiki/Mathematical_Platonism,Recommendation,0.0
philosophy-and-religion,Mathematical object,https://en.wikipedia.org/wiki/Mathematical_object,Recommendation,0.0
philosophy-and-religion,Christianity in the 16th century,https://en.wikipedia.org/wiki/Christianity_in_the_16th_century,Seed,0.0
philosophy-and-religion,Catholic–Protestant relations,https://en.wikipedia.org/wiki/Catholic%E2%80%93Protestant_relations,Recommendation,0.0
philosophy-and-religion,History of Protestantism,https://en.wikipedia.org/wiki/History_of_Protestantism,Recommendation,0.0
philosophy-and-religion,History of Reformed Christianity,https://en.wikipedia.org/wiki/History_of_Reformed_Christianity,Recommendation,0.0
philosophy-and-religion,Diocese of Trenton,https://en.wikipedia.org/wiki/Diocese_of_Trenton,Seed,0.0
philosophy-and-religion,Diocese of Camden,https://en.wikipedia.org/wiki/Diocese_of_Camden,Recommendation,0.0
philosophy-and-religion,Diocese of Paterson,https://en.wikipedia.org/wiki/Diocese_of_Paterson,Recommendation,0.0
philosophy-and-religion,Archdiocese of Newark,https://en.wikipedia.org/wiki/Archdiocese_of_Newark,Recommendation,0.0
philosophy-and-religion,History of Lutheranism,https://en.wikipedia.org/wiki/History_of_Lutheranism,Seed,0.0
philosophy-and-religion,Martin Luther (1953 film),https://en.wikipedia.org/wiki/Martin_Luther_%281953_film%29,Recommendation,0.0
philosophy-and-religion,Frederick III of Saxony,https://en.wikipedia.org/wiki/Frederick_III_of_Saxony,Recommendation,0.0
philosophy-and-religion,Augsburg Confession,https://en.wikipedia.org/wiki/Augsburg_Confession,Recommendation,0.0
philosophy-and-religion,Pontifical Oriental Institute,https://en.wikipedia.org/wiki/Pontifical_Oriental_Institute,Seed,0.0
philosophy-and-religion,Pontifical Biblical Institute,https://en.wikipedia.org/wiki/Pontifical_Biblical_Institute,Recommendation,0.0
philosophy-and-religion,Ivan Žužek,https://en.wikipedia.org/wiki/Ivan_%C5%BDu%C5%BEek,Recommendation,0.0
philosophy-and-religion,Roman Colleges,https://en.wikipedia.org/wiki/Roman_Colleges,Recommendation,0.0
philosophy-and-religion,Chiara Lubich,https://en.wikipedia.org/wiki/Chiara_Lubich,Seed,0.0
philosophy-and-religion,Focolare Movement,https://en.wikipedia.org/wiki/Focolare_Movement,Recommendation,0.0
philosophy-and-religion,Chiara Badano,https://en.wikipedia.org/wiki/Chiara_Badano,Recommendation,0.0
philosophy-and-religion,Pasquale Foresi,https://en.wikipedia.org/wiki/Pasquale_Foresi,Recommendation,0.0
philosophy-and-religion,Yathothkari Perumal Temple,https://en.wikipedia.org/wiki/Yathothkari_Perumal_Temple,Seed,0.0
philosophy-and-religion,Ashtabujakaram,https://en.wikipedia.org/wiki/Ashtabujakaram,Recommendation,0.0
philosophy-and-religion,Tiruththanka,https://en.wikipedia.org/wiki/Tiruththanka,Recommendation,0.0
philosophy-and-religion,Tiruvelukkai,https://en.wikipedia.org/wiki/Tiruvelukkai,Recommendation,0.0
philosophy-and-religion,Russian Orthodox Diocese of Sourozh,https://en.wikipedia.org/wiki/Russian_Orthodox_Diocese_of_Sourozh,Seed,0.0
philosophy-and-religion,Basil Osborne,https://en.wikipedia.org/wiki/Basil_Osborne,Recommendation,0.0
philosophy-and-religion,Diocese of The Hague and the Netherlands,https://en.wikipedia.org/wiki/Diocese_of_The_Hague_and_the_Netherlands,Recommendation,0.0
philosophy-and-religion,Ninety-five Theses,https://en.wikipedia.org/wiki/Ninety-five_Theses,Seed,0.0
philosophy-and-religion,Johann Tetzel,https://en.wikipedia.org/wiki/Johann_Tetzel,Recommendation,0.0
philosophy-and-religion,Reformation Day,https://en.wikipedia.org/wiki/Reformation_Day,Recommendation,0.0
philosophy-and-religion,Luther (play),https://en.wikipedia.org/wiki/Luther_%28play%29,Recommendation,0.0
philosophy-and-religion,John B. Cobb,https://en.wikipedia.org/wiki/John_B._Cobb,Seed,0.0
philosophy-and-religion,David Ray Griffin,https://en.wikipedia.org/wiki/David_Ray_Griffin,Recommendation,0.14
philosophy-and-religion,Catherine Keller,https://en.wikipedia.org/wiki/Catherine_Keller,Recommendation,0.0
philosophy-and-religion,Alfred North Whitehead,https://en.wikipedia.org/wiki/Alfred_North_Whitehead,Recommendation,0.0
philosophy-and-religion,William de Corbeil,https://en.wikipedia.org/wiki/William_de_Corbeil,Seed,0.0
philosophy-and-religion,Canterbury–York dispute,https://en.wikipedia.org/wiki/Canterbury%E2%80%93York_dispute,Recommendation,0.0
philosophy-and-religion,Thurstan,https://en.wikipedia.org/wiki/Thurstan,Recommendation,0.0
philosophy-and-religion,Robert de Bethune,https://en.wikipedia.org/wiki/Robert_de_Bethune,Recommendation,0.0
philosophy-and-religion,Archdiocese of Miami,https://en.wikipedia.org/wiki/Archdiocese_of_Miami,Seed,0.0
philosophy-and-religion,Gilberto Fernández (bishop),https://en.wikipedia.org/wiki/Gilberto_Fern%C3%A1ndez_%28bishop%29,Recommendation,0.0
philosophy-and-religion,Cathedral of Saint Mary (Miami),https://en.wikipedia.org/wiki/Cathedral_of_Saint_Mary_%28Miami%29,Recommendation,0.0
philosophy-and-religion,Fernando Isern,https://en.wikipedia.org/wiki/Fernando_Isern,Recommendation,0.0
philosophy-and-religion,India (East Syriac ecclesiastical province),https://en.wikipedia.org/wiki/India_%28East_Syriac_ecclesiastical_province%29,Recommendation,0.29
philosophy-and-religion,Synod of Diamper,https://en.wikipedia.org/wiki/Synod_of_Diamper,Recommendation,0.0
philosophy-and-religion,Jacob of Muttuchira,https://en.wikipedia.org/wiki/Jacob_of_Muttuchira,Recommendation,0.0
philosophy-and-religion,Anthony Kohlmann,https://en.wikipedia.org/wiki/Anthony_Kohlmann,Seed,0.0
philosophy-and-religion,Benedict Joseph Fenwick,https://en.wikipedia.org/wiki/Benedict_Joseph_Fenwick,Recommendation,0.0
philosophy-and-religion,Enoch Fenwick,https://en.wikipedia.org/wiki/Enoch_Fenwick,Recommendation,0.0
philosophy-and-religion,James A. Ryder,https://en.wikipedia.org/wiki/James_A._Ryder,Recommendation,0.0
philosophy-and-religion,Psalm 127,https://en.wikipedia.org/wiki/Psalm_127,Seed,0.0
philosophy-and-religion,Psalm 122,https://en.wikipedia.org/wiki/Psalm_122,Recommendation,0.0
philosophy-and-religion,Psalm 93,https://en.wikipedia.org/wiki/Psalm_93,Recommendation,0.0
philosophy-and-religion,Psalm 20,https://en.wikipedia.org/wiki/Psalm_20,Recommendation,0.0
philosophy-and-religion,Diocese of Greensburg,https://en.wikipedia.org/wiki/Diocese_of_Greensburg,Seed,0.0
philosophy-and-religion,Larry J. Kulick,https://en.wikipedia.org/wiki/Larry_J._Kulick,Recommendation,0.0
philosophy-and-religion,William G. Connare,https://en.wikipedia.org/wiki/William_G._Connare,Recommendation,0.0
philosophy-and-religion,Lawrence Eugene Brandt,https://en.wikipedia.org/wiki/Lawrence_Eugene_Brandt,Recommendation,0.0
philosophy-and-religion,Aesthetics,https://en.wikipedia.org/wiki/Aesthetics,Seed,0.0
philosophy-and-religion,Christopher Janaway,https://en.wikipedia.org/wiki/Christopher_Janaway,Recommendation,0.14
philosophy-and-religion,Berys Gaut,https://en.wikipedia.org/wiki/Berys_Gaut,Recommendation,0.14
philosophy-and-religion,Theory of art,https://en.wikipedia.org/wiki/Theory_of_art,Recommendation,0.0
philosophy-and-religion,Thomas of Bayeux,https://en.wikipedia.org/wiki/Thomas_of_Bayeux,Seed,0.0
philosophy-and-religion,Gerard (archbishop of York),https://en.wikipedia.org/wiki/Gerard_%28archbishop_of_York%29,Recommendation,0.0
philosophy-and-religion,Thomas II of York,https://en.wikipedia.org/wiki/Thomas_II_of_York,Recommendation,0.0
philosophy-and-religion,William de St-Calais,https://en.wikipedia.org/wiki/William_de_St-Calais,Recommendation,0.0
philosophy-and-religion,Rastafari,https://en.wikipedia.org/wiki/Rastafari,Seed,0.29
philosophy-and-religion,History of Rastafari,https://en.wikipedia.org/wiki/History_of_Rastafari,Recommendation,0.0
philosophy-and-religion,Rasta views of the afterlife,https://en.wikipedia.org/wiki/Rasta_views_of_the_afterlife,Recommendation,0.0
philosophy-and-religion,Rasta views on race,https://en.wikipedia.org/wiki/Rasta_views_on_race,Recommendation,0.0
philosophy-and-religion,Michael Francis Egan,https://en.wikipedia.org/wiki/Michael_Francis_Egan,Seed,0.0
philosophy-and-religion,Louis de Barth,https://en.wikipedia.org/wiki/Louis_de_Barth,Recommendation,0.0
philosophy-and-religion,Matthew Carr (priest),https://en.wikipedia.org/wiki/Matthew_Carr_%28priest%29,Recommendation,0.0
philosophy-and-religion,Leonard Neale,https://en.wikipedia.org/wiki/Leonard_Neale,Recommendation,0.0
philosophy-and-religion,Hilary of Chichester,https://en.wikipedia.org/wiki/Hilary_of_Chichester,Seed,0.0
philosophy-and-religion,Theobald of Bec,https://en.wikipedia.org/wiki/Theobald_of_Bec,Recommendation,1.0
philosophy-and-religion,Richard of Dover,https://en.wikipedia.org/wiki/Richard_of_Dover,Recommendation,0.0
philosophy-and-religion,Bartholomew of Exeter,https://en.wikipedia.org/wiki/Bartholomew_of_Exeter,Recommendation,0.0
philosophy-and-religion,Catholic Church in Sichuan,https://en.wikipedia.org/wiki/Catholic_Church_in_Sichuan,Seed,0.0
philosophy-and-religion,Diocese of Kangding,https://en.wikipedia.org/wiki/Diocese_of_Kangding,Recommendation,0.0
philosophy-and-religion,Diocese of Chengdu,https://en.wikipedia.org/wiki/Diocese_of_Chengdu,Recommendation,0.0
philosophy-and-religion,Christianity in Sichuan,https://en.wikipedia.org/wiki/Christianity_in_Sichuan,Recommendation,0.0
philosophy-and-religion,Westminster Assembly,https://en.wikipedia.org/wiki/Westminster_Assembly,Seed,0.0
philosophy-and-religion,Westminster Confession of Faith,https://en.wikipedia.org/wiki/Westminster_Confession_of_Faith,Recommendation,0.0
philosophy-and-religion,History of the Puritans under King Charles I,https://en.wikipedia.org/wiki/History_of_the_Puritans_under_King_Charles_I,Recommendation,0.14
philosophy-and-religion,Westminster Shorter Catechism,https://en.wikipedia.org/wiki/Westminster_Shorter_Catechism,Recommendation,0.0
philosophy-and-religion,James R. Lewis (scholar),https://en.wikipedia.org/wiki/James_R._Lewis_%28scholar%29,Seed,0.14
philosophy-and-religion,New religious movement,https://en.wikipedia.org/wiki/New_religious_movement,Recommendation,0.0
philosophy-and-religion,Falun Gong and the Future of China,https://en.wikipedia.org/wiki/Falun_Gong_and_the_Future_of_China,Recommendation,0.0
philosophy-and-religion,J. Gordon Melton,https://en.wikipedia.org/wiki/J._Gordon_Melton,Recommendation,0.0
philosophy-and-religion,Great Mosque of Sfax,https://en.wikipedia.org/wiki/Great_Mosque_of_Sfax,Seed,0.0
philosophy-and-religion,Great Mosque of Sousse,https://en.wikipedia.org/wiki/Great_Mosque_of_Sousse,Recommendation,0.0
philosophy-and-religion,Aghlabid architecture,https://en.wikipedia.org/wiki/Aghlabid_architecture,Recommendation,0.0
philosophy-and-religion,Al-Zaytuna Mosque,https://en.wikipedia.org/wiki/Al-Zaytuna_Mosque,Recommendation,0.14
philosophy-and-religion,Alalu,https://en.wikipedia.org/wiki/Alalu,Seed,0.0
philosophy-and-religion,Hurrian religion,https://en.wikipedia.org/wiki/Hurrian_religion,Recommendation,0.0
philosophy-and-religion,Hurrian primeval deities,https://en.wikipedia.org/wiki/Hurrian_primeval_deities,Recommendation,0.0
philosophy-and-religion,Tašmišu,https://en.wikipedia.org/wiki/Ta%C5%A1mi%C5%A1u,Recommendation,0.0
politics-and-government,Referendum Party,https://en.wikipedia.org/wiki/Referendum_Party,Seed,0.0
politics-and-government,UK Independence Party,https://en.wikipedia.org/wiki/UK_Independence_Party,Recommendation,0.14
politics-and-government,Causes of the vote in favour of Brexit,https://en.wikipedia.org/wiki/Causes_of_the_vote_in_favour_of_Brexit,Recommendation,0.0
politics-and-government,Euroscepticism,https://en.wikipedia.org/wiki/Euroscepticism,Recommendation,0.0
politics-and-government,European political foundation,https://en.wikipedia.org/wiki/European_political_foundation,Seed,0.0
politics-and-government,European political party,https://en.wikipedia.org/wiki/European_political_party,Recommendation,0.71
politics-and-government,Authority for European Political Parties and European Political Foundations,https://en.wikipedia.org/wiki/Authority_for_European_Political_Parties_and_European_Political_Foundations,Recommendation,0.0
politics-and-government,Funding of European political parties,https://en.wikipedia.org/wiki/Funding_of_European_political_parties,Recommendation,0.0
politics-and-government,2007 Navarrese regional election,https://en.wikipedia.org/wiki/2007_Navarrese_regional_election,Seed,0.0
politics-and-government,2011 Navarrese regional election,https://en.wikipedia.org/wiki/2011_Navarrese_regional_election,Recommendation,0.0
politics-and-government,2003 Navarrese regional election,https://en.wikipedia.org/wiki/2003_Navarrese_regional_election,Recommendation,0.0
politics-and-government,2019 Navarrese regional election,https://en.wikipedia.org/wiki/2019_Navarrese_regional_election,Recommendation,0.0
politics-and-government,2022 Castilian-Leonese regional election,https://en.wikipedia.org/wiki/2022_Castilian-Leonese_regional_election,Seed,0.0
politics-and-government,2023 Castilian-Manchegan regional election,https://en.wikipedia.org/wiki/2023_Castilian-Manchegan_regional_election,Recommendation,0.0
politics-and-government,2026 Castilian-Leonese regional election,https://en.wikipedia.org/wiki/2026_Castilian-Leonese_regional_election,Recommendation,0.14
politics-and-government,2019 Castilian-Leonese regional election,https://en.wikipedia.org/wiki/2019_Castilian-Leonese_regional_election,Recommendation,0.0
politics-and-government,1899 Kentucky gubernatorial election,https://en.wikipedia.org/wiki/1899_Kentucky_gubernatorial_election,Seed,0.0
politics-and-government,Parker Watkins Hardin,https://en.wikipedia.org/wiki/Parker_Watkins_Hardin,Recommendation,0.0
politics-and-government,William S. Taylor (Kentucky politician),https://en.wikipedia.org/wiki/William_S._Taylor_%28Kentucky_politician%29,Recommendation,0.0
politics-and-government,1900 Kentucky gubernatorial special election,https://en.wikipedia.org/wiki/1900_Kentucky_gubernatorial_special_election,Recommendation,0.0
politics-and-government,2020 North Macedonian parliamentary election,https://en.wikipedia.org/wiki/2020_North_Macedonian_parliamentary_election,Seed,0.0
politics-and-government,2016 Macedonian parliamentary election,https://en.wikipedia.org/wiki/2016_Macedonian_parliamentary_election,Recommendation,0.0
politics-and-government,Democratic Union for Integration,https://en.wikipedia.org/wiki/Democratic_Union_for_Integration,Recommendation,0.0
politics-and-government,Politics of North Macedonia,https://en.wikipedia.org/wiki/Politics_of_North_Macedonia,Recommendation,0.0
politics-and-government,John Sherman,https://en.wikipedia.org/wiki/John_Sherman,Seed,0.0
politics-and-government,Henry B. Payne,https://en.wikipedia.org/wiki/Henry_B._Payne,Recommendation,0.0
politics-and-government,James B. Weaver,https://en.wikipedia.org/wiki/James_B._Weaver,Recommendation,0.0
politics-and-government,Rutherford B. Hayes,https://en.wikipedia.org/wiki/Rutherford_B._Hayes,Recommendation,0.14
politics-and-government,Thomas F. Bayard,https://en.wikipedia.org/wiki/Thomas_F._Bayard,Seed,0.14
politics-and-government,1880 Democratic National Convention,https://en.wikipedia.org/wiki/1880_Democratic_National_Convention,Recommendation,0.0
politics-and-government,Electoral Commission (United States),https://en.wikipedia.org/wiki/Electoral_Commission_%28United_States%29,Recommendation,0.14
politics-and-government,1880 United States presidential election,https://en.wikipedia.org/wiki/1880_United_States_presidential_election,Recommendation,0.0
politics-and-government,Augustus Hawkins,https://en.wikipedia.org/wiki/Augustus_Hawkins,Seed,0.0
politics-and-government,James C. Corman,https://en.wikipedia.org/wiki/James_C._Corman,Recommendation,0.0
politics-and-government,Frederick Madison Roberts,https://en.wikipedia.org/wiki/Frederick_Madison_Roberts,Recommendation,0.0
politics-and-government,Cecil R. King,https://en.wikipedia.org/wiki/Cecil_R._King,Recommendation,0.0
politics-and-government,Oregon Supreme Court,https://en.wikipedia.org/wiki/Oregon_Supreme_Court,Seed,0.14
politics-and-government,Government of Oregon,https://en.wikipedia.org/wiki/Government_of_Oregon,Recommendation,0.0
politics-and-government,United States Court of Appeals for the Ninth Circuit,https://en.wikipedia.org/wiki/United_States_Court_of_Appeals_for_the_Ninth_Circuit,Recommendation,0.0
politics-and-government,Kentucky Supreme Court,https://en.wikipedia.org/wiki/Kentucky_Supreme_Court,Recommendation,0.0
politics-and-government,2010 United Kingdom general election debates,https://en.wikipedia.org/wiki/2010_United_Kingdom_general_election_debates,Seed,0.0
politics-and-government,2015 United Kingdom general election debates,https://en.wikipedia.org/wiki/2015_United_Kingdom_general_election_debates,Recommendation,0.0
politics-and-government,2010 United Kingdom general election in Scotland,https://en.wikipedia.org/wiki/2010_United_Kingdom_general_election_in_Scotland,Recommendation,0.0
politics-and-government,2010 United Kingdom government formation,https://en.wikipedia.org/wiki/2010_United_Kingdom_government_formation,Recommendation,0.0
politics-and-government,Unconstitutional constitutional amendment,https://en.wikipedia.org/wiki/Unconstitutional_constitutional_amendment,Seed,0.0
politics-and-government,Basic structure doctrine,https://en.wikipedia.org/wiki/Basic_structure_doctrine,Recommendation,0.0
politics-and-government,Lochner v. New York,https://en.wikipedia.org/wiki/Lochner_v._New_York,Recommendation,0.0
politics-and-government,Judicial review in the United States,https://en.wikipedia.org/wiki/Judicial_review_in_the_United_States,Recommendation,0.0
politics-and-government,Israel–Japan relations,https://en.wikipedia.org/wiki/Israel%E2%80%93Japan_relations,Seed,0.0
politics-and-government,Ireland–Japan relations,https://en.wikipedia.org/wiki/Ireland%E2%80%93Japan_relations,Recommendation,0.0
politics-and-government,Bahrain–Japan relations,https://en.wikipedia.org/wiki/Bahrain%E2%80%93Japan_relations,Recommendation,0.0
politics-and-government,Japan–Trinidad and Tobago relations,https://en.wikipedia.org/wiki/Japan%E2%80%93Trinidad_and_Tobago_relations,Recommendation,0.0
politics-and-government,George Cabot,https://en.wikipedia.org/wiki/George_Cabot,Seed,0.0
politics-and-government,Timothy Pickering,https://en.wikipedia.org/wiki/Timothy_Pickering,Recommendation,0.0
politics-and-government,Presidency of John Adams,https://en.wikipedia.org/wiki/Presidency_of_John_Adams,Recommendation,0.0
politics-and-government,1808 United States Senate election in Massachusetts,https://en.wikipedia.org/wiki/1808_United_States_Senate_election_in_Massachusetts,Recommendation,0.0
politics-and-government,1899 United States Senate election in Pennsylvania,https://en.wikipedia.org/wiki/1899_United_States_Senate_election_in_Pennsylvania,Seed,0.0
politics-and-government,Matthew Quay,https://en.wikipedia.org/wiki/Matthew_Quay,Recommendation,0.0
politics-and-government,1898 United States Senate elections in Ohio,https://en.wikipedia.org/wiki/1898_United_States_Senate_elections_in_Ohio,Recommendation,0.0
politics-and-government,1904–05 United States Senate elections,https://en.wikipedia.org/wiki/1904%E2%80%9305_United_States_Senate_elections,Recommendation,0.0
politics-and-government,Australian Conservatives,https://en.wikipedia.org/wiki/Australian_Conservatives,Seed,0.0
politics-and-government,Family First Party,https://en.wikipedia.org/wiki/Family_First_Party,Recommendation,0.0
politics-and-government,Robert Brokenshire,https://en.wikipedia.org/wiki/Robert_Brokenshire,Recommendation,0.0
politics-and-government,Dennis Hood,https://en.wikipedia.org/wiki/Dennis_Hood,Recommendation,0.0
politics-and-government,James G. Blaine,https://en.wikipedia.org/wiki/James_G._Blaine,Seed,0.0
politics-and-government,Presidency of Benjamin Harrison,https://en.wikipedia.org/wiki/Presidency_of_Benjamin_Harrison,Recommendation,0.14
politics-and-government,Benjamin Harrison,https://en.wikipedia.org/wiki/Benjamin_Harrison,Recommendation,1.14
politics-and-government,1892 Republican National Convention,https://en.wikipedia.org/wiki/1892_Republican_National_Convention,Recommendation,0.0
politics-and-government,Court of Chancery,https://en.wikipedia.org/wiki/Court_of_Chancery,Seed,0.0
politics-and-government,Exchequer of Pleas,https://en.wikipedia.org/wiki/Exchequer_of_Pleas,Recommendation,0.0
politics-and-government,History of equity and trusts,https://en.wikipedia.org/wiki/History_of_equity_and_trusts,Recommendation,0.0
politics-and-government,Court of Chancery (Ireland),https://en.wikipedia.org/wiki/Court_of_Chancery_%28Ireland%29,Recommendation,0.0
politics-and-government,1867 United States Senate election in Pennsylvania,https://en.wikipedia.org/wiki/1867_United_States_Senate_election_in_Pennsylvania,Seed,0.0
politics-and-government,1860–61 United States Senate elections,https://en.wikipedia.org/wiki/1860%E2%80%9361_United_States_Senate_elections,Recommendation,0.0
politics-and-government,Edgar Cowan,https://en.wikipedia.org/wiki/Edgar_Cowan,Recommendation,0.0
politics-and-government,Cameron machine,https://en.wikipedia.org/wiki/Cameron_machine,Recommendation,0.0
politics-and-government,William Hayden English,https://en.wikipedia.org/wiki/William_Hayden_English,Seed,0.0
politics-and-government,William E. English,https://en.wikipedia.org/wiki/William_E._English,Recommendation,0.0
politics-and-government,1844 United States presidential election,https://en.wikipedia.org/wiki/1844_United_States_presidential_election,Recommendation,0.43
politics-and-government,Thomas A. Hendricks,https://en.wikipedia.org/wiki/Thomas_A._Hendricks,Recommendation,0.14
politics-and-government,Samuel J. Randall,https://en.wikipedia.org/wiki/Samuel_J._Randall,Seed,0.0
politics-and-government,William Ralls Morrison,https://en.wikipedia.org/wiki/William_Ralls_Morrison,Recommendation,0.0
politics-and-government,Samuel J. Tilden,https://en.wikipedia.org/wiki/Samuel_J._Tilden,Recommendation,0.0
politics-and-government,Winfield Scott Hancock 1880 presidential campaign,https://en.wikipedia.org/wiki/Winfield_Scott_Hancock_1880_presidential_campaign,Recommendation,0.0
politics-and-government,Saint Valentine's Day Massacre,https://en.wikipedia.org/wiki/Saint_Valentine%27s_Day_Massacre,Seed,0.0
politics-and-government,Frank Gusenberg,https://en.wikipedia.org/wiki/Frank_Gusenberg,Recommendation,0.0
politics-and-government,Peter Gusenberg,https://en.wikipedia.org/wiki/Peter_Gusenberg,Recommendation,0.0
politics-and-government,Bugs Moran,https://en.wikipedia.org/wiki/Bugs_Moran,Recommendation,0.0
politics-and-government,George Lansbury,https://en.wikipedia.org/wiki/George_Lansbury,Seed,0.0
politics-and-government,1912 Bow and Bromley by-election,https://en.wikipedia.org/wiki/1912_Bow_and_Bromley_by-election,Recommendation,0.0
politics-and-government,Poplar Rates Rebellion,https://en.wikipedia.org/wiki/Poplar_Rates_Rebellion,Recommendation,0.0
politics-and-government,1940 Bow and Bromley by-election,https://en.wikipedia.org/wiki/1940_Bow_and_Bromley_by-election,Recommendation,0.0
politics-and-government,Saxbe fix,https://en.wikipedia.org/wiki/Saxbe_fix,Seed,0.0
politics-and-government,Ineligibility Clause,https://en.wikipedia.org/wiki/Ineligibility_Clause,Recommendation,0.0
politics-and-government,William B. Saxbe,https://en.wikipedia.org/wiki/William_B._Saxbe,Recommendation,0.14
politics-and-government,Ex parte Levitt,https://en.wikipedia.org/wiki/Ex_parte_Levitt,Recommendation,0.0
politics-and-government,2009 New York's 20th congressional district special election,https://en.wikipedia.org/wiki/2009_New_York%27s_20th_congressional_district_special_election,Seed,0.0
politics-and-government,Scott Murphy,https://en.wikipedia.org/wiki/Scott_Murphy,Recommendation,0.29
politics-and-government,Jim Tedisco,https://en.wikipedia.org/wiki/Jim_Tedisco,Recommendation,0.0
politics-and-government,2006 United States House of Representatives elections in New York,https://en.wikipedia.org/wiki/2006_United_States_House_of_Representatives_elections_in_New_York,Recommendation,0.0
politics-and-government,John J. Crittenden,https://en.wikipedia.org/wiki/John_J._Crittenden,Seed,0.0
politics-and-government,Robert P. Letcher,https://en.wikipedia.org/wiki/Robert_P._Letcher,Recommendation,0.0
politics-and-government,Lazarus Powell,https://en.wikipedia.org/wiki/Lazarus_Powell,Recommendation,0.0
politics-and-government,John L. Helm,https://en.wikipedia.org/wiki/John_L._Helm,Recommendation,0.0
politics-and-government,Death of Kevin Gately,https://en.wikipedia.org/wiki/Death_of_Kevin_Gately,Seed,0.0
politics-and-government,International Marxist Group,https://en.wikipedia.org/wiki/International_Marxist_Group,Recommendation,0.0
politics-and-government,Peter Cadogan,https://en.wikipedia.org/wiki/Peter_Cadogan,Recommendation,0.0
politics-and-government,June 1990 Mineriad,https://en.wikipedia.org/wiki/June_1990_Mineriad,Recommendation,0.0
politics-and-government,James B. McCreary,https://en.wikipedia.org/wiki/James_B._McCreary,Seed,0.0
politics-and-government,J. C. W. Beckham,https://en.wikipedia.org/wiki/J._C._W._Beckham,Recommendation,0.0
politics-and-government,Augustus E. Willson,https://en.wikipedia.org/wiki/Augustus_E._Willson,Recommendation,0.0
politics-and-government,1903 Kentucky gubernatorial election,https://en.wikipedia.org/wiki/1903_Kentucky_gubernatorial_election,Recommendation,0.0
politics-and-government,"John Y. Brown (politician, born 1835)",https://en.wikipedia.org/wiki/John_Y._Brown_%28politician%2C_born_1835%29,Seed,0.0
politics-and-government,William Goebel,https://en.wikipedia.org/wiki/William_Goebel,Recommendation,0.0
politics-and-government,Taylor v. Beckham,https://en.wikipedia.org/wiki/Taylor_v._Beckham,Recommendation,0.0
politics-and-government,Thomas S. Pettit,https://en.wikipedia.org/wiki/Thomas_S._Pettit,Recommendation,0.0
politics-and-government,2023 Salzburg state election,https://en.wikipedia.org/wiki/2023_Salzburg_state_election,Seed,0.0
politics-and-government,2022 Tyrolean state election,https://en.wikipedia.org/wiki/2022_Tyrolean_state_election,Recommendation,0.0
politics-and-government,2018 Salzburg state election,https://en.wikipedia.org/wiki/2018_Salzburg_state_election,Recommendation,0.0
politics-and-government,2023 Lower Austrian state election,https://en.wikipedia.org/wiki/2023_Lower_Austrian_state_election,Recommendation,0.14
politics-and-government,John Bingham,https://en.wikipedia.org/wiki/John_Bingham,Seed,0.0
politics-and-government,Reconstruction Acts,https://en.wikipedia.org/wiki/Reconstruction_Acts,Recommendation,0.0
politics-and-government,Efforts to impeach Andrew Johnson,https://en.wikipedia.org/wiki/Efforts_to_impeach_Andrew_Johnson,Recommendation,0.0
politics-and-government,First impeachment inquiry into Andrew Johnson,https://en.wikipedia.org/wiki/First_impeachment_inquiry_into_Andrew_Johnson,Recommendation,0.0
politics-and-government,Winston McKenzie,https://en.wikipedia.org/wiki/Winston_McKenzie,Seed,0.14
politics-and-government,Veritas (political party),https://en.wikipedia.org/wiki/Veritas_%28political_party%29,Recommendation,0.29
politics-and-government,English Democrats,https://en.wikipedia.org/wiki/English_Democrats,Recommendation,0.0
politics-and-government,2008 London Assembly election,https://en.wikipedia.org/wiki/2008_London_Assembly_election,Recommendation,0.29
politics-and-government,2009 Indonesian legislative election,https://en.wikipedia.org/wiki/2009_Indonesian_legislative_election,Seed,0.0
politics-and-government,Elections in Indonesia,https://en.wikipedia.org/wiki/Elections_in_Indonesia,Recommendation,0.0
politics-and-government,2014 Indonesian legislative election,https://en.wikipedia.org/wiki/2014_Indonesian_legislative_election,Recommendation,0.0
politics-and-government,People's Conscience Party,https://en.wikipedia.org/wiki/People%27s_Conscience_Party,Recommendation,0.14
politics-and-government,Shona Robison,https://en.wikipedia.org/wiki/Shona_Robison,Seed,0.0
politics-and-government,Deputy First Minister of Scotland,https://en.wikipedia.org/wiki/Deputy_First_Minister_of_Scotland,Recommendation,0.14
politics-and-government,Fiona Hyslop,https://en.wikipedia.org/wiki/Fiona_Hyslop,Recommendation,0.0
politics-and-government,Cabinet Secretary for Social Justice and Housing,https://en.wikipedia.org/wiki/Cabinet_Secretary_for_Social_Justice_and_Housing,Recommendation,0.0
politics-and-government,An Introduction to Animals and Political Theory,https://en.wikipedia.org/wiki/An_Introduction_to_Animals_and_Political_Theory,Seed,0.0
politics-and-government,Alasdair Cochrane,https://en.wikipedia.org/wiki/Alasdair_Cochrane,Recommendation,0.0
politics-and-government,Animal Rights Without Liberation,https://en.wikipedia.org/wiki/Animal_Rights_Without_Liberation,Recommendation,0.0
politics-and-government,Sentientist Politics,https://en.wikipedia.org/wiki/Sentientist_Politics,Recommendation,0.0
politics-and-government,Harry T. Edwards,https://en.wikipedia.org/wiki/Harry_T._Edwards,Seed,0.0
politics-and-government,Danny Julian Boggs,https://en.wikipedia.org/wiki/Danny_Julian_Boggs,Recommendation,0.0
politics-and-government,Grutter v. Bollinger,https://en.wikipedia.org/wiki/Grutter_v._Bollinger,Recommendation,0.0
politics-and-government,Northwestern University Law Review,https://en.wikipedia.org/wiki/Northwestern_University_Law_Review,Recommendation,0.0
politics-and-government,John Silva Meehan,https://en.wikipedia.org/wiki/John_Silva_Meehan,Seed,0.0
politics-and-government,John Gould Stephenson,https://en.wikipedia.org/wiki/John_Gould_Stephenson,Recommendation,0.0
politics-and-government,United States' Telegraph,https://en.wikipedia.org/wiki/United_States%27_Telegraph,Recommendation,0.0
politics-and-government,Ainsworth Rand Spofford,https://en.wikipedia.org/wiki/Ainsworth_Rand_Spofford,Recommendation,0.14
politics-and-government,1975 Australian constitutional crisis,https://en.wikipedia.org/wiki/1975_Australian_constitutional_crisis,Seed,0.14
politics-and-government,Gough Whitlam,https://en.wikipedia.org/wiki/Gough_Whitlam,Recommendation,0.29
politics-and-government,John Kerr (governor-general),https://en.wikipedia.org/wiki/John_Kerr_%28governor-general%29,Recommendation,0.0
politics-and-government,The Truth of the Matter,https://en.wikipedia.org/wiki/The_Truth_of_the_Matter,Recommendation,0.0
politics-and-government,Stanley Bruce,https://en.wikipedia.org/wiki/Stanley_Bruce,Seed,0.0
politics-and-government,1928 Australian federal election,https://en.wikipedia.org/wiki/1928_Australian_federal_election,Recommendation,0.14
politics-and-government,1929 Australian federal election,https://en.wikipedia.org/wiki/1929_Australian_federal_election,Recommendation,0.0
politics-and-government,John Latham (judge),https://en.wikipedia.org/wiki/John_Latham_%28judge%29,Recommendation,0.0
politics-and-government,Symbols of the United States Senate,https://en.wikipedia.org/wiki/Symbols_of_the_United_States_Senate,Seed,0.0
politics-and-government,Coat of arms of Pennsylvania,https://en.wikipedia.org/wiki/Coat_of_arms_of_Pennsylvania,Recommendation,0.0
politics-and-government,Great Seal of the United States,https://en.wikipedia.org/wiki/Great_Seal_of_the_United_States,Recommendation,0.0
politics-and-government,Seal of the vice president of the United States,https://en.wikipedia.org/wiki/Seal_of_the_vice_president_of_the_United_States,Recommendation,0.0
politics-and-government,Jeremy Thorpe,https://en.wikipedia.org/wiki/Jeremy_Thorpe,Seed,0.0
politics-and-government,Peter Bessell,https://en.wikipedia.org/wiki/Peter_Bessell,Recommendation,0.0
politics-and-government,One more heave,https://en.wikipedia.org/wiki/One_more_heave,Recommendation,0.0
politics-and-government,1967 Liberal Party leadership election,https://en.wikipedia.org/wiki/1967_Liberal_Party_leadership_election,Recommendation,0.0
politics-and-government,Death of Ms Dhu,https://en.wikipedia.org/wiki/Death_of_Ms_Dhu,Seed,0.0
politics-and-government,Rosalinda Fogliani,https://en.wikipedia.org/wiki/Rosalinda_Fogliani,Recommendation,0.0
politics-and-government,Custody Notification Service,https://en.wikipedia.org/wiki/Custody_Notification_Service,Recommendation,0.0
politics-and-government,Aboriginal deaths in custody,https://en.wikipedia.org/wiki/Aboriginal_deaths_in_custody,Recommendation,0.0
politics-and-government,George Tucker (author),https://en.wikipedia.org/wiki/George_Tucker_%28author%29,Seed,0.0
politics-and-government,George Wythe,https://en.wikipedia.org/wiki/George_Wythe,Recommendation,0.14
politics-and-government,Edward Coles,https://en.wikipedia.org/wiki/Edward_Coles,Recommendation,0.0
politics-and-government,Landon Carter,https://en.wikipedia.org/wiki/Landon_Carter,Recommendation,0.0
politics-and-government,Ellen Wilkinson,https://en.wikipedia.org/wiki/Ellen_Wilkinson,Seed,0.0
politics-and-government,Jarrow March,https://en.wikipedia.org/wiki/Jarrow_March,Recommendation,0.0
politics-and-government,William Pearson (British politician),https://en.wikipedia.org/wiki/William_Pearson_%28British_politician%29,Recommendation,0.0
politics-and-government,Margaret Bondfield,https://en.wikipedia.org/wiki/Margaret_Bondfield,Recommendation,0.0
politics-and-government,William Jennings Bryan 1896 presidential campaign,https://en.wikipedia.org/wiki/William_Jennings_Bryan_1896_presidential_campaign,Seed,0.0
politics-and-government,Cross of Gold speech,https://en.wikipedia.org/wiki/Cross_of_Gold_speech,Recommendation,0.0
politics-and-government,William Jennings Bryan,https://en.wikipedia.org/wiki/William_Jennings_Bryan,Recommendation,0.14
politics-and-government,William McKinley 1896 presidential campaign,https://en.wikipedia.org/wiki/William_McKinley_1896_presidential_campaign,Recommendation,0.0
politics-and-government,2018 Macedonian referendum,https://en.wikipedia.org/wiki/2018_Macedonian_referendum,Seed,0.14
politics-and-government,Prespa Agreement,https://en.wikipedia.org/wiki/Prespa_Agreement,Recommendation,0.14
politics-and-government,Greece–North Macedonia relations,https://en.wikipedia.org/wiki/Greece%E2%80%93North_Macedonia_relations,Recommendation,0.0
politics-and-government,Macedonia naming dispute,https://en.wikipedia.org/wiki/Macedonia_naming_dispute,Recommendation,0.0
politics-and-government,Alexander Mair,https://en.wikipedia.org/wiki/Alexander_Mair,Seed,0.0
politics-and-government,Vernon Treatt,https://en.wikipedia.org/wiki/Vernon_Treatt,Recommendation,0.0
politics-and-government,Michael Bruxner,https://en.wikipedia.org/wiki/Michael_Bruxner,Recommendation,0.0
politics-and-government,Reginald Weaver,https://en.wikipedia.org/wiki/Reginald_Weaver,Recommendation,0.0
politics-and-government,Political Animals and Animal Politics,https://en.wikipedia.org/wiki/Political_Animals_and_Animal_Politics,Seed,0.0
politics-and-government,Siobhan O'Sullivan,https://en.wikipedia.org/wiki/Siobhan_O%27Sullivan,Recommendation,0.0
politics-and-government,John Hadley (philosopher),https://en.wikipedia.org/wiki/John_Hadley_%28philosopher%29,Recommendation,0.0
politics-and-government,Marcel Wissenburg,https://en.wikipedia.org/wiki/Marcel_Wissenburg,Recommendation,0.0
politics-and-government,Elizabeth Warren 2020 presidential campaign,https://en.wikipedia.org/wiki/Elizabeth_Warren_2020_presidential_campaign,Seed,0.0
politics-and-government,Elizabeth Warren,https://en.wikipedia.org/wiki/Elizabeth_Warren,Recommendation,0.71
politics-and-government,Kamala Harris 2020 presidential campaign,https://en.wikipedia.org/wiki/Kamala_Harris_2020_presidential_campaign,Recommendation,0.0
politics-and-government,2020 Democratic Party presidential primaries,https://en.wikipedia.org/wiki/2020_Democratic_Party_presidential_primaries,Recommendation,0.43
politics-and-government,Simon Cameron,https://en.wikipedia.org/wiki/Simon_Cameron,Seed,0.0
politics-and-government,Presidential transition of Abraham Lincoln,https://en.wikipedia.org/wiki/Presidential_transition_of_Abraham_Lincoln,Recommendation,0.0
politics-and-government,1860 Republican National Convention,https://en.wikipedia.org/wiki/1860_Republican_National_Convention,Recommendation,0.0
politics-and-government,J. Donald Cameron,https://en.wikipedia.org/wiki/J._Donald_Cameron,Recommendation,0.14
society,16 Days of Activism against Gender-based Violence,https://en.wikipedia.org/wiki/16_Days_of_Activism_against_Gender-based_Violence,Seed,0.0
society,Center for Women's Global Leadership,https://en.wikipedia.org/wiki/Center_for_Women%27s_Global_Leadership,Recommendation,0.0
society,Declaration on the Elimination of Violence Against Women,https://en.wikipedia.org/wiki/Declaration_on_the_Elimination_of_Violence_Against_Women,Recommendation,0.0
society,Sister Namibia,https://en.wikipedia.org/wiki/Sister_Namibia,Recommendation,0.0
society,Sociology of gender,https://en.wikipedia.org/wiki/Sociology_of_gender,Seed,0.0
society,Men's movement,https://en.wikipedia.org/wiki/Men%27s_movement,Recommendation,0.57
society,Michael Messner,https://en.wikipedia.org/wiki/Michael_Messner,Recommendation,0.0
society,Men's liberation movement,https://en.wikipedia.org/wiki/Men%27s_liberation_movement,Recommendation,0.0
society,Dorothy E. Smith,https://en.wikipedia.org/wiki/Dorothy_E._Smith,Seed,0.0
society,Standpoint theory,https://en.wikipedia.org/wiki/Standpoint_theory,Recommendation,0.14
society,Standpoint feminism,https://en.wikipedia.org/wiki/Standpoint_feminism,Recommendation,0.0
society,Feminist epistemology,https://en.wikipedia.org/wiki/Feminist_epistemology,Recommendation,0.0
society,Loretta Ross,https://en.wikipedia.org/wiki/Loretta_Ross,Seed,0.0
society,Nkenge Touré,https://en.wikipedia.org/wiki/Nkenge_Tour%C3%A9,Recommendation,0.14
society,Luz Alvarez Martinez,https://en.wikipedia.org/wiki/Luz_Alvarez_Martinez,Recommendation,0.0
society,Byllye Avery,https://en.wikipedia.org/wiki/Byllye_Avery,Recommendation,0.0
society,Sakizaya people,https://en.wikipedia.org/wiki/Sakizaya_people,Seed,0.0
society,Sakizaya language,https://en.wikipedia.org/wiki/Sakizaya_language,Recommendation,0.0
society,Kavalan people,https://en.wikipedia.org/wiki/Kavalan_people,Recommendation,0.0
society,Opening up the Mountains and Pacifying the Aborigines,https://en.wikipedia.org/wiki/Opening_up_the_Mountains_and_Pacifying_the_Aborigines,Recommendation,0.0
society,Prostitution in Paris,https://en.wikipedia.org/wiki/Prostitution_in_Paris,Seed,0.0
society,History of prostitution in France,https://en.wikipedia.org/wiki/History_of_prostitution_in_France,Recommendation,0.0
society,Loi Marthe Richard,https://en.wikipedia.org/wiki/Loi_Marthe_Richard,Recommendation,0.0
society,Bordel militaire de campagne,https://en.wikipedia.org/wiki/Bordel_militaire_de_campagne,Recommendation,0.0
society,Behavioral enrichment,https://en.wikipedia.org/wiki/Behavioral_enrichment,Seed,0.14
society,Stereotypy (non-human),https://en.wikipedia.org/wiki/Stereotypy_%28non-human%29,Recommendation,0.0
society,Abnormal behaviour of birds in captivity,https://en.wikipedia.org/wiki/Abnormal_behaviour_of_birds_in_captivity,Recommendation,0.0
society,Animal welfare science,https://en.wikipedia.org/wiki/Animal_welfare_science,Recommendation,0.0
society,Animal rights movement,https://en.wikipedia.org/wiki/Animal_rights_movement,Seed,0.0
society,Abolitionism (animal rights),https://en.wikipedia.org/wiki/Abolitionism_%28animal_rights%29,Recommendation,0.0
society,History of animal rights,https://en.wikipedia.org/wiki/History_of_animal_rights,Recommendation,0.0
society,Jake Conroy,https://en.wikipedia.org/wiki/Jake_Conroy,Recommendation,0.0
society,Eva Gore-Booth,https://en.wikipedia.org/wiki/Eva_Gore-Booth,Seed,0.0
society,Esther Roper,https://en.wikipedia.org/wiki/Esther_Roper,Recommendation,0.0
society,"Sir Henry Gore-Booth, 5th Baronet",https://en.wikipedia.org/wiki/Sir_Henry_Gore-Booth%2C_5th_Baronet,Recommendation,0.0
society,Dorothy Cornish,https://en.wikipedia.org/wiki/Dorothy_Cornish,Recommendation,0.0
society,Clare Palmer,https://en.wikipedia.org/wiki/Clare_Palmer,Seed,0.0
society,Relationship between animal ethics and environmental ethics,https://en.wikipedia.org/wiki/Relationship_between_animal_ethics_and_environmental_ethics,Recommendation,0.0
society,Catia Faria,https://en.wikipedia.org/wiki/Catia_Faria,Recommendation,0.0
society,Predation problem,https://en.wikipedia.org/wiki/Predation_problem,Recommendation,0.0
society,Nation of Islam,https://en.wikipedia.org/wiki/Nation_of_Islam,Seed,0.29
society,History of the Nation of Islam,https://en.wikipedia.org/wiki/History_of_the_Nation_of_Islam,Recommendation,0.0
society,Yakub (Nation of Islam),https://en.wikipedia.org/wiki/Yakub_%28Nation_of_Islam%29,Recommendation,0.0
society,American Society of Muslims,https://en.wikipedia.org/wiki/American_Society_of_Muslims,Recommendation,0.0
society,Bicycling and feminism,https://en.wikipedia.org/wiki/Bicycling_and_feminism,Seed,0.0
society,Women and bicycling in Islam,https://en.wikipedia.org/wiki/Women_and_bicycling_in_Islam,Recommendation,0.0
society,Sterling Bicycle Co.,https://en.wikipedia.org/wiki/Sterling_Bicycle_Co.,Recommendation,0.0
society,History of cycling,https://en.wikipedia.org/wiki/History_of_cycling,Recommendation,0.0
society,Women in Taoism,https://en.wikipedia.org/wiki/Women_in_Taoism,Seed,0.0
society,Taoism,https://en.wikipedia.org/wiki/Taoism,Recommendation,0.14
society,Xingming guizhi,https://en.wikipedia.org/wiki/Xingming_guizhi,Recommendation,0.0
society,Liu Haichan,https://en.wikipedia.org/wiki/Liu_Haichan,Recommendation,0.0
society,Afro-Hondurans,https://en.wikipedia.org/wiki/Afro-Hondurans,Seed,0.0
society,Afro-Nicaraguans,https://en.wikipedia.org/wiki/Afro-Nicaraguans,Recommendation,0.43
society,Zambo,https://en.wikipedia.org/wiki/Zambo,Recommendation,0.0
society,Western Caribbean zone,https://en.wikipedia.org/wiki/Western_Caribbean_zone,Recommendation,0.0
society,Atlanta Compromise,https://en.wikipedia.org/wiki/Atlanta_Compromise,Seed,0.29
society,Up from Slavery,https://en.wikipedia.org/wiki/Up_from_Slavery,Recommendation,0.14
society,Niagara Movement,https://en.wikipedia.org/wiki/Niagara_Movement,Recommendation,0.0
society,Lafayette M. Hershaw,https://en.wikipedia.org/wiki/Lafayette_M._Hershaw,Recommendation,0.0
society,Gender inequality in Nepal,https://en.wikipedia.org/wiki/Gender_inequality_in_Nepal,Seed,0.0
society,Human rights in Nepal,https://en.wikipedia.org/wiki/Human_rights_in_Nepal,Recommendation,0.0
society,Women's rights in Nepal,https://en.wikipedia.org/wiki/Women%27s_rights_in_Nepal,Recommendation,0.0
society,Women in Ghana,https://en.wikipedia.org/wiki/Women_in_Ghana,Recommendation,0.0
society,Gorontalo people,https://en.wikipedia.org/wiki/Gorontalo_people,Seed,0.0
society,Islam in Central Sulawesi,https://en.wikipedia.org/wiki/Islam_in_Central_Sulawesi,Recommendation,0.0
society,Batin people,https://en.wikipedia.org/wiki/Batin_people,Recommendation,0.0
society,Lampung people,https://en.wikipedia.org/wiki/Lampung_people,Recommendation,0.14
society,Animal testing on non-human primates,https://en.wikipedia.org/wiki/Animal_testing_on_non-human_primates,Seed,0.0
society,International Primate Day,https://en.wikipedia.org/wiki/International_Primate_Day,Recommendation,0.0
society,Foundation for Biomedical Research,https://en.wikipedia.org/wiki/Foundation_for_Biomedical_Research,Recommendation,0.0
society,International primate trade,https://en.wikipedia.org/wiki/International_primate_trade,Recommendation,0.0
society,Women in Iraq,https://en.wikipedia.org/wiki/Women_in_Iraq,Seed,0.0
society,Kurdish women,https://en.wikipedia.org/wiki/Kurdish_women,Recommendation,0.0
society,Human rights in the Kurdistan Region,https://en.wikipedia.org/wiki/Human_rights_in_the_Kurdistan_Region,Recommendation,0.0
society,Asuda,https://en.wikipedia.org/wiki/Asuda,Recommendation,0.0
society,Women in the Democratic Republic of the Congo,https://en.wikipedia.org/wiki/Women_in_the_Democratic_Republic_of_the_Congo,Seed,0.0
society,Internally displaced persons in the Democratic Republic of the Congo,https://en.wikipedia.org/wiki/Internally_displaced_persons_in_the_Democratic_Republic_of_the_Congo,Recommendation,0.0
society,Laurent Nkunda,https://en.wikipedia.org/wiki/Laurent_Nkunda,Recommendation,0.0
society,MONUSCO,https://en.wikipedia.org/wiki/MONUSCO,Recommendation,0.71
society,"The Levee, Chicago",https://en.wikipedia.org/wiki/The_Levee%2C_Chicago,Seed,0.29
society,Everleigh Club,https://en.wikipedia.org/wiki/Everleigh_Club,Recommendation,0.0
society,Big Jim Colosimo,https://en.wikipedia.org/wiki/Big_Jim_Colosimo,Recommendation,0.0
society,Ada and Minna Everleigh,https://en.wikipedia.org/wiki/Ada_and_Minna_Everleigh,Recommendation,0.0
society,Socialism and LGBTQ rights,https://en.wikipedia.org/wiki/Socialism_and_LGBTQ_rights,Seed,0.0
society,LGBTQ rights in East Germany,https://en.wikipedia.org/wiki/LGBTQ_rights_in_East_Germany,Recommendation,0.0
society,LGBTQ history in Yugoslavia,https://en.wikipedia.org/wiki/LGBTQ_history_in_Yugoslavia,Recommendation,0.0
society,LGBTQ history in Serbia,https://en.wikipedia.org/wiki/LGBTQ_history_in_Serbia,Recommendation,0.0
society,Niqāb in Egypt,https://en.wikipedia.org/wiki/Niq%C4%81b_in_Egypt,Seed,0.0
society,Burqa by country,https://en.wikipedia.org/wiki/Burqa_by_country,Recommendation,0.0
society,Islamic veiling practices by country,https://en.wikipedia.org/wiki/Islamic_veiling_practices_by_country,Recommendation,0.0
society,Niqab,https://en.wikipedia.org/wiki/Niqab,Recommendation,0.0
society,Women in Algeria,https://en.wikipedia.org/wiki/Women_in_Algeria,Seed,0.0
society,Women in the Algerian War,https://en.wikipedia.org/wiki/Women_in_the_Algerian_War,Recommendation,0.0
society,Danièle Djamila Amrane-Minne,https://en.wikipedia.org/wiki/Dani%C3%A8le_Djamila_Amrane-Minne,Recommendation,0.0
society,Women in Morocco,https://en.wikipedia.org/wiki/Women_in_Morocco,Recommendation,0.0
society,Women in Albania,https://en.wikipedia.org/wiki/Women_in_Albania,Seed,0.0
society,Sevasti Qiriazi,https://en.wikipedia.org/wiki/Sevasti_Qiriazi,Recommendation,0.0
society,Parashqevi Qiriazi,https://en.wikipedia.org/wiki/Parashqevi_Qiriazi,Recommendation,0.0
society,Gruaja Shqiptare,https://en.wikipedia.org/wiki/Gruaja_Shqiptare,Recommendation,0.0
society,Palo (religion),https://en.wikipedia.org/wiki/Palo_%28religion%29,Seed,0.0
society,Abakuá,https://en.wikipedia.org/wiki/Abaku%C3%A1,Recommendation,0.14
society,Omiero,https://en.wikipedia.org/wiki/Omiero,Recommendation,0.0
society,Tambor (dance),https://en.wikipedia.org/wiki/Tambor_%28dance%29,Recommendation,0.0
society,The Autobiography of Malcolm X,https://en.wikipedia.org/wiki/The_Autobiography_of_Malcolm_X,Seed,0.14
society,Malcolm X,https://en.wikipedia.org/wiki/Malcolm_X,Recommendation,0.57
society,Alex Haley,https://en.wikipedia.org/wiki/Alex_Haley,Recommendation,0.14
society,Attallah Shabazz,https://en.wikipedia.org/wiki/Attallah_Shabazz,Recommendation,0.14
society,Karo people (Indonesia),https://en.wikipedia.org/wiki/Karo_people_%28Indonesia%29,Seed,0.0
society,North Sumatra,https://en.wikipedia.org/wiki/North_Sumatra,Recommendation,0.0
society,Berastagi,https://en.wikipedia.org/wiki/Berastagi,Recommendation,0.0
society,Tamil Indonesians,https://en.wikipedia.org/wiki/Tamil_Indonesians,Recommendation,0.0
society,Women's rights movement in Iran,https://en.wikipedia.org/wiki/Women%27s_rights_movement_in_Iran,Seed,0.0
society,Jam'iyat-e Nesvan-e Vatankhah,https://en.wikipedia.org/wiki/Jam%27iyat-e_Nesvan-e_Vatankhah,Recommendation,0.0
society,Parvin Ardalan,https://en.wikipedia.org/wiki/Parvin_Ardalan,Recommendation,0.0
society,Noushin Ahmadi Khorasani,https://en.wikipedia.org/wiki/Noushin_Ahmadi_Khorasani,Recommendation,0.0
society,Mud March (suffragists),https://en.wikipedia.org/wiki/Mud_March_%28suffragists%29,Seed,0.0
society,National Union of Women's Suffrage Societies,https://en.wikipedia.org/wiki/National_Union_of_Women%27s_Suffrage_Societies,Recommendation,0.0
society,Women's suffrage in the United Kingdom,https://en.wikipedia.org/wiki/Women%27s_suffrage_in_the_United_Kingdom,Recommendation,0.0
society,Millicent Fawcett,https://en.wikipedia.org/wiki/Millicent_Fawcett,Recommendation,0.0
society,Sámi Americans,https://en.wikipedia.org/wiki/S%C3%A1mi_Americans,Seed,0.0
society,Nordic and Scandinavian Americans,https://en.wikipedia.org/wiki/Nordic_and_Scandinavian_Americans,Recommendation,0.0
society,Samuel Balto,https://en.wikipedia.org/wiki/Samuel_Balto,Recommendation,0.0
society,Sámi people,https://en.wikipedia.org/wiki/S%C3%A1mi_people,Recommendation,0.86
society,Cirebon,https://en.wikipedia.org/wiki/Cirebon,Recommendation,0.14
society,Cirebon Regency,https://en.wikipedia.org/wiki/Cirebon_Regency,Recommendation,0.14
society,Sultanate of Cirebon,https://en.wikipedia.org/wiki/Sultanate_of_Cirebon,Recommendation,0.0
society,Birmingham campaign,https://en.wikipedia.org/wiki/Birmingham_campaign,Seed,0.0
society,Children's Crusade (1963),https://en.wikipedia.org/wiki/Children%27s_Crusade_%281963%29,Recommendation,0.14
society,Alabama Christian Movement for Human Rights,https://en.wikipedia.org/wiki/Alabama_Christian_Movement_for_Human_Rights,Recommendation,0.0
society,Southern Christian Leadership Conference,https://en.wikipedia.org/wiki/Southern_Christian_Leadership_Conference,Recommendation,0.0
society,Family planning in India,https://en.wikipedia.org/wiki/Family_planning_in_India,Seed,0.0
society,International Family Planning and Development,https://en.wikipedia.org/wiki/International_Family_Planning_and_Development,Recommendation,0.0
society,Family planning in Pakistan,https://en.wikipedia.org/wiki/Family_planning_in_Pakistan,Recommendation,0.0
society,Abortion in Cuba,https://en.wikipedia.org/wiki/Abortion_in_Cuba,Recommendation,0.0
society,Women in Italy,https://en.wikipedia.org/wiki/Women_in_Italy,Seed,0.0
society,Crime in Italy,https://en.wikipedia.org/wiki/Crime_in_Italy,Recommendation,0.14
society,Women in Belgium,https://en.wikipedia.org/wiki/Women_in_Belgium,Recommendation,0.0
society,Marocchinate,https://en.wikipedia.org/wiki/Marocchinate,Recommendation,0.14
society,Feminism in Italy,https://en.wikipedia.org/wiki/Feminism_in_Italy,Seed,0.0
society,Clara González,https://en.wikipedia.org/wiki/Clara_Gonz%C3%A1lez,Recommendation,0.0
society,Feminism in the Netherlands,https://en.wikipedia.org/wiki/Feminism_in_the_Netherlands,Recommendation,0.0
society,Feminism in Germany,https://en.wikipedia.org/wiki/Feminism_in_Germany,Recommendation,0.0
society,German Guatemalan,https://en.wikipedia.org/wiki/German_Guatemalan,Seed,0.0
society,Immigration to Guatemala,https://en.wikipedia.org/wiki/Immigration_to_Guatemala,Recommendation,0.0
society,Germany–Guatemala relations,https://en.wikipedia.org/wiki/Germany%E2%80%93Guatemala_relations,Recommendation,0.0
society,Cobán,https://en.wikipedia.org/wiki/Cob%C3%A1n,Recommendation,0.0
society,Horse pain caused by the bit,https://en.wikipedia.org/wiki/Horse_pain_caused_by_the_bit,Seed,0.0
society,Horse teeth,https://en.wikipedia.org/wiki/Horse_teeth,Recommendation,0.0
society,Bit (horse),https://en.wikipedia.org/wiki/Bit_%28horse%29,Recommendation,0.0
society,Veterinary dentistry,https://en.wikipedia.org/wiki/Veterinary_dentistry,Recommendation,0.0
society,Santería,https://en.wikipedia.org/wiki/Santer%C3%ADa,Seed,0.0
society,Initiation in Santería,https://en.wikipedia.org/wiki/Initiation_in_Santer%C3%ADa,Recommendation,0.0
society,History of Santería,https://en.wikipedia.org/wiki/History_of_Santer%C3%ADa,Recommendation,0.0
society,Ifá,https://en.wikipedia.org/wiki/If%C3%A1,Recommendation,0.0
society,Women in Egypt,https://en.wikipedia.org/wiki/Women_in_Egypt,Seed,0.0
society,Gender inequality in Egypt,https://en.wikipedia.org/wiki/Gender_inequality_in_Egypt,Recommendation,0.0
society,Legal rights of women in history,https://en.wikipedia.org/wiki/Legal_rights_of_women_in_history,Recommendation,0.0
society,Women in Islam,https://en.wikipedia.org/wiki/Women_in_Islam,Recommendation,0.0
society,Gender roles in post-communist Central and Eastern Europe,https://en.wikipedia.org/wiki/Gender_roles_in_post-communist_Central_and_Eastern_Europe,Seed,0.0
society,Kristen Ghodsee,https://en.wikipedia.org/wiki/Kristen_Ghodsee,Recommendation,0.0
society,Post-communism,https://en.wikipedia.org/wiki/Post-communism,Recommendation,0.71
society,Women in Bulgaria,https://en.wikipedia.org/wiki/Women_in_Bulgaria,Recommendation,0.0
society,Lemovices,https://en.wikipedia.org/wiki/Lemovices,Seed,0.0
society,Lemovices (Armorica),https://en.wikipedia.org/wiki/Lemovices_%28Armorica%29,Recommendation,0.0
society,Sedullos,https://en.wikipedia.org/wiki/Sedullos,Recommendation,0.0
society,Arverni,https://en.wikipedia.org/wiki/Arverni,Recommendation,0.0
society,Nervii,https://en.wikipedia.org/wiki/Nervii,Seed,0.0
society,Menapii,https://en.wikipedia.org/wiki/Menapii,Recommendation,0.0
society,Belgae,https://en.wikipedia.org/wiki/Belgae,Recommendation,0.0
society,Morini,https://en.wikipedia.org/wiki/Morini,Recommendation,0.0
society,Jigme Gyatso,https://en.wikipedia.org/wiki/Jigme_Gyatso,Recommendation,0.0
society,Leaving Fear Behind,https://en.wikipedia.org/wiki/Leaving_Fear_Behind,Recommendation,0.0
society,Jigme Gyatso (Tibetan independence activist),https://en.wikipedia.org/wiki/Jigme_Gyatso_%28Tibetan_independence_activist%29,Recommendation,0.0
society,Sequani,https://en.wikipedia.org/wiki/Sequani,Seed,0.14
society,Battle of Magetobriga,https://en.wikipedia.org/wiki/Battle_of_Magetobriga,Recommendation,0.0
society,Aedui,https://en.wikipedia.org/wiki/Aedui,Recommendation,0.0
society,Ariovistus,https://en.wikipedia.org/wiki/Ariovistus,Recommendation,0.0
society,Crime drop,https://en.wikipedia.org/wiki/Crime_drop,Seed,0.0
society,Lead–crime hypothesis,https://en.wikipedia.org/wiki/Lead%E2%80%93crime_hypothesis,Recommendation,0.0
society,Legalized abortion and crime effect,https://en.wikipedia.org/wiki/Legalized_abortion_and_crime_effect,Recommendation,0.0
society,Crime in Brazil,https://en.wikipedia.org/wiki/Crime_in_Brazil,Recommendation,0.14
society,Zaramo people,https://en.wikipedia.org/wiki/Zaramo_people,Seed,0.0
society,Gogo people,https://en.wikipedia.org/wiki/Gogo_people,Recommendation,0.0
society,Kamba War,https://en.wikipedia.org/wiki/Kamba_War,Recommendation,0.0
society,Zaramo language,https://en.wikipedia.org/wiki/Zaramo_language,Recommendation,0.0
society,Bilala people,https://en.wikipedia.org/wiki/Bilala_people,Seed,0.0
society,Bilala dynasty,https://en.wikipedia.org/wiki/Bilala_dynasty,Recommendation,0.0
society,Dawud Nikalemi,https://en.wikipedia.org/wiki/Dawud_Nikalemi,Recommendation,0.0
society,Sa'id of Bornu,https://en.wikipedia.org/wiki/Sa%27id_of_Bornu,Recommendation,0.0
society,Mary Ritter Beard,https://en.wikipedia.org/wiki/Mary_Ritter_Beard,Seed,0.0
society,Charles and Mary Beard,https://en.wikipedia.org/wiki/Charles_and_Mary_Beard,Recommendation,0.0
society,The Woman Voter,https://en.wikipedia.org/wiki/The_Woman_Voter,Recommendation,0.0
society,Social feminism,https://en.wikipedia.org/wiki/Social_feminism,Recommendation,0.0
society,Kahina Bahloul,https://en.wikipedia.org/wiki/Kahina_Bahloul,Seed,0.0
society,Islamic feminism,https://en.wikipedia.org/wiki/Islamic_feminism,Recommendation,0.0
society,Fatema Mernissi,https://en.wikipedia.org/wiki/Fatema_Mernissi,Recommendation,0.0
society,Holiest sites in Islam,https://en.wikipedia.org/wiki/Holiest_sites_in_Islam,Recommendation,0.57
transportation,Hellingly Hospital Railway,https://en.wikipedia.org/wiki/Hellingly_Hospital_Railway,Seed,0.0
transportation,Hellingly railway station,https://en.wikipedia.org/wiki/Hellingly_railway_station,Recommendation,0.0
transportation,Cuckoo Line,https://en.wikipedia.org/wiki/Cuckoo_Line,Recommendation,0.0
transportation,Hellingly Hospital,https://en.wikipedia.org/wiki/Hellingly_Hospital,Recommendation,0.0
transportation,Wiweko Soepono,https://en.wikipedia.org/wiki/Wiweko_Soepono,Seed,0.0
transportation,Merpati Nusantara Airlines,https://en.wikipedia.org/wiki/Merpati_Nusantara_Airlines,Recommendation,0.29
transportation,Garuda Indonesia Flight 152,https://en.wikipedia.org/wiki/Garuda_Indonesia_Flight_152,Recommendation,0.0
transportation,Airbus A300,https://en.wikipedia.org/wiki/Airbus_A300,Recommendation,0.0
transportation,SR Leader class,https://en.wikipedia.org/wiki/SR_Leader_class,Seed,0.0
transportation,CIÉ No. CC1,https://en.wikipedia.org/wiki/CI%C3%89_No._CC1,Recommendation,0.0
transportation,Steam locomotive,https://en.wikipedia.org/wiki/Steam_locomotive,Recommendation,0.14
transportation,LSWR D15 class,https://en.wikipedia.org/wiki/LSWR_D15_class,Recommendation,0.0
transportation,Boeing 777,https://en.wikipedia.org/wiki/Boeing_777,Seed,0.14
transportation,General Electric GE90,https://en.wikipedia.org/wiki/General_Electric_GE90,Recommendation,0.0
transportation,Wide-body aircraft,https://en.wikipedia.org/wiki/Wide-body_aircraft,Recommendation,0.0
transportation,Boeing 777X,https://en.wikipedia.org/wiki/Boeing_777X,Recommendation,0.0
transportation,Duilio-class ironclad,https://en.wikipedia.org/wiki/Duilio-class_ironclad,Seed,0.0
transportation,Italian ironclad Enrico Dandolo,https://en.wikipedia.org/wiki/Italian_ironclad_Enrico_Dandolo,Recommendation,0.14
transportation,Italian ironclad Duilio,https://en.wikipedia.org/wiki/Italian_ironclad_Duilio,Recommendation,0.14
transportation,Italian ironclad Italia,https://en.wikipedia.org/wiki/Italian_ironclad_Italia,Recommendation,0.14
transportation,SECR K and SR K1 classes,https://en.wikipedia.org/wiki/SECR_K_and_SR_K1_classes,Seed,0.0
transportation,SR U1 class,https://en.wikipedia.org/wiki/SR_U1_class,Recommendation,0.0
transportation,SR W class,https://en.wikipedia.org/wiki/SR_W_class,Recommendation,0.0
transportation,LB&SCR B4 class,https://en.wikipedia.org/wiki/LB%26SCR_B4_class,Recommendation,0.0
transportation,Tunnel Railway,https://en.wikipedia.org/wiki/Tunnel_Railway,Seed,0.0
transportation,Dumpton Park railway station,https://en.wikipedia.org/wiki/Dumpton_Park_railway_station,Recommendation,0.0
transportation,Ramsgate railway station,https://en.wikipedia.org/wiki/Ramsgate_railway_station,Recommendation,0.0
transportation,Broadstairs railway station,https://en.wikipedia.org/wiki/Broadstairs_railway_station,Recommendation,0.0
transportation,SM U-70,https://en.wikipedia.org/wiki/SM_U-70,Seed,0.0
transportation,SM UB-16,https://en.wikipedia.org/wiki/SM_UB-16,Recommendation,0.0
transportation,SM UB-6,https://en.wikipedia.org/wiki/SM_UB-6,Recommendation,0.0
transportation,Type U 66 submarine,https://en.wikipedia.org/wiki/Type_U_66_submarine,Recommendation,0.0
transportation,Boeing 757,https://en.wikipedia.org/wiki/Boeing_757,Seed,0.0
transportation,Boeing 767,https://en.wikipedia.org/wiki/Boeing_767,Recommendation,0.71
transportation,UPS Airlines,https://en.wikipedia.org/wiki/UPS_Airlines,Recommendation,0.0
transportation,DHL Aviation,https://en.wikipedia.org/wiki/DHL_Aviation,Recommendation,0.0
transportation,Rogožarski IK-3,https://en.wikipedia.org/wiki/Rogo%C5%BEarski_IK-3,Seed,0.14
transportation,Ikarus IK-2,https://en.wikipedia.org/wiki/Ikarus_IK-2,Recommendation,0.0
transportation,Messerschmitt Bf 109 in Yugoslav service,https://en.wikipedia.org/wiki/Messerschmitt_Bf_109_in_Yugoslav_service,Recommendation,0.0
transportation,SM U-1 (Austria-Hungary),https://en.wikipedia.org/wiki/SM_U-1_%28Austria-Hungary%29,Seed,0.0
transportation,SM U-2 (Austria-Hungary),https://en.wikipedia.org/wiki/SM_U-2_%28Austria-Hungary%29,Recommendation,0.0
transportation,U-1-class submarine (Austria-Hungary),https://en.wikipedia.org/wiki/U-1-class_submarine_%28Austria-Hungary%29,Recommendation,0.29
transportation,Austro-Hungarian U-boat classes,https://en.wikipedia.org/wiki/Austro-Hungarian_U-boat_classes,Recommendation,0.0
transportation,SECR N class,https://en.wikipedia.org/wiki/SECR_N_class,Seed,0.14
transportation,SECR N1 class,https://en.wikipedia.org/wiki/SECR_N1_class,Recommendation,0.0
transportation,SR U class,https://en.wikipedia.org/wiki/SR_U_class,Recommendation,0.0
transportation,SR Z class,https://en.wikipedia.org/wiki/SR_Z_class,Recommendation,0.0
transportation,Rockdale railway station,https://en.wikipedia.org/wiki/Rockdale_railway_station,Seed,0.0
transportation,Arncliffe railway station,https://en.wikipedia.org/wiki/Arncliffe_railway_station,Recommendation,0.0
transportation,St Peters railway station,https://en.wikipedia.org/wiki/St_Peters_railway_station,Recommendation,0.0
transportation,"Sydenham railway station, Sydney",https://en.wikipedia.org/wiki/Sydenham_railway_station%2C_Sydney,Recommendation,0.0
transportation,Barcelona–Vallès Line,https://en.wikipedia.org/wiki/Barcelona%E2%80%93Vall%C3%A8s_Line,Seed,0.29
transportation,Vallvidrera Funicular,https://en.wikipedia.org/wiki/Vallvidrera_Funicular,Recommendation,0.0
transportation,Sant Cugat (Barcelona–Vallès Line),https://en.wikipedia.org/wiki/Sant_Cugat_%28Barcelona%E2%80%93Vall%C3%A8s_Line%29,Recommendation,0.0
transportation,Terrassa Rambla (Barcelona–Vallès Line),https://en.wikipedia.org/wiki/Terrassa_Rambla_%28Barcelona%E2%80%93Vall%C3%A8s_Line%29,Recommendation,0.0
transportation,SR Merchant Navy class,https://en.wikipedia.org/wiki/SR_Merchant_Navy_class,Seed,0.0
transportation,SR Merchant Navy Class 35018 British India Line,https://en.wikipedia.org/wiki/SR_Merchant_Navy_Class_35018_British_India_Line,Recommendation,0.0
transportation,SR Merchant Navy Class 35006 Peninsular & Oriental S. N. Co.,https://en.wikipedia.org/wiki/SR_Merchant_Navy_Class_35006_Peninsular_%26_Oriental_S._N._Co.,Recommendation,0.0
transportation,Bulleid chain-driven valve gear,https://en.wikipedia.org/wiki/Bulleid_chain-driven_valve_gear,Recommendation,0.0
transportation,John Bull (locomotive),https://en.wikipedia.org/wiki/John_Bull_%28locomotive%29,Seed,0.0
transportation,Pennsylvania Railroad class G5,https://en.wikipedia.org/wiki/Pennsylvania_Railroad_class_G5,Recommendation,0.0
transportation,Pennsylvania Railroad 1737,https://en.wikipedia.org/wiki/Pennsylvania_Railroad_1737,Recommendation,0.0
transportation,Pennsylvania Railroad class K4,https://en.wikipedia.org/wiki/Pennsylvania_Railroad_class_K4,Recommendation,0.0
transportation,"Union Station (Burlington, Vermont)",https://en.wikipedia.org/wiki/Union_Station_%28Burlington%2C_Vermont%29,Seed,0.0
transportation,Bellows Falls station,https://en.wikipedia.org/wiki/Bellows_Falls_station,Recommendation,0.0
transportation,Ethan Allen Express,https://en.wikipedia.org/wiki/Ethan_Allen_Express,Recommendation,0.0
transportation,Rouses Point station,https://en.wikipedia.org/wiki/Rouses_Point_station,Recommendation,0.0
transportation,Development of the Commercial Crew Program,https://en.wikipedia.org/wiki/Development_of_the_Commercial_Crew_Program,Seed,0.0
transportation,Commercial Crew Program,https://en.wikipedia.org/wiki/Commercial_Crew_Program,Recommendation,0.43
transportation,Boeing Starliner,https://en.wikipedia.org/wiki/Boeing_Starliner,Recommendation,0.0
transportation,Boeing Orbital Flight Test 2,https://en.wikipedia.org/wiki/Boeing_Orbital_Flight_Test_2,Recommendation,0.0
transportation,Montana-class battleship,https://en.wikipedia.org/wiki/Montana-class_battleship,Seed,0.0
transportation,USS Illinois (BB-65),https://en.wikipedia.org/wiki/USS_Illinois_%28BB-65%29,Recommendation,0.0
transportation,Iowa-class battleship,https://en.wikipedia.org/wiki/Iowa-class_battleship,Recommendation,0.0
transportation,South Dakota-class battleship (1939),https://en.wikipedia.org/wiki/South_Dakota-class_battleship_%281939%29,Recommendation,0.0
transportation,Underground Electric Railways Company of London,https://en.wikipedia.org/wiki/Underground_Electric_Railways_Company_of_London,Seed,0.0
transportation,"Great Northern, Piccadilly and Brompton Railway",https://en.wikipedia.org/wiki/Great_Northern%2C_Piccadilly_and_Brompton_Railway,Recommendation,0.0
transportation,Baker Street and Waterloo Railway,https://en.wikipedia.org/wiki/Baker_Street_and_Waterloo_Railway,Recommendation,0.0
transportation,"Piccadilly, City and North East London Railway",https://en.wikipedia.org/wiki/Piccadilly%2C_City_and_North_East_London_Railway,Recommendation,0.0
transportation,Dresden-Neustadt station,https://en.wikipedia.org/wiki/Dresden-Neustadt_station,Seed,0.0
transportation,Dresden Mitte station,https://en.wikipedia.org/wiki/Dresden_Mitte_station,Recommendation,0.0
transportation,Dresden Hauptbahnhof,https://en.wikipedia.org/wiki/Dresden_Hauptbahnhof,Recommendation,0.0
transportation,Dresden Leipzig railway station,https://en.wikipedia.org/wiki/Dresden_Leipzig_railway_station,Recommendation,0.0
transportation,Boeing 747,https://en.wikipedia.org/wiki/Boeing_747,Seed,0.43
transportation,Boeing 747 operational history,https://en.wikipedia.org/wiki/Boeing_747_operational_history,Recommendation,0.0
transportation,Boeing 747SP,https://en.wikipedia.org/wiki/Boeing_747SP,Recommendation,0.0
transportation,Boeing 747-400,https://en.wikipedia.org/wiki/Boeing_747-400,Recommendation,0.0
transportation,Peresvet-class battleship,https://en.wikipedia.org/wiki/Peresvet-class_battleship,Seed,0.0
transportation,Russian battleship Borodino,https://en.wikipedia.org/wiki/Russian_battleship_Borodino,Recommendation,0.0
transportation,Russian battleship Navarin,https://en.wikipedia.org/wiki/Russian_battleship_Navarin,Recommendation,0.0
transportation,Russian battleship Tsesarevich,https://en.wikipedia.org/wiki/Russian_battleship_Tsesarevich,Recommendation,0.0
transportation,Route 128 station,https://en.wikipedia.org/wiki/Route_128_station,Seed,0.0
transportation,Dedham Corporate Center station,https://en.wikipedia.org/wiki/Dedham_Corporate_Center_station,Recommendation,0.0
transportation,Readville station,https://en.wikipedia.org/wiki/Readville_station,Recommendation,0.0
transportation,Forge Park/495 station,https://en.wikipedia.org/wiki/Forge_Park/495_station,Recommendation,0.0
transportation,Helgoland-class battleship,https://en.wikipedia.org/wiki/Helgoland-class_battleship,Seed,0.0
transportation,SMS Thüringen,https://en.wikipedia.org/wiki/SMS_Th%C3%BCringen,Recommendation,0.29
transportation,SMS Oldenburg (1910),https://en.wikipedia.org/wiki/SMS_Oldenburg_%281910%29,Recommendation,0.14
transportation,SMS Ostfriesland,https://en.wikipedia.org/wiki/SMS_Ostfriesland,Recommendation,0.14
transportation,SM U-66,https://en.wikipedia.org/wiki/SM_U-66,Seed,0.0
transportation,SM UB-10,https://en.wikipedia.org/wiki/SM_UB-10,Recommendation,0.0
transportation,SM UB-47,https://en.wikipedia.org/wiki/SM_UB-47,Recommendation,0.0
transportation,SM UB-12,https://en.wikipedia.org/wiki/SM_UB-12,Recommendation,0.0
transportation,Panther-class cruiser,https://en.wikipedia.org/wiki/Panther-class_cruiser,Seed,0.0
transportation,SMS Leopard (1885),https://en.wikipedia.org/wiki/SMS_Leopard_%281885%29,Recommendation,0.14
transportation,SMS Panther (1885),https://en.wikipedia.org/wiki/SMS_Panther_%281885%29,Recommendation,0.14
transportation,SMS Tiger (1887),https://en.wikipedia.org/wiki/SMS_Tiger_%281887%29,Recommendation,0.14
transportation,SR West Country and Battle of Britain classes,https://en.wikipedia.org/wiki/SR_West_Country_and_Battle_of_Britain_classes,Seed,0.0
transportation,SR Q1 class,https://en.wikipedia.org/wiki/SR_Q1_class,Recommendation,0.0
transportation,Locomotives of the Southern Railway (UK),https://en.wikipedia.org/wiki/Locomotives_of_the_Southern_Railway_%28UK%29,Recommendation,0.0
transportation,Brighton railway works,https://en.wikipedia.org/wiki/Brighton_railway_works,Recommendation,0.0
transportation,Turboliner,https://en.wikipedia.org/wiki/Turboliner,Seed,0.0
transportation,Amfleet,https://en.wikipedia.org/wiki/Amfleet,Recommendation,0.0
transportation,Twilight Limited,https://en.wikipedia.org/wiki/Twilight_Limited,Recommendation,0.0
transportation,Wolverine (train),https://en.wikipedia.org/wiki/Wolverine_%28train%29,Recommendation,0.0
transportation,Yugoslav submarine Hrabri,https://en.wikipedia.org/wiki/Yugoslav_submarine_Hrabri,Seed,0.0
transportation,Hrabri-class submarine,https://en.wikipedia.org/wiki/Hrabri-class_submarine,Recommendation,0.0
transportation,Yugoslav submarine Osvetnik,https://en.wikipedia.org/wiki/Yugoslav_submarine_Osvetnik,Recommendation,0.0
transportation,Yugoslav submarine Smeli,https://en.wikipedia.org/wiki/Yugoslav_submarine_Smeli,Recommendation,0.0
transportation,USS Kearsarge (BB-5),https://en.wikipedia.org/wiki/USS_Kearsarge_%28BB-5%29,Seed,0.0
transportation,Kearsarge-class battleship,https://en.wikipedia.org/wiki/Kearsarge-class_battleship,Recommendation,0.0
transportation,USS Massachusetts (BB-2),https://en.wikipedia.org/wiki/USS_Massachusetts_%28BB-2%29,Recommendation,0.0
transportation,USS Texas (1892),https://en.wikipedia.org/wiki/USS_Texas_%281892%29,Recommendation,0.0
transportation,Hastings line,https://en.wikipedia.org/wiki/Hastings_line,Seed,0.0
transportation,South Eastern Main Line,https://en.wikipedia.org/wiki/South_Eastern_Main_Line,Recommendation,0.0
transportation,Tunbridge Wells railway station,https://en.wikipedia.org/wiki/Tunbridge_Wells_railway_station,Recommendation,0.0
transportation,Tonbridge railway station,https://en.wikipedia.org/wiki/Tonbridge_railway_station,Recommendation,0.0
transportation,SOLRAD 1,https://en.wikipedia.org/wiki/SOLRAD_1,Seed,0.0
transportation,SOLRAD 2,https://en.wikipedia.org/wiki/SOLRAD_2,Recommendation,0.0
transportation,Galactic Radiation and Background,https://en.wikipedia.org/wiki/Galactic_Radiation_and_Background,Recommendation,0.0
transportation,SOLRAD 4B,https://en.wikipedia.org/wiki/SOLRAD_4B,Recommendation,0.0
transportation,Russian battleship Pobeda,https://en.wikipedia.org/wiki/Russian_battleship_Pobeda,Seed,0.14
transportation,Russian battleship Petropavlovsk (1894),https://en.wikipedia.org/wiki/Russian_battleship_Petropavlovsk_%281894%29,Recommendation,0.0
transportation,Battle of the Yellow Sea,https://en.wikipedia.org/wiki/Battle_of_the_Yellow_Sea,Recommendation,0.0
transportation,Wilgelm Vitgeft,https://en.wikipedia.org/wiki/Wilgelm_Vitgeft,Recommendation,0.29
transportation,Westcott railway station,https://en.wikipedia.org/wiki/Westcott_railway_station,Seed,0.0
transportation,Brill railway station,https://en.wikipedia.org/wiki/Brill_railway_station,Recommendation,0.0
transportation,Quainton Road railway station,https://en.wikipedia.org/wiki/Quainton_Road_railway_station,Recommendation,0.0
transportation,Infrastructure of the Brill Tramway,https://en.wikipedia.org/wiki/Infrastructure_of_the_Brill_Tramway,Recommendation,0.0
transportation,USS Jacob Jones (DD-61),https://en.wikipedia.org/wiki/USS_Jacob_Jones_%28DD-61%29,Seed,0.0
transportation,USS Conyngham (DD-58),https://en.wikipedia.org/wiki/USS_Conyngham_%28DD-58%29,Recommendation,0.0
transportation,USS Winslow (DD-53),https://en.wikipedia.org/wiki/USS_Winslow_%28DD-53%29,Recommendation,0.0
transportation,USS Ericsson (DD-56),https://en.wikipedia.org/wiki/USS_Ericsson_%28DD-56%29,Recommendation,0.0
transportation,Rhea Seddon,https://en.wikipedia.org/wiki/Rhea_Seddon,Seed,0.0
transportation,Anna Lee Fisher,https://en.wikipedia.org/wiki/Anna_Lee_Fisher,Recommendation,0.0
transportation,STS-58,https://en.wikipedia.org/wiki/STS-58,Recommendation,0.0
transportation,NASA Astronaut Group 7,https://en.wikipedia.org/wiki/NASA_Astronaut_Group_7,Recommendation,0.0
transportation,Waddesdon Road railway station,https://en.wikipedia.org/wiki/Waddesdon_Road_railway_station,Seed,0.0
transportation,Wood Siding railway station,https://en.wikipedia.org/wiki/Wood_Siding_railway_station,Recommendation,0.0
transportation,Wotton railway station (Brill Tramway),https://en.wikipedia.org/wiki/Wotton_railway_station_%28Brill_Tramway%29,Recommendation,0.0
transportation,Verney Junction railway station,https://en.wikipedia.org/wiki/Verney_Junction_railway_station,Recommendation,0.0
transportation,LSWR N15 class,https://en.wikipedia.org/wiki/LSWR_N15_class,Seed,0.0
transportation,LSWR H15 class,https://en.wikipedia.org/wiki/LSWR_H15_class,Recommendation,0.0
transportation,LSWR S15 class,https://en.wikipedia.org/wiki/LSWR_S15_class,Recommendation,0.0
transportation,SR N15X class,https://en.wikipedia.org/wiki/SR_N15X_class,Recommendation,0.0
transportation,Roon-class cruiser,https://en.wikipedia.org/wiki/Roon-class_cruiser,Seed,0.0
transportation,SMS Roon,https://en.wikipedia.org/wiki/SMS_Roon,Recommendation,0.14
transportation,SMS Yorck,https://en.wikipedia.org/wiki/SMS_Yorck,Recommendation,0.14
transportation,Prinz Adalbert-class cruiser,https://en.wikipedia.org/wiki/Prinz_Adalbert-class_cruiser,Recommendation,0.0
transportation,Metropolitan Railway,https://en.wikipedia.org/wiki/Metropolitan_Railway,Seed,0.0
transportation,District Railway,https://en.wikipedia.org/wiki/District_Railway,Recommendation,0.0
transportation,Metropolitan line (1933–1988),https://en.wikipedia.org/wiki/Metropolitan_line_%281933%E2%80%931988%29,Recommendation,0.0
transportation,Widened Lines,https://en.wikipedia.org/wiki/Widened_Lines,Recommendation,0.0
transportation,Herne Hill railway station,https://en.wikipedia.org/wiki/Herne_Hill_railway_station,Seed,0.0
transportation,Holborn Viaduct–Herne Hill line,https://en.wikipedia.org/wiki/Holborn_Viaduct%E2%80%93Herne_Hill_line,Recommendation,0.0
transportation,Loughborough Junction railway station,https://en.wikipedia.org/wiki/Loughborough_Junction_railway_station,Recommendation,0.0
transportation,Peckham Rye railway station,https://en.wikipedia.org/wiki/Peckham_Rye_railway_station,Recommendation,0.0
transportation,USS Connecticut (BB-18),https://en.wikipedia.org/wiki/USS_Connecticut_%28BB-18%29,Seed,0.0
transportation,USS Kentucky (BB-6),https://en.wikipedia.org/wiki/USS_Kentucky_%28BB-6%29,Recommendation,0.0
transportation,USS Maine (BB-10),https://en.wikipedia.org/wiki/USS_Maine_%28BB-10%29,Recommendation,0.0
transportation,USS Kansas (BB-21),https://en.wikipedia.org/wiki/USS_Kansas_%28BB-21%29,Recommendation,0.0
transportation,Kaiser Friedrich III-class battleship,https://en.wikipedia.org/wiki/Kaiser_Friedrich_III-class_battleship,Seed,0.0
transportation,SMS Friedrich der Grosse (1874),https://en.wikipedia.org/wiki/SMS_Friedrich_der_Grosse_%281874%29,Recommendation,0.14
transportation,SMS Kaiser Friedrich III,https://en.wikipedia.org/wiki/SMS_Kaiser_Friedrich_III,Recommendation,0.14
transportation,SMS Kaiser Wilhelm der Grosse,https://en.wikipedia.org/wiki/SMS_Kaiser_Wilhelm_der_Grosse,Recommendation,0.14
transportation,Kontio (icebreaker),https://en.wikipedia.org/wiki/Kontio_%28icebreaker%29,Seed,0.0
transportation,Otso (icebreaker),https://en.wikipedia.org/wiki/Otso_%28icebreaker%29,Recommendation,0.0
transportation,Voima (1952 icebreaker),https://en.wikipedia.org/wiki/Voima_%281952_icebreaker%29,Recommendation,0.0
transportation,Polaris (icebreaker),https://en.wikipedia.org/wiki/Polaris_%28icebreaker%29,Recommendation,0.0
transportation,Japanese aircraft carrier Hiyō,https://en.wikipedia.org/wiki/Japanese_aircraft_carrier_Hiy%C5%8D,Seed,0.0
transportation,Japanese aircraft carrier Jun'yō,https://en.wikipedia.org/wiki/Japanese_aircraft_carrier_Jun%27y%C5%8D,Recommendation,0.14
transportation,Hiyō-class aircraft carrier,https://en.wikipedia.org/wiki/Hiy%C5%8D-class_aircraft_carrier,Recommendation,0.0
transportation,Japanese aircraft carrier Zuihō,https://en.wikipedia.org/wiki/Japanese_aircraft_carrier_Zuih%C5%8D,Recommendation,0.0
transportation,Yugoslav submarine Nebojša,https://en.wikipedia.org/wiki/Yugoslav_submarine_Neboj%C5%A1a,Seed,0.0
transportation,Osvetnik-class submarine,https://en.wikipedia.org/wiki/Osvetnik-class_submarine,Recommendation,0.0
transportation,Royal Yugoslav Navy,https://en.wikipedia.org/wiki/Royal_Yugoslav_Navy,Recommendation,0.57
transportation,Uskok-class torpedo boat,https://en.wikipedia.org/wiki/Uskok-class_torpedo_boat,Recommendation,0.0
transportation,Russian battleship Oslyabya,https://en.wikipedia.org/wiki/Russian_battleship_Oslyabya,Seed,0.0
transportation,Russian battleship Knyaz Suvorov,https://en.wikipedia.org/wiki/Russian_battleship_Knyaz_Suvorov,Recommendation,0.0
transportation,Russian battleship Oryol,https://en.wikipedia.org/wiki/Russian_battleship_Oryol,Recommendation,0.0
transportation,Borodino-class battleship,https://en.wikipedia.org/wiki/Borodino-class_battleship,Recommendation,0.0
transportation,Edmonds station (Washington),https://en.wikipedia.org/wiki/Edmonds_station_%28Washington%29,Seed,0.0
transportation,Sounder commuter rail,https://en.wikipedia.org/wiki/Sounder_commuter_rail,Recommendation,0.14
transportation,Everett Station,https://en.wikipedia.org/wiki/Everett_Station,Recommendation,0.14
transportation,Stanwood station,https://en.wikipedia.org/wiki/Stanwood_station,Recommendation,0.0
transportation,Japanese cruiser Azuma,https://en.wikipedia.org/wiki/Japanese_cruiser_Azuma,Seed,0.0
transportation,Japanese cruiser Iwate,https://en.wikipedia.org/wiki/Japanese_cruiser_Iwate,Recommendation,0.0
transportation,Japanese cruiser Tokiwa,https://en.wikipedia.org/wiki/Japanese_cruiser_Tokiwa,Recommendation,0.0
transportation,Japanese cruiser Izumo,https://en.wikipedia.org/wiki/Japanese_cruiser_Izumo,Recommendation,0.0
biology,Northern pintail,https://en.wikipedia.org/wiki/Northern_pintail,Seed,0.0
biology,White-cheeked pintail,https://en.wikipedia.org/wiki/White-cheeked_pintail,Recommendation,0.0
biology,American wigeon,https://en.wikipedia.org/wiki/American_wigeon,Recommendation,0.0
biology,Gadwall,https://en.wikipedia.org/wiki/Gadwall,Recommendation,0.0
biology,Killdeer,https://en.wikipedia.org/wiki/Killdeer,Seed,0.0
biology,Western snowy plover,https://en.wikipedia.org/wiki/Western_snowy_plover,Recommendation,0.0
biology,Kittlitz's plover,https://en.wikipedia.org/wiki/Kittlitz%27s_plover,Recommendation,0.0
biology,Javan plover,https://en.wikipedia.org/wiki/Javan_plover,Recommendation,0.0
biology,Great spotted woodpecker,https://en.wikipedia.org/wiki/Great_spotted_woodpecker,Seed,0.0
biology,Lesser spotted woodpecker,https://en.wikipedia.org/wiki/Lesser_spotted_woodpecker,Recommendation,0.0
biology,Middle spotted woodpecker,https://en.wikipedia.org/wiki/Middle_spotted_woodpecker,Recommendation,0.0
biology,White-backed woodpecker,https://en.wikipedia.org/wiki/White-backed_woodpecker,Recommendation,0.0
biology,Macaroni penguin,https://en.wikipedia.org/wiki/Macaroni_penguin,Seed,0.14
biology,Royal penguin,https://en.wikipedia.org/wiki/Royal_penguin,Recommendation,0.0
biology,Eastern rockhopper penguin,https://en.wikipedia.org/wiki/Eastern_rockhopper_penguin,Recommendation,0.0
biology,Western rockhopper penguin,https://en.wikipedia.org/wiki/Western_rockhopper_penguin,Recommendation,0.0
biology,Smooth newt,https://en.wikipedia.org/wiki/Smooth_newt,Seed,0.0
biology,Lissotriton,https://en.wikipedia.org/wiki/Lissotriton,Recommendation,0.0
biology,Northern crested newt,https://en.wikipedia.org/wiki/Northern_crested_newt,Recommendation,0.0
biology,Schmidtler's smooth newt,https://en.wikipedia.org/wiki/Schmidtler%27s_smooth_newt,Recommendation,0.0
biology,Black-throated loon,https://en.wikipedia.org/wiki/Black-throated_loon,Seed,0.0
biology,Pacific loon,https://en.wikipedia.org/wiki/Pacific_loon,Recommendation,0.0
biology,Yellow-billed loon,https://en.wikipedia.org/wiki/Yellow-billed_loon,Recommendation,0.0
biology,Red-throated loon,https://en.wikipedia.org/wiki/Red-throated_loon,Recommendation,0.0
biology,Water pipit,https://en.wikipedia.org/wiki/Water_pipit,Seed,0.0
biology,European rock pipit,https://en.wikipedia.org/wiki/European_rock_pipit,Recommendation,0.0
biology,American pipit,https://en.wikipedia.org/wiki/American_pipit,Recommendation,0.0
biology,Yellowish pipit,https://en.wikipedia.org/wiki/Yellowish_pipit,Recommendation,0.0
biology,Black-shouldered kite,https://en.wikipedia.org/wiki/Black-shouldered_kite,Seed,0.0
biology,Letter-winged kite,https://en.wikipedia.org/wiki/Letter-winged_kite,Recommendation,0.0
biology,White-tailed kite,https://en.wikipedia.org/wiki/White-tailed_kite,Recommendation,0.0
biology,Square-tailed kite,https://en.wikipedia.org/wiki/Square-tailed_kite,Recommendation,0.14
biology,Pallas's leaf warbler,https://en.wikipedia.org/wiki/Pallas%27s_leaf_warbler,Seed,0.0
biology,Gansu leaf warbler,https://en.wikipedia.org/wiki/Gansu_leaf_warbler,Recommendation,0.0
biology,Yellow-browed warbler,https://en.wikipedia.org/wiki/Yellow-browed_warbler,Recommendation,0.0
biology,Leaf warbler,https://en.wikipedia.org/wiki/Leaf_warbler,Recommendation,0.0
biology,Queen angelfish,https://en.wikipedia.org/wiki/Queen_angelfish,Seed,0.0
biology,Holacanthus bermudensis,https://en.wikipedia.org/wiki/Holacanthus_bermudensis,Recommendation,0.0
biology,Holacanthus passer,https://en.wikipedia.org/wiki/Holacanthus_passer,Recommendation,0.0
biology,Pomacanthidae,https://en.wikipedia.org/wiki/Pomacanthidae,Recommendation,0.0
biology,Zino's petrel,https://en.wikipedia.org/wiki/Zino%27s_petrel,Seed,0.0
biology,Fea's petrel,https://en.wikipedia.org/wiki/Fea%27s_petrel,Recommendation,0.0
biology,Desertas petrel,https://en.wikipedia.org/wiki/Desertas_petrel,Recommendation,0.0
biology,Soft-plumaged petrel,https://en.wikipedia.org/wiki/Soft-plumaged_petrel,Recommendation,0.0
biology,Ficus rubiginosa,https://en.wikipedia.org/wiki/Ficus_rubiginosa,Seed,0.0
biology,Ficus macrophylla,https://en.wikipedia.org/wiki/Ficus_macrophylla,Recommendation,0.0
biology,Ficus aurea,https://en.wikipedia.org/wiki/Ficus_aurea,Recommendation,0.0
biology,Ficus,https://en.wikipedia.org/wiki/Ficus,Recommendation,0.14
biology,Ficus obliqua,https://en.wikipedia.org/wiki/Ficus_obliqua,Seed,0.0
biology,Ficus pleurocarpa,https://en.wikipedia.org/wiki/Ficus_pleurocarpa,Recommendation,0.0
biology,Ficus platypoda,https://en.wikipedia.org/wiki/Ficus_platypoda,Recommendation,0.0
biology,Ficus crassipes,https://en.wikipedia.org/wiki/Ficus_crassipes,Recommendation,0.0
biology,Salvia yangii,https://en.wikipedia.org/wiki/Salvia_yangii,Seed,0.14
biology,Salvia,https://en.wikipedia.org/wiki/Salvia,Recommendation,0.0
biology,Salvia pratensis,https://en.wikipedia.org/wiki/Salvia_pratensis,Recommendation,0.0
biology,Salvia nemorosa,https://en.wikipedia.org/wiki/Salvia_nemorosa,Recommendation,0.0
biology,Siberian accentor,https://en.wikipedia.org/wiki/Siberian_accentor,Seed,0.0
biology,Black-throated accentor,https://en.wikipedia.org/wiki/Black-throated_accentor,Recommendation,0.0
biology,Accentor,https://en.wikipedia.org/wiki/Accentor,Recommendation,0.0
biology,Siberian stonechat,https://en.wikipedia.org/wiki/Siberian_stonechat,Recommendation,0.0
biology,Noronha skink,https://en.wikipedia.org/wiki/Noronha_skink,Seed,0.0
biology,Trachylepis maculata,https://en.wikipedia.org/wiki/Trachylepis_maculata,Recommendation,0.0
biology,Trachylepis tschudii,https://en.wikipedia.org/wiki/Trachylepis_tschudii,Recommendation,0.0
biology,Euprepis,https://en.wikipedia.org/wiki/Euprepis,Recommendation,0.0
biology,Banksia speciosa,https://en.wikipedia.org/wiki/Banksia_speciosa,Seed,0.0
biology,Banksia saxicola,https://en.wikipedia.org/wiki/Banksia_saxicola,Recommendation,0.0
biology,Banksia violacea,https://en.wikipedia.org/wiki/Banksia_violacea,Recommendation,0.0
biology,Banksia canei,https://en.wikipedia.org/wiki/Banksia_canei,Recommendation,0.0
biology,Hooded pitohui,https://en.wikipedia.org/wiki/Hooded_pitohui,Seed,0.0
biology,Pitohui,https://en.wikipedia.org/wiki/Pitohui,Recommendation,0.0
biology,Toxic bird,https://en.wikipedia.org/wiki/Toxic_bird,Recommendation,0.0
biology,Batrachotoxin,https://en.wikipedia.org/wiki/Batrachotoxin,Recommendation,0.0
biology,Nauru reed warbler,https://en.wikipedia.org/wiki/Nauru_reed_warbler,Seed,0.0
biology,Acrocephalus (bird),https://en.wikipedia.org/wiki/Acrocephalus_%28bird%29,Recommendation,0.0
biology,Australian reed warbler,https://en.wikipedia.org/wiki/Australian_reed_warbler,Recommendation,0.0
biology,Nightingale reed warbler,https://en.wikipedia.org/wiki/Nightingale_reed_warbler,Recommendation,0.0
biology,Xerochrysum bracteatum,https://en.wikipedia.org/wiki/Xerochrysum_bracteatum,Seed,0.0
biology,Xerochrysum papillosum,https://en.wikipedia.org/wiki/Xerochrysum_papillosum,Recommendation,0.0
biology,Xerochrysum viscosum,https://en.wikipedia.org/wiki/Xerochrysum_viscosum,Recommendation,0.0
biology,Xerochrysum bicolor,https://en.wikipedia.org/wiki/Xerochrysum_bicolor,Recommendation,0.0
biology,Brachychiton rupestris,https://en.wikipedia.org/wiki/Brachychiton_rupestris,Seed,0.0
biology,Brachychiton,https://en.wikipedia.org/wiki/Brachychiton,Recommendation,0.0
biology,Brachychiton acerifolius,https://en.wikipedia.org/wiki/Brachychiton_acerifolius,Recommendation,0.0
biology,Brachychiton gregorii,https://en.wikipedia.org/wiki/Brachychiton_gregorii,Recommendation,0.0
biology,Banksia sceptrum,https://en.wikipedia.org/wiki/Banksia_sceptrum,Seed,0.0
biology,Banksia caleyi,https://en.wikipedia.org/wiki/Banksia_caleyi,Recommendation,0.0
biology,Banksia ser. Banksia,https://en.wikipedia.org/wiki/Banksia_ser._Banksia,Recommendation,0.0
biology,Banksia burdettii,https://en.wikipedia.org/wiki/Banksia_burdettii,Recommendation,0.0
biology,Banksia lemanniana,https://en.wikipedia.org/wiki/Banksia_lemanniana,Seed,0.0
biology,Banksia lindleyana,https://en.wikipedia.org/wiki/Banksia_lindleyana,Recommendation,0.0
biology,Banksia ser. Quercinae,https://en.wikipedia.org/wiki/Banksia_ser._Quercinae,Recommendation,0.0
biology,Banksia ser. Abietinae,https://en.wikipedia.org/wiki/Banksia_ser._Abietinae,Recommendation,0.0
biology,Russula emetica,https://en.wikipedia.org/wiki/Russula_emetica,Seed,0.0
biology,Russula,https://en.wikipedia.org/wiki/Russula,Recommendation,0.0
biology,Russula aurea,https://en.wikipedia.org/wiki/Russula_aurea,Recommendation,0.0
biology,Russula virescens,https://en.wikipedia.org/wiki/Russula_virescens,Recommendation,0.0
biology,Banksia cuneata,https://en.wikipedia.org/wiki/Banksia_cuneata,Seed,0.0
biology,Banksia subg. Isostylis,https://en.wikipedia.org/wiki/Banksia_subg._Isostylis,Recommendation,0.0
biology,Banksia oligantha,https://en.wikipedia.org/wiki/Banksia_oligantha,Recommendation,0.0
biology,Banksia ilicifolia,https://en.wikipedia.org/wiki/Banksia_ilicifolia,Recommendation,0.0
biology,Isopogon anemonifolius,https://en.wikipedia.org/wiki/Isopogon_anemonifolius,Seed,0.0
biology,Isopogon anethifolius,https://en.wikipedia.org/wiki/Isopogon_anethifolius,Recommendation,0.0
biology,Isopogon latifolius,https://en.wikipedia.org/wiki/Isopogon_latifolius,Recommendation,0.0
biology,Isopogon mnoraifolius,https://en.wikipedia.org/wiki/Isopogon_mnoraifolius,Recommendation,0.0
biology,Telopea truncata,https://en.wikipedia.org/wiki/Telopea_truncata,Seed,0.0
biology,Telopea mongaensis,https://en.wikipedia.org/wiki/Telopea_mongaensis,Recommendation,0.0
biology,Waratah,https://en.wikipedia.org/wiki/Waratah,Recommendation,0.0
biology,Telopea speciosissima,https://en.wikipedia.org/wiki/Telopea_speciosissima,Recommendation,0.0
biology,Banksia petiolaris,https://en.wikipedia.org/wiki/Banksia_petiolaris,Seed,0.0
biology,Banksia praemorsa,https://en.wikipedia.org/wiki/Banksia_praemorsa,Recommendation,0.0
biology,Banksia subg. Banksia,https://en.wikipedia.org/wiki/Banksia_subg._Banksia,Recommendation,0.0
biology,Banksia media,https://en.wikipedia.org/wiki/Banksia_media,Recommendation,0.0
biology,Inaccessible Island rail,https://en.wikipedia.org/wiki/Inaccessible_Island_rail,Seed,0.0
biology,Laterallus,https://en.wikipedia.org/wiki/Laterallus,Recommendation,0.0
biology,Saint Helena rail,https://en.wikipedia.org/wiki/Saint_Helena_rail,Recommendation,0.0
biology,Henry Martyn Rogers,https://en.wikipedia.org/wiki/Henry_Martyn_Rogers,Recommendation,0.0
biology,Banded sugar ant,https://en.wikipedia.org/wiki/Banded_sugar_ant,Seed,0.0
biology,Black-headed sugar ant,https://en.wikipedia.org/wiki/Black-headed_sugar_ant,Recommendation,0.0
biology,Myrmecia nigriceps,https://en.wikipedia.org/wiki/Myrmecia_nigriceps,Recommendation,0.0
biology,Meat ant,https://en.wikipedia.org/wiki/Meat_ant,Recommendation,0.0
biology,Trocaz pigeon,https://en.wikipedia.org/wiki/Trocaz_pigeon,Seed,0.0
biology,Laurel pigeon,https://en.wikipedia.org/wiki/Laurel_pigeon,Recommendation,0.0
biology,Azores wood pigeon,https://en.wikipedia.org/wiki/Azores_wood_pigeon,Recommendation,0.0
biology,Bolle's pigeon,https://en.wikipedia.org/wiki/Bolle%27s_pigeon,Recommendation,0.0
biology,Madeira firecrest,https://en.wikipedia.org/wiki/Madeira_firecrest,Seed,0.0
biology,Regulus (bird),https://en.wikipedia.org/wiki/Regulus_%28bird%29,Recommendation,0.14
biology,Kinglet,https://en.wikipedia.org/wiki/Kinglet,Recommendation,0.0
biology,Golden-crowned kinglet,https://en.wikipedia.org/wiki/Golden-crowned_kinglet,Recommendation,0.0
biology,Banksia aquilonia,https://en.wikipedia.org/wiki/Banksia_aquilonia,Seed,0.0
biology,Banksia plagiocarpa,https://en.wikipedia.org/wiki/Banksia_plagiocarpa,Recommendation,0.0
biology,Banksia paludosa,https://en.wikipedia.org/wiki/Banksia_paludosa,Recommendation,0.0
biology,Banksia oblongifolia,https://en.wikipedia.org/wiki/Banksia_oblongifolia,Recommendation,0.0
biology,Drosera regia,https://en.wikipedia.org/wiki/Drosera_regia,Seed,0.0
biology,Droseraceae,https://en.wikipedia.org/wiki/Droseraceae,Recommendation,0.0
biology,Drosera glanduligera,https://en.wikipedia.org/wiki/Drosera_glanduligera,Recommendation,0.0
biology,Steel trap (carnivorous plants),https://en.wikipedia.org/wiki/Steel_trap_%28carnivorous_plants%29,Recommendation,0.0
biology,Alloxylon flammeum,https://en.wikipedia.org/wiki/Alloxylon_flammeum,Seed,0.29
biology,Alloxylon pinnatum,https://en.wikipedia.org/wiki/Alloxylon_pinnatum,Recommendation,0.0
biology,Alloxylon,https://en.wikipedia.org/wiki/Alloxylon,Recommendation,0.0
biology,Alloxylon brachycarpum,https://en.wikipedia.org/wiki/Alloxylon_brachycarpum,Recommendation,0.0
biology,Rainbow pitta,https://en.wikipedia.org/wiki/Rainbow_pitta,Seed,0.0
biology,Noisy pitta,https://en.wikipedia.org/wiki/Noisy_pitta,Recommendation,0.0
biology,Pitta,https://en.wikipedia.org/wiki/Pitta,Recommendation,0.14
biology,Fairy pitta,https://en.wikipedia.org/wiki/Fairy_pitta,Recommendation,0.0
biology,Tahiti rail,https://en.wikipedia.org/wiki/Tahiti_rail,Seed,0.14
biology,Invisible rail,https://en.wikipedia.org/wiki/Invisible_rail,Recommendation,0.0
biology,Gallirallus,https://en.wikipedia.org/wiki/Gallirallus,Recommendation,0.0
biology,Rail (bird),https://en.wikipedia.org/wiki/Rail_%28bird%29,Recommendation,0.0
biology,Lycoperdon echinatum,https://en.wikipedia.org/wiki/Lycoperdon_echinatum,Seed,0.0
biology,Lycoperdon marginatum,https://en.wikipedia.org/wiki/Lycoperdon_marginatum,Recommendation,0.0
biology,Handkea utriformis,https://en.wikipedia.org/wiki/Handkea_utriformis,Recommendation,0.0
biology,Lycoperdon umbrinum,https://en.wikipedia.org/wiki/Lycoperdon_umbrinum,Recommendation,0.0
biology,Banksia aculeata,https://en.wikipedia.org/wiki/Banksia_aculeata,Seed,0.0
biology,Banksia nutans,https://en.wikipedia.org/wiki/Banksia_nutans,Recommendation,0.0
biology,Banksia elderiana,https://en.wikipedia.org/wiki/Banksia_elderiana,Recommendation,0.0
biology,Banksia epica,https://en.wikipedia.org/wiki/Banksia_epica,Recommendation,0.0
biology,Banksia blechnifolia,https://en.wikipedia.org/wiki/Banksia_blechnifolia,Seed,0.0
biology,George's taxonomic arrangement of Banksia,https://en.wikipedia.org/wiki/George%27s_taxonomic_arrangement_of_Banksia,Recommendation,0.0
biology,Banksia repens,https://en.wikipedia.org/wiki/Banksia_repens,Recommendation,0.0
biology,Banksia subser. Longistyles,https://en.wikipedia.org/wiki/Banksia_subser._Longistyles,Recommendation,0.0
biology,Physella acuta,https://en.wikipedia.org/wiki/Physella_acuta,Seed,0.14
biology,Physa,https://en.wikipedia.org/wiki/Physa,Recommendation,0.0
biology,Physidae,https://en.wikipedia.org/wiki/Physidae,Recommendation,0.0
biology,Physella,https://en.wikipedia.org/wiki/Physella,Recommendation,0.0
biology,Metrosideros bartlettii,https://en.wikipedia.org/wiki/Metrosideros_bartlettii,Seed,0.0
biology,Carlos Lehnebach,https://en.wikipedia.org/wiki/Carlos_Lehnebach,Recommendation,0.0
biology,Metrosideros umbellata,https://en.wikipedia.org/wiki/Metrosideros_umbellata,Recommendation,0.0
biology,John Bartlett (botanist),https://en.wikipedia.org/wiki/John_Bartlett_%28botanist%29,Recommendation,0.0
biology,Alicella,https://en.wikipedia.org/wiki/Alicella,Seed,0.0
biology,Alicellidae,https://en.wikipedia.org/wiki/Alicellidae,Recommendation,0.0
biology,Amphipoda,https://en.wikipedia.org/wiki/Amphipoda,Recommendation,0.57
biology,Alan Jamieson,https://en.wikipedia.org/wiki/Alan_Jamieson,Recommendation,0.0
biology,Poecilia vandepolli,https://en.wikipedia.org/wiki/Poecilia_vandepolli,Seed,0.0
biology,Cyprinodon dearborni,https://en.wikipedia.org/wiki/Cyprinodon_dearborni,Recommendation,0.0
biology,Sailfin molly,https://en.wikipedia.org/wiki/Sailfin_molly,Recommendation,0.0
biology,Poecilia gillii,https://en.wikipedia.org/wiki/Poecilia_gillii,Recommendation,0.0
biology,Halictus sexcinctus,https://en.wikipedia.org/wiki/Halictus_sexcinctus,Seed,0.0
biology,Halictinae,https://en.wikipedia.org/wiki/Halictinae,Recommendation,0.0
biology,Halictus ligatus,https://en.wikipedia.org/wiki/Halictus_ligatus,Recommendation,0.0
biology,Halictus rubicundus,https://en.wikipedia.org/wiki/Halictus_rubicundus,Recommendation,0.0
biology,Siberian nuthatch,https://en.wikipedia.org/wiki/Siberian_nuthatch,Seed,0.0
biology,Eurasian nuthatch,https://en.wikipedia.org/wiki/Eurasian_nuthatch,Recommendation,0.0
biology,Chestnut-vented nuthatch,https://en.wikipedia.org/wiki/Chestnut-vented_nuthatch,Recommendation,0.0
biology,Nuthatch,https://en.wikipedia.org/wiki/Nuthatch,Recommendation,0.43
biology,Thioploca,https://en.wikipedia.org/wiki/Thioploca,Seed,0.0
biology,Thioploca araucae,https://en.wikipedia.org/wiki/Thioploca_araucae,Recommendation,0.0
biology,Microbial oxidation of sulfur,https://en.wikipedia.org/wiki/Microbial_oxidation_of_sulfur,Recommendation,0.14
biology,Thioploca chileae,https://en.wikipedia.org/wiki/Thioploca_chileae,Recommendation,0.0
biology,Scaptomyza flava,https://en.wikipedia.org/wiki/Scaptomyza_flava,Seed,0.0
biology,Scaptomyza,https://en.wikipedia.org/wiki/Scaptomyza,Recommendation,0.0
biology,Drosophilidae,https://en.wikipedia.org/wiki/Drosophilidae,Recommendation,0.14
biology,Hawaiian Drosophila,https://en.wikipedia.org/wiki/Hawaiian_Drosophila,Recommendation,0.0
biology,TP53-inducible glycolysis and apoptosis regulator,https://en.wikipedia.org/wiki/TP53-inducible_glycolysis_and_apoptosis_regulator,Seed,0.0
biology,"Fructose 2,6-bisphosphate",https://en.wikipedia.org/wiki/Fructose_2%2C6-bisphosphate,Recommendation,0.0
biology,Phosphofructokinase 2,https://en.wikipedia.org/wiki/Phosphofructokinase_2,Recommendation,0.14
biology,PFKFB3,https://en.wikipedia.org/wiki/PFKFB3,Recommendation,0.0
biology,Oligosoma salmo,https://en.wikipedia.org/wiki/Oligosoma_salmo,Seed,0.0
biology,Hokitika skink,https://en.wikipedia.org/wiki/Hokitika_skink,Recommendation,0.0
biology,Westport skink,https://en.wikipedia.org/wiki/Westport_skink,Recommendation,0.0
biology,Oligosoma albornense,https://en.wikipedia.org/wiki/Oligosoma_albornense,Recommendation,0.0
chemistry,Lewis acid catalysis,https://en.wikipedia.org/wiki/Lewis_acid_catalysis,Seed,0.0
chemistry,Chiral Lewis acid,https://en.wikipedia.org/wiki/Chiral_Lewis_acid,Recommendation,0.0
chemistry,Bisoxazoline ligand,https://en.wikipedia.org/wiki/Bisoxazoline_ligand,Recommendation,0.0
chemistry,Diels–Alder reaction,https://en.wikipedia.org/wiki/Diels%E2%80%93Alder_reaction,Recommendation,0.0
chemistry,Danishefsky's diene,https://en.wikipedia.org/wiki/Danishefsky%27s_diene,Recommendation,0.0
chemistry,Persistent carbene,https://en.wikipedia.org/wiki/Persistent_carbene,Seed,0.0
chemistry,Triazol-5-ylidene,https://en.wikipedia.org/wiki/Triazol-5-ylidene,Recommendation,0.0
chemistry,Dihydroimidazol-2-ylidene,https://en.wikipedia.org/wiki/Dihydroimidazol-2-ylidene,Recommendation,0.0
chemistry,Anthony J. Arduengo,https://en.wikipedia.org/wiki/Anthony_J._Arduengo,Recommendation,0.0
chemistry,Wanzlick equilibrium,https://en.wikipedia.org/wiki/Wanzlick_equilibrium,Recommendation,0.0
chemistry,Thiol-ene reaction,https://en.wikipedia.org/wiki/Thiol-ene_reaction,Seed,0.0
chemistry,Thiol-yne reaction,https://en.wikipedia.org/wiki/Thiol-yne_reaction,Recommendation,0.14
chemistry,Free-radical addition,https://en.wikipedia.org/wiki/Free-radical_addition,Recommendation,0.0
chemistry,Polymerization,https://en.wikipedia.org/wiki/Polymerization,Recommendation,0.0
chemistry,Thiyl radical,https://en.wikipedia.org/wiki/Thiyl_radical,Recommendation,0.0
chemistry,Ei mechanism,https://en.wikipedia.org/wiki/Ei_mechanism,Seed,0.29
chemistry,Cope reaction,https://en.wikipedia.org/wiki/Cope_reaction,Recommendation,0.0
chemistry,Selenoxide elimination,https://en.wikipedia.org/wiki/Selenoxide_elimination,Recommendation,0.71
chemistry,Chugaev elimination,https://en.wikipedia.org/wiki/Chugaev_elimination,Recommendation,0.0
chemistry,White catalyst,https://en.wikipedia.org/wiki/White_catalyst,Recommendation,0.0
chemistry,Boronic acid,https://en.wikipedia.org/wiki/Boronic_acid,Seed,0.0
chemistry,Miyaura borylation,https://en.wikipedia.org/wiki/Miyaura_borylation,Recommendation,0.0
chemistry,Norio Miyaura,https://en.wikipedia.org/wiki/Norio_Miyaura,Recommendation,0.0
chemistry,Borylation,https://en.wikipedia.org/wiki/Borylation,Recommendation,0.14
chemistry,Tetrahydroxydiboron,https://en.wikipedia.org/wiki/Tetrahydroxydiboron,Recommendation,0.0
chemistry,Living polymerization,https://en.wikipedia.org/wiki/Living_polymerization,Seed,0.29
chemistry,Anionic addition polymerization,https://en.wikipedia.org/wiki/Anionic_addition_polymerization,Recommendation,0.0
chemistry,Ionic polymerization,https://en.wikipedia.org/wiki/Ionic_polymerization,Recommendation,0.0
chemistry,Reversible-deactivation radical polymerization,https://en.wikipedia.org/wiki/Reversible-deactivation_radical_polymerization,Recommendation,0.0
chemistry,Living free-radical polymerization,https://en.wikipedia.org/wiki/Living_free-radical_polymerization,Recommendation,0.0
chemistry,Francium,https://en.wikipedia.org/wiki/Francium,Seed,0.0
chemistry,Period 7 element,https://en.wikipedia.org/wiki/Period_7_element,Recommendation,0.0
chemistry,Francium compounds,https://en.wikipedia.org/wiki/Francium_compounds,Recommendation,0.0
chemistry,Marguerite Perey,https://en.wikipedia.org/wiki/Marguerite_Perey,Recommendation,0.0
chemistry,Caesium perchlorate,https://en.wikipedia.org/wiki/Caesium_perchlorate,Recommendation,0.0
chemistry,Astatine,https://en.wikipedia.org/wiki/Astatine,Seed,0.0
chemistry,Astatine compounds,https://en.wikipedia.org/wiki/Astatine_compounds,Recommendation,0.0
chemistry,Bismuth-209,https://en.wikipedia.org/wiki/Bismuth-209,Recommendation,0.0
chemistry,Period 6 element,https://en.wikipedia.org/wiki/Period_6_element,Recommendation,0.0
chemistry,Halogen,https://en.wikipedia.org/wiki/Halogen,Recommendation,0.0
chemistry,Metalloid,https://en.wikipedia.org/wiki/Metalloid,Seed,0.0
chemistry,Nonmetal,https://en.wikipedia.org/wiki/Nonmetal,Recommendation,0.29
chemistry,"Properties of metals, metalloids and nonmetals",https://en.wikipedia.org/wiki/Properties_of_metals%2C_metalloids_and_nonmetals,Recommendation,0.0
chemistry,Origin and use of the term metalloid,https://en.wikipedia.org/wiki/Origin_and_use_of_the_term_metalloid,Recommendation,0.0
chemistry,Organosilicon chemistry,https://en.wikipedia.org/wiki/Organosilicon_chemistry,Seed,0.0
chemistry,Chlorosilane,https://en.wikipedia.org/wiki/Chlorosilane,Recommendation,0.0
chemistry,Silanol,https://en.wikipedia.org/wiki/Silanol,Recommendation,0.0
chemistry,Tris(trimethylsilyl)silane,https://en.wikipedia.org/wiki/Tris%28trimethylsilyl%29silane,Recommendation,0.43
chemistry,Dubnium,https://en.wikipedia.org/wiki/Dubnium,Seed,0.0
chemistry,Rutherfordium,https://en.wikipedia.org/wiki/Rutherfordium,Recommendation,0.0
chemistry,Bohrium,https://en.wikipedia.org/wiki/Bohrium,Recommendation,0.0
chemistry,Seaborgium,https://en.wikipedia.org/wiki/Seaborgium,Recommendation,0.0
chemistry,Periodic table,https://en.wikipedia.org/wiki/Periodic_table,Seed,0.0
chemistry,Electron configuration,https://en.wikipedia.org/wiki/Electron_configuration,Recommendation,0.86
chemistry,Transition metal,https://en.wikipedia.org/wiki/Transition_metal,Recommendation,0.0
chemistry,Aufbau principle,https://en.wikipedia.org/wiki/Aufbau_principle,Recommendation,0.0
chemistry,Rosenthal's reagent,https://en.wikipedia.org/wiki/Rosenthal%27s_reagent,Seed,0.0
chemistry,Zirconocene,https://en.wikipedia.org/wiki/Zirconocene,Recommendation,0.0
chemistry,Titanocene dichloride,https://en.wikipedia.org/wiki/Titanocene_dichloride,Recommendation,0.14
chemistry,Oganesson,https://en.wikipedia.org/wiki/Oganesson,Seed,0.0
chemistry,Superheavy element,https://en.wikipedia.org/wiki/Superheavy_element,Recommendation,0.0
chemistry,Unbiunium,https://en.wikipedia.org/wiki/Unbiunium,Recommendation,0.0
chemistry,Copernicium,https://en.wikipedia.org/wiki/Copernicium,Recommendation,0.0
chemistry,Caesium,https://en.wikipedia.org/wiki/Caesium,Seed,0.29
chemistry,Rubidium,https://en.wikipedia.org/wiki/Rubidium,Recommendation,0.0
chemistry,Alkali metal,https://en.wikipedia.org/wiki/Alkali_metal,Recommendation,0.14
chemistry,Caesium chloride,https://en.wikipedia.org/wiki/Caesium_chloride,Recommendation,0.0
chemistry,Organogold chemistry,https://en.wikipedia.org/wiki/Organogold_chemistry,Seed,0.0
chemistry,Asymmetric hydrogenation,https://en.wikipedia.org/wiki/Asymmetric_hydrogenation,Recommendation,0.0
chemistry,Cobalt(II)–porphyrin catalysis,https://en.wikipedia.org/wiki/Cobalt%28II%29%E2%80%93porphyrin_catalysis,Recommendation,0.0
chemistry,Conia-ene reaction,https://en.wikipedia.org/wiki/Conia-ene_reaction,Recommendation,0.0
chemistry,Technetium,https://en.wikipedia.org/wiki/Technetium,Seed,0.0
chemistry,Technetium-99m,https://en.wikipedia.org/wiki/Technetium-99m,Recommendation,0.0
chemistry,Technetium-99,https://en.wikipedia.org/wiki/Technetium-99,Recommendation,0.0
chemistry,Group 7 element,https://en.wikipedia.org/wiki/Group_7_element,Recommendation,0.0
chemistry,Nihonium,https://en.wikipedia.org/wiki/Nihonium,Seed,0.0
chemistry,Moscovium,https://en.wikipedia.org/wiki/Moscovium,Recommendation,0.0
chemistry,Livermorium,https://en.wikipedia.org/wiki/Livermorium,Recommendation,0.0
chemistry,Ununennium,https://en.wikipedia.org/wiki/Ununennium,Recommendation,0.0
chemistry,Fluorine,https://en.wikipedia.org/wiki/Fluorine,Seed,0.0
chemistry,Fluorine compounds,https://en.wikipedia.org/wiki/Fluorine_compounds,Recommendation,0.0
chemistry,Hydrofluoric acid,https://en.wikipedia.org/wiki/Hydrofluoric_acid,Recommendation,0.0
chemistry,Calcium fluoride,https://en.wikipedia.org/wiki/Calcium_fluoride,Recommendation,0.0
chemistry,Organoiron chemistry,https://en.wikipedia.org/wiki/Organoiron_chemistry,Seed,0.0
chemistry,(Diene)iron tricarbonyl,https://en.wikipedia.org/wiki/%28Diene%29iron_tricarbonyl,Recommendation,0.0
chemistry,Diiron nonacarbonyl,https://en.wikipedia.org/wiki/Diiron_nonacarbonyl,Recommendation,0.0
chemistry,Cyclopentadienyl complex,https://en.wikipedia.org/wiki/Cyclopentadienyl_complex,Recommendation,0.0
chemistry,Niobium,https://en.wikipedia.org/wiki/Niobium,Seed,0.14
chemistry,Group 5 element,https://en.wikipedia.org/wiki/Group_5_element,Recommendation,0.0
chemistry,Tantalum,https://en.wikipedia.org/wiki/Tantalum,Recommendation,0.0
chemistry,Niobium pentoxide,https://en.wikipedia.org/wiki/Niobium_pentoxide,Recommendation,0.0
chemistry,Tennessine,https://en.wikipedia.org/wiki/Tennessine,Seed,0.29
chemistry,Unbiquadium,https://en.wikipedia.org/wiki/Unbiquadium,Recommendation,0.0
chemistry,Unbinilium,https://en.wikipedia.org/wiki/Unbinilium,Recommendation,0.0
chemistry,Roentgenium,https://en.wikipedia.org/wiki/Roentgenium,Recommendation,0.0
chemistry,Ralph Landau,https://en.wikipedia.org/wiki/Ralph_Landau,Seed,0.0
chemistry,Harry Rehnberg,https://en.wikipedia.org/wiki/Harry_Rehnberg,Recommendation,0.0
chemistry,Halcon process,https://en.wikipedia.org/wiki/Halcon_process,Recommendation,0.0
chemistry,Petrochemical,https://en.wikipedia.org/wiki/Petrochemical,Recommendation,0.0
chemistry,Isothermal titration calorimetry,https://en.wikipedia.org/wiki/Isothermal_titration_calorimetry,Seed,0.0
chemistry,Van 't Hoff equation,https://en.wikipedia.org/wiki/Van_%27t_Hoff_equation,Recommendation,0.0
chemistry,Calorimeter,https://en.wikipedia.org/wiki/Calorimeter,Recommendation,0.0
chemistry,Enthalpy of mixing,https://en.wikipedia.org/wiki/Enthalpy_of_mixing,Recommendation,0.0
chemistry,Hydrogen,https://en.wikipedia.org/wiki/Hydrogen,Seed,0.0
chemistry,Chromium(I) hydride,https://en.wikipedia.org/wiki/Chromium%28I%29_hydride,Recommendation,0.0
chemistry,Hydride,https://en.wikipedia.org/wiki/Hydride,Recommendation,0.0
chemistry,Mercury(II) hydride,https://en.wikipedia.org/wiki/Mercury%28II%29_hydride,Recommendation,0.0
chemistry,Organolithium reagent,https://en.wikipedia.org/wiki/Organolithium_reagent,Seed,0.0
chemistry,N-Butyllithium,https://en.wikipedia.org/wiki/N-Butyllithium,Recommendation,0.0
chemistry,Sec-Butyllithium,https://en.wikipedia.org/wiki/Sec-Butyllithium,Recommendation,0.0
chemistry,Lithium bis(trimethylsilyl)amide,https://en.wikipedia.org/wiki/Lithium_bis%28trimethylsilyl%29amide,Recommendation,0.0
chemistry,Zinc compounds,https://en.wikipedia.org/wiki/Zinc_compounds,Seed,0.0
chemistry,Zinc chloride,https://en.wikipedia.org/wiki/Zinc_chloride,Recommendation,0.0
chemistry,Zinc cyanide,https://en.wikipedia.org/wiki/Zinc_cyanide,Recommendation,0.0
chemistry,Inorganic chemistry,https://en.wikipedia.org/wiki/Inorganic_chemistry,Recommendation,0.0
chemistry,Photochromism,https://en.wikipedia.org/wiki/Photochromism,Seed,0.0
chemistry,Molecular switch,https://en.wikipedia.org/wiki/Molecular_switch,Recommendation,0.0
chemistry,Photoswitch,https://en.wikipedia.org/wiki/Photoswitch,Recommendation,0.0
chemistry,Spiropyran,https://en.wikipedia.org/wiki/Spiropyran,Recommendation,0.0
chemistry,Yttrium,https://en.wikipedia.org/wiki/Yttrium,Seed,0.29
chemistry,Yttrium(III) oxide,https://en.wikipedia.org/wiki/Yttrium%28III%29_oxide,Recommendation,0.0
chemistry,Terbium,https://en.wikipedia.org/wiki/Terbium,Recommendation,0.0
chemistry,Europium,https://en.wikipedia.org/wiki/Europium,Recommendation,0.0
chemistry,Oxygen,https://en.wikipedia.org/wiki/Oxygen,Seed,0.43
chemistry,Nitrogen,https://en.wikipedia.org/wiki/Nitrogen,Recommendation,0.0
chemistry,Argon,https://en.wikipedia.org/wiki/Argon,Recommendation,0.0
chemistry,Allotropes of oxygen,https://en.wikipedia.org/wiki/Allotropes_of_oxygen,Recommendation,0.0
chemistry,Acetic acid,https://en.wikipedia.org/wiki/Acetic_acid,Seed,0.0
chemistry,Monsanto process,https://en.wikipedia.org/wiki/Monsanto_process,Recommendation,0.0
chemistry,Methyl acetate,https://en.wikipedia.org/wiki/Methyl_acetate,Recommendation,0.0
chemistry,Acetyl iodide,https://en.wikipedia.org/wiki/Acetyl_iodide,Recommendation,0.0
chemistry,Hassium,https://en.wikipedia.org/wiki/Hassium,Seed,0.0
chemistry,Flerovium,https://en.wikipedia.org/wiki/Flerovium,Recommendation,0.0
chemistry,Meitnerium,https://en.wikipedia.org/wiki/Meitnerium,Recommendation,0.0
chemistry,Darmstadtium,https://en.wikipedia.org/wiki/Darmstadtium,Recommendation,0.0
chemistry,Silicon compounds,https://en.wikipedia.org/wiki/Silicon_compounds,Seed,0.0
chemistry,Silicide,https://en.wikipedia.org/wiki/Silicide,Recommendation,0.0
chemistry,Silane,https://en.wikipedia.org/wiki/Silane,Recommendation,0.0
chemistry,Silicon tetrachloride,https://en.wikipedia.org/wiki/Silicon_tetrachloride,Recommendation,0.0
chemistry,Rhenium compounds,https://en.wikipedia.org/wiki/Rhenium_compounds,Seed,0.0
chemistry,Rhenium(VII) oxide,https://en.wikipedia.org/wiki/Rhenium%28VII%29_oxide,Recommendation,0.0
chemistry,Organorhenium chemistry,https://en.wikipedia.org/wiki/Organorhenium_chemistry,Recommendation,0.0
chemistry,Perrhenic acid,https://en.wikipedia.org/wiki/Perrhenic_acid,Recommendation,0.0
chemistry,Polymer electrolytes,https://en.wikipedia.org/wiki/Polymer_electrolytes,Seed,0.0
chemistry,Semi-solid-state battery,https://en.wikipedia.org/wiki/Semi-solid-state_battery,Recommendation,0.0
chemistry,Ion gel,https://en.wikipedia.org/wiki/Ion_gel,Recommendation,0.0
chemistry,Solid-state electrolyte,https://en.wikipedia.org/wiki/Solid-state_electrolyte,Recommendation,0.14
chemistry,Hinokitiol,https://en.wikipedia.org/wiki/Hinokitiol,Seed,0.0
chemistry,Thujaplicin,https://en.wikipedia.org/wiki/Thujaplicin,Recommendation,0.0
chemistry,Thujaplicinol,https://en.wikipedia.org/wiki/Thujaplicinol,Recommendation,0.14
chemistry,Tropolone,https://en.wikipedia.org/wiki/Tropolone,Recommendation,0.0
chemistry,Thorium,https://en.wikipedia.org/wiki/Thorium,Seed,0.0
chemistry,Actinide,https://en.wikipedia.org/wiki/Actinide,Recommendation,0.14
chemistry,Thorium fuel cycle,https://en.wikipedia.org/wiki/Thorium_fuel_cycle,Recommendation,0.0
chemistry,Protactinium,https://en.wikipedia.org/wiki/Protactinium,Recommendation,0.0
chemistry,Noretynodrel,https://en.wikipedia.org/wiki/Noretynodrel,Seed,0.0
chemistry,Δ4-Tibolone,https://en.wikipedia.org/wiki/%CE%944-Tibolone,Recommendation,0.0
chemistry,Tibolone,https://en.wikipedia.org/wiki/Tibolone,Recommendation,0.0
chemistry,Norethisterone,https://en.wikipedia.org/wiki/Norethisterone,Recommendation,0.0
chemistry,Georg Bredig,https://en.wikipedia.org/wiki/Georg_Bredig,Seed,0.0
chemistry,Wilhelm Steinkopf,https://en.wikipedia.org/wiki/Wilhelm_Steinkopf,Recommendation,0.0
chemistry,Max Bodenstein,https://en.wikipedia.org/wiki/Max_Bodenstein,Recommendation,0.0
chemistry,Wilhelm Ostwald,https://en.wikipedia.org/wiki/Wilhelm_Ostwald,Recommendation,0.0
chemistry,Combined hormonal contraception,https://en.wikipedia.org/wiki/Combined_hormonal_contraception,Seed,0.0
chemistry,Estradiol-containing birth control pill,https://en.wikipedia.org/wiki/Estradiol-containing_birth_control_pill,Recommendation,0.0
chemistry,Hormonal contraception,https://en.wikipedia.org/wiki/Hormonal_contraception,Recommendation,0.14
chemistry,Contraceptive patch,https://en.wikipedia.org/wiki/Contraceptive_patch,Recommendation,0.0
chemistry,Xenon,https://en.wikipedia.org/wiki/Xenon,Seed,0.14
chemistry,Krypton,https://en.wikipedia.org/wiki/Krypton,Recommendation,0.14
chemistry,Noble gas,https://en.wikipedia.org/wiki/Noble_gas,Recommendation,0.43
chemistry,Xenon compounds,https://en.wikipedia.org/wiki/Xenon_compounds,Recommendation,0.86
chemistry,Metalloprotein,https://en.wikipedia.org/wiki/Metalloprotein,Seed,0.0
chemistry,Bioinorganic chemistry,https://en.wikipedia.org/wiki/Bioinorganic_chemistry,Recommendation,0.0
chemistry,Cobalt in biology,https://en.wikipedia.org/wiki/Cobalt_in_biology,Recommendation,0.0
chemistry,Metallome,https://en.wikipedia.org/wiki/Metallome,Recommendation,0.0
chemistry,Janus particles,https://en.wikipedia.org/wiki/Janus_particles,Seed,0.0
chemistry,Pickering emulsion,https://en.wikipedia.org/wiki/Pickering_emulsion,Recommendation,0.14
chemistry,Phase-transfer catalyst,https://en.wikipedia.org/wiki/Phase-transfer_catalyst,Recommendation,0.0
chemistry,Polystyrene (drug delivery),https://en.wikipedia.org/wiki/Polystyrene_%28drug_delivery%29,Recommendation,0.0
chemistry,Island of stability,https://en.wikipedia.org/wiki/Island_of_stability,Seed,0.14
chemistry,Unbibium,https://en.wikipedia.org/wiki/Unbibium,Recommendation,0.0
chemistry,Unbihexium,https://en.wikipedia.org/wiki/Unbihexium,Recommendation,0.0
chemistry,Magic number (physics),https://en.wikipedia.org/wiki/Magic_number_%28physics%29,Recommendation,0.0
chemistry,Quipazine,https://en.wikipedia.org/wiki/Quipazine,Seed,0.43
chemistry,VCU-1012,https://en.wikipedia.org/wiki/VCU-1012,Recommendation,0.0
chemistry,1-(2-Naphthyl)piperazine,https://en.wikipedia.org/wiki/1-%282-Naphthyl%29piperazine,Recommendation,0.0
chemistry,MK-212,https://en.wikipedia.org/wiki/MK-212,Recommendation,0.0
chemistry,Capillary condensation,https://en.wikipedia.org/wiki/Capillary_condensation,Seed,0.0
chemistry,Kelvin equation,https://en.wikipedia.org/wiki/Kelvin_equation,Recommendation,0.0
chemistry,Gibbs–Thomson equation,https://en.wikipedia.org/wiki/Gibbs%E2%80%93Thomson_equation,Recommendation,0.0
chemistry,Capillary pressure,https://en.wikipedia.org/wiki/Capillary_pressure,Recommendation,0.0
chemistry,John B. Fenn,https://en.wikipedia.org/wiki/John_B._Fenn,Seed,0.0
chemistry,Electrospray ionization,https://en.wikipedia.org/wiki/Electrospray_ionization,Recommendation,0.0
chemistry,Koichi Tanaka,https://en.wikipedia.org/wiki/Koichi_Tanaka,Recommendation,0.0
chemistry,Richard Caprioli,https://en.wikipedia.org/wiki/Richard_Caprioli,Recommendation,0.0
chemistry,Nanofiber,https://en.wikipedia.org/wiki/Nanofiber,Seed,0.14
chemistry,Nano-scaffold,https://en.wikipedia.org/wiki/Nano-scaffold,Recommendation,0.0
chemistry,Electrospinning,https://en.wikipedia.org/wiki/Electrospinning,Recommendation,0.0
chemistry,Melt electrospinning,https://en.wikipedia.org/wiki/Melt_electrospinning,Recommendation,0.0
internet-culture,Midtown Madness,https://en.wikipedia.org/wiki/Midtown_Madness,Seed,0.0
internet-culture,Midtown Madness 2,https://en.wikipedia.org/wiki/Midtown_Madness_2,Recommendation,0.0
internet-culture,Monster Truck Madness,https://en.wikipedia.org/wiki/Monster_Truck_Madness,Recommendation,0.0
internet-culture,Monster Truck Madness 2,https://en.wikipedia.org/wiki/Monster_Truck_Madness_2,Recommendation,0.0
internet-culture,Vagrant Story,https://en.wikipedia.org/wiki/Vagrant_Story,Seed,0.0
internet-culture,Yasumi Matsuno,https://en.wikipedia.org/wiki/Yasumi_Matsuno,Recommendation,0.14
internet-culture,Hitoshi Sakimoto,https://en.wikipedia.org/wiki/Hitoshi_Sakimoto,Recommendation,0.14
internet-culture,Tactics Ogre,https://en.wikipedia.org/wiki/Tactics_Ogre,Recommendation,0.0
internet-culture,The Legend of Dragoon,https://en.wikipedia.org/wiki/The_Legend_of_Dragoon,Seed,0.0
internet-culture,Wild Arms (video game),https://en.wikipedia.org/wiki/Wild_Arms_%28video_game%29,Recommendation,0.0
internet-culture,Star Ocean: The Second Story,https://en.wikipedia.org/wiki/Star_Ocean%3A_The_Second_Story,Recommendation,0.0
internet-culture,Shuhei Yoshida,https://en.wikipedia.org/wiki/Shuhei_Yoshida,Recommendation,0.0
internet-culture,Legacy of Kain: Soul Reaver,https://en.wikipedia.org/wiki/Legacy_of_Kain%3A_Soul_Reaver,Seed,0.0
internet-culture,Soul Reaver 2,https://en.wikipedia.org/wiki/Soul_Reaver_2,Recommendation,0.0
internet-culture,Legacy of Kain,https://en.wikipedia.org/wiki/Legacy_of_Kain,Recommendation,0.0
internet-culture,Legacy of Kain: Defiance,https://en.wikipedia.org/wiki/Legacy_of_Kain%3A_Defiance,Recommendation,0.0
internet-culture,Super Mario All-Stars,https://en.wikipedia.org/wiki/Super_Mario_All-Stars,Seed,0.0
internet-culture,Super Mario Bros.: The Lost Levels,https://en.wikipedia.org/wiki/Super_Mario_Bros.%3A_The_Lost_Levels,Recommendation,0.0
internet-culture,Super Mario Bros.,https://en.wikipedia.org/wiki/Super_Mario_Bros.,Recommendation,0.0
internet-culture,Super Mario Bros. 2,https://en.wikipedia.org/wiki/Super_Mario_Bros._2,Recommendation,0.57
internet-culture,Tony Hawk's Underground,https://en.wikipedia.org/wiki/Tony_Hawk%27s_Underground,Seed,0.0
internet-culture,Tony Hawk's,https://en.wikipedia.org/wiki/Tony_Hawk%27s,Recommendation,0.0
internet-culture,Tony Hawk's Pro Skater,https://en.wikipedia.org/wiki/Tony_Hawk%27s_Pro_Skater,Recommendation,0.0
internet-culture,Tony Hawk's Underground 2: Remix,https://en.wikipedia.org/wiki/Tony_Hawk%27s_Underground_2%3A_Remix,Recommendation,0.0
internet-culture,Limbo (video game),https://en.wikipedia.org/wiki/Limbo_%28video_game%29,Seed,0.14
internet-culture,Playdead,https://en.wikipedia.org/wiki/Playdead,Recommendation,0.0
internet-culture,Inside (video game),https://en.wikipedia.org/wiki/Inside_%28video_game%29,Recommendation,0.0
internet-culture,Somerville (video game),https://en.wikipedia.org/wiki/Somerville_%28video_game%29,Recommendation,0.0
internet-culture,Five Nights at Freddy's (video game),https://en.wikipedia.org/wiki/Five_Nights_at_Freddy%27s_%28video_game%29,Seed,0.0
internet-culture,Five Nights at Freddy's,https://en.wikipedia.org/wiki/Five_Nights_at_Freddy%27s,Recommendation,0.14
internet-culture,Five Nights at Freddy's 2,https://en.wikipedia.org/wiki/Five_Nights_at_Freddy%27s_2,Recommendation,0.14
internet-culture,Five Nights at Freddy's 3,https://en.wikipedia.org/wiki/Five_Nights_at_Freddy%27s_3,Recommendation,0.29
internet-culture,Uru: Ages Beyond Myst,https://en.wikipedia.org/wiki/Uru%3A_Ages_Beyond_Myst,Seed,0.0
internet-culture,Myst Online: Uru Live,https://en.wikipedia.org/wiki/Myst_Online%3A_Uru_Live,Recommendation,0.0
internet-culture,Cyan Worlds,https://en.wikipedia.org/wiki/Cyan_Worlds,Recommendation,0.0
internet-culture,Rand Miller,https://en.wikipedia.org/wiki/Rand_Miller,Recommendation,0.0
internet-culture,Thirty Flights of Loving,https://en.wikipedia.org/wiki/Thirty_Flights_of_Loving,Seed,0.0
internet-culture,Blendo Games,https://en.wikipedia.org/wiki/Blendo_Games,Recommendation,0.0
internet-culture,Gravity Bone,https://en.wikipedia.org/wiki/Gravity_Bone,Recommendation,0.0
internet-culture,Quadrilateral Cowboy,https://en.wikipedia.org/wiki/Quadrilateral_Cowboy,Recommendation,0.0
internet-culture,Myst III: Exile,https://en.wikipedia.org/wiki/Myst_III%3A_Exile,Seed,0.0
internet-culture,Myst IV: Revelation,https://en.wikipedia.org/wiki/Myst_IV%3A_Revelation,Recommendation,0.0
internet-culture,Myst V: End of Ages,https://en.wikipedia.org/wiki/Myst_V%3A_End_of_Ages,Recommendation,0.0
internet-culture,Atlantis III: The New World,https://en.wikipedia.org/wiki/Atlantis_III%3A_The_New_World,Recommendation,0.0
internet-culture,Cave Story,https://en.wikipedia.org/wiki/Cave_Story,Seed,0.0
internet-culture,Cave Story 3D,https://en.wikipedia.org/wiki/Cave_Story_3D,Recommendation,0.0
internet-culture,Ikachan,https://en.wikipedia.org/wiki/Ikachan,Recommendation,0.0
internet-culture,Daisuke Amaya,https://en.wikipedia.org/wiki/Daisuke_Amaya,Recommendation,0.0
internet-culture,Dungeon Siege,https://en.wikipedia.org/wiki/Dungeon_Siege,Seed,0.0
internet-culture,Dungeon Siege: Throne of Agony,https://en.wikipedia.org/wiki/Dungeon_Siege%3A_Throne_of_Agony,Recommendation,0.0
internet-culture,Dungeon Siege II,https://en.wikipedia.org/wiki/Dungeon_Siege_II,Recommendation,0.0
internet-culture,Wargaming Seattle,https://en.wikipedia.org/wiki/Wargaming_Seattle,Recommendation,0.0
internet-culture,Infinity Blade,https://en.wikipedia.org/wiki/Infinity_Blade,Seed,0.0
internet-culture,Infinity Blade II,https://en.wikipedia.org/wiki/Infinity_Blade_II,Recommendation,0.0
internet-culture,Infinity Blade III,https://en.wikipedia.org/wiki/Infinity_Blade_III,Recommendation,0.0
internet-culture,Infinity Blade: Awakening,https://en.wikipedia.org/wiki/Infinity_Blade%3A_Awakening,Recommendation,0.0
internet-culture,Mario Power Tennis,https://en.wikipedia.org/wiki/Mario_Power_Tennis,Seed,0.0
internet-culture,Mario Tennis,https://en.wikipedia.org/wiki/Mario_Tennis,Recommendation,0.0
internet-culture,Mario Tennis: Ultra Smash,https://en.wikipedia.org/wiki/Mario_Tennis%3A_Ultra_Smash,Recommendation,0.0
internet-culture,Mario Golf: Toadstool Tour,https://en.wikipedia.org/wiki/Mario_Golf%3A_Toadstool_Tour,Recommendation,0.0
internet-culture,Sam & Max: Freelance Police,https://en.wikipedia.org/wiki/Sam_%26_Max%3A_Freelance_Police,Seed,0.0
internet-culture,Sam & Max,https://en.wikipedia.org/wiki/Sam_%26_Max,Recommendation,0.0
internet-culture,Steve Purcell,https://en.wikipedia.org/wiki/Steve_Purcell,Recommendation,0.29
internet-culture,Sam & Max Hit the Road,https://en.wikipedia.org/wiki/Sam_%26_Max_Hit_the_Road,Recommendation,0.0
internet-culture,Paper Mario: Color Splash,https://en.wikipedia.org/wiki/Paper_Mario%3A_Color_Splash,Seed,0.0
internet-culture,Paper Mario: Sticker Star,https://en.wikipedia.org/wiki/Paper_Mario%3A_Sticker_Star,Recommendation,0.29
internet-culture,Paper Mario (video game),https://en.wikipedia.org/wiki/Paper_Mario_%28video_game%29,Recommendation,0.0
internet-culture,Risa Tabata,https://en.wikipedia.org/wiki/Risa_Tabata,Recommendation,0.0
internet-culture,Giants: Citizen Kabuto,https://en.wikipedia.org/wiki/Giants%3A_Citizen_Kabuto,Seed,0.0
internet-culture,Planet Moon Studios,https://en.wikipedia.org/wiki/Planet_Moon_Studios,Recommendation,0.0
internet-culture,Quake III Arena,https://en.wikipedia.org/wiki/Quake_III_Arena,Recommendation,0.14
internet-culture,Descent 3,https://en.wikipedia.org/wiki/Descent_3,Recommendation,0.0
internet-culture,F-Zero GX,https://en.wikipedia.org/wiki/F-Zero_GX,Seed,0.0
internet-culture,Mario Kart Arcade GP,https://en.wikipedia.org/wiki/Mario_Kart_Arcade_GP,Recommendation,0.0
internet-culture,Super Monkey Ball (video game),https://en.wikipedia.org/wiki/Super_Monkey_Ball_%28video_game%29,Recommendation,0.0
internet-culture,F-Zero,https://en.wikipedia.org/wiki/F-Zero,Recommendation,0.14
internet-culture,Turok: Dinosaur Hunter,https://en.wikipedia.org/wiki/Turok%3A_Dinosaur_Hunter,Seed,0.0
internet-culture,Turok 2: Seeds of Evil,https://en.wikipedia.org/wiki/Turok_2%3A_Seeds_of_Evil,Recommendation,0.0
internet-culture,Turok (video game series),https://en.wikipedia.org/wiki/Turok_%28video_game_series%29,Recommendation,0.0
internet-culture,South Park (video game),https://en.wikipedia.org/wiki/South_Park_%28video_game%29,Recommendation,0.0
internet-culture,Sonic Spinball,https://en.wikipedia.org/wiki/Sonic_Spinball,Seed,0.0
internet-culture,Sonic Chaos,https://en.wikipedia.org/wiki/Sonic_Chaos,Recommendation,0.0
internet-culture,Sonic the Hedgehog 2 (8-bit video game),https://en.wikipedia.org/wiki/Sonic_the_Hedgehog_2_%288-bit_video_game%29,Recommendation,0.29
internet-culture,Comix Zone,https://en.wikipedia.org/wiki/Comix_Zone,Recommendation,0.14
internet-culture,Call of Duty: Modern Warfare Remastered,https://en.wikipedia.org/wiki/Call_of_Duty%3A_Modern_Warfare_Remastered,Seed,0.0
internet-culture,Call of Duty 4: Modern Warfare,https://en.wikipedia.org/wiki/Call_of_Duty_4%3A_Modern_Warfare,Recommendation,0.0
internet-culture,Call of Duty: Infinite Warfare,https://en.wikipedia.org/wiki/Call_of_Duty%3A_Infinite_Warfare,Recommendation,0.0
internet-culture,Call of Duty,https://en.wikipedia.org/wiki/Call_of_Duty,Recommendation,0.14
internet-culture,1080° Snowboarding,https://en.wikipedia.org/wiki/1080%C2%B0_Snowboarding,Seed,0.0
internet-culture,Twisted Edge Extreme Snowboarding,https://en.wikipedia.org/wiki/Twisted_Edge_Extreme_Snowboarding,Recommendation,0.0
internet-culture,1080° Avalanche,https://en.wikipedia.org/wiki/1080%C2%B0_Avalanche,Recommendation,0.0
internet-culture,Nagano Winter Olympics '98,https://en.wikipedia.org/wiki/Nagano_Winter_Olympics_%2798,Recommendation,0.0
internet-culture,Bastion (video game),https://en.wikipedia.org/wiki/Bastion_%28video_game%29,Seed,0.0
internet-culture,Supergiant Games,https://en.wikipedia.org/wiki/Supergiant_Games,Recommendation,0.29
internet-culture,Darren Korb,https://en.wikipedia.org/wiki/Darren_Korb,Recommendation,0.0
internet-culture,Transistor (video game),https://en.wikipedia.org/wiki/Transistor_%28video_game%29,Recommendation,0.0
internet-culture,Bejeweled (video game),https://en.wikipedia.org/wiki/Bejeweled_%28video_game%29,Seed,0.0
internet-culture,Bejeweled Twist,https://en.wikipedia.org/wiki/Bejeweled_Twist,Recommendation,0.14
internet-culture,EA Mobile,https://en.wikipedia.org/wiki/EA_Mobile,Recommendation,0.0
internet-culture,Bejeweled (series),https://en.wikipedia.org/wiki/Bejeweled_%28series%29,Recommendation,0.0
internet-culture,Broken Sword: The Shadow of the Templars,https://en.wikipedia.org/wiki/Broken_Sword%3A_The_Shadow_of_the_Templars,Seed,0.0
internet-culture,Broken Sword,https://en.wikipedia.org/wiki/Broken_Sword,Recommendation,0.0
internet-culture,Broken Sword: Shadow of the Templars – The Director's Cut,https://en.wikipedia.org/wiki/Broken_Sword%3A_Shadow_of_the_Templars_%E2%80%93_The_Director%27s_Cut,Recommendation,0.0
internet-culture,The Goat Puzzle,https://en.wikipedia.org/wiki/The_Goat_Puzzle,Recommendation,0.0
internet-culture,Knight Lore,https://en.wikipedia.org/wiki/Knight_Lore,Seed,0.0
internet-culture,Underwurlde,https://en.wikipedia.org/wiki/Underwurlde,Recommendation,0.0
internet-culture,Ultimate Play the Game,https://en.wikipedia.org/wiki/Ultimate_Play_the_Game,Recommendation,0.0
internet-culture,Alien 8,https://en.wikipedia.org/wiki/Alien_8,Recommendation,0.0
internet-culture,Aquaria (video game),https://en.wikipedia.org/wiki/Aquaria_%28video_game%29,Seed,0.0
internet-culture,Alec Holowka,https://en.wikipedia.org/wiki/Alec_Holowka,Recommendation,0.0
internet-culture,Derek Yu,https://en.wikipedia.org/wiki/Derek_Yu,Recommendation,0.0
internet-culture,Night in the Woods,https://en.wikipedia.org/wiki/Night_in_the_Woods,Recommendation,0.0
internet-culture,Crush (video game),https://en.wikipedia.org/wiki/Crush_%28video_game%29,Seed,0.0
internet-culture,Lego Star Wars III: The Clone Wars,https://en.wikipedia.org/wiki/Lego_Star_Wars_III%3A_The_Clone_Wars,Recommendation,0.29
internet-culture,Gurumin,https://en.wikipedia.org/wiki/Gurumin,Recommendation,0.0
internet-culture,Picross 3D,https://en.wikipedia.org/wiki/Picross_3D,Recommendation,0.0
internet-culture,Zero Escape: Virtue's Last Reward,https://en.wikipedia.org/wiki/Zero_Escape%3A_Virtue%27s_Last_Reward,Seed,1.57
internet-culture,Zero Escape,https://en.wikipedia.org/wiki/Zero_Escape,Recommendation,0.0
internet-culture,"999: Nine Hours, Nine Persons, Nine Doors",https://en.wikipedia.org/wiki/999%3A_Nine_Hours%2C_Nine_Persons%2C_Nine_Doors,Recommendation,0.0
internet-culture,Zero Time Dilemma,https://en.wikipedia.org/wiki/Zero_Time_Dilemma,Recommendation,0.0
internet-culture,Mischief Makers,https://en.wikipedia.org/wiki/Mischief_Makers,Seed,0.0
internet-culture,Treasure (company),https://en.wikipedia.org/wiki/Treasure_%28company%29,Recommendation,0.14
internet-culture,Bangai-O,https://en.wikipedia.org/wiki/Bangai-O,Recommendation,0.0
internet-culture,Gunstar Heroes,https://en.wikipedia.org/wiki/Gunstar_Heroes,Recommendation,0.0
internet-culture,Populous: The Beginning,https://en.wikipedia.org/wiki/Populous%3A_The_Beginning,Seed,0.14
internet-culture,Populous (video game),https://en.wikipedia.org/wiki/Populous_%28video_game%29,Recommendation,0.14
internet-culture,Populous (series),https://en.wikipedia.org/wiki/Populous_%28series%29,Recommendation,0.0
internet-culture,Bullfrog Productions,https://en.wikipedia.org/wiki/Bullfrog_Productions,Recommendation,0.0
internet-culture,Radical Dreamers,https://en.wikipedia.org/wiki/Radical_Dreamers,Seed,0.0
internet-culture,Chrono Cross,https://en.wikipedia.org/wiki/Chrono_Cross,Recommendation,0.0
internet-culture,Chrono (series),https://en.wikipedia.org/wiki/Chrono_%28series%29,Recommendation,0.0
internet-culture,Chrono Trigger,https://en.wikipedia.org/wiki/Chrono_Trigger,Recommendation,0.0
internet-culture,Sacrifice (video game),https://en.wikipedia.org/wiki/Sacrifice_%28video_game%29,Seed,0.0
internet-culture,Superbike 2001,https://en.wikipedia.org/wiki/Superbike_2001,Recommendation,0.0
internet-culture,Dungeon Keeper 2,https://en.wikipedia.org/wiki/Dungeon_Keeper_2,Recommendation,0.0
internet-culture,Shogun: Total War,https://en.wikipedia.org/wiki/Shogun%3A_Total_War,Recommendation,0.0
internet-culture,Untitled Goose Game,https://en.wikipedia.org/wiki/Untitled_Goose_Game,Seed,0.0
internet-culture,House House,https://en.wikipedia.org/wiki/House_House,Recommendation,0.0
internet-culture,Dan Golding,https://en.wikipedia.org/wiki/Dan_Golding,Recommendation,0.0
internet-culture,Clustertruck,https://en.wikipedia.org/wiki/Clustertruck,Recommendation,0.0
internet-culture,Thief II,https://en.wikipedia.org/wiki/Thief_II,Seed,0.0
internet-culture,Thief: The Dark Project,https://en.wikipedia.org/wiki/Thief%3A_The_Dark_Project,Recommendation,0.14
internet-culture,Thief: Deadly Shadows,https://en.wikipedia.org/wiki/Thief%3A_Deadly_Shadows,Recommendation,0.0
internet-culture,Thief (series),https://en.wikipedia.org/wiki/Thief_%28series%29,Recommendation,0.14
internet-culture,Empires: Dawn of the Modern World,https://en.wikipedia.org/wiki/Empires%3A_Dawn_of_the_Modern_World,Seed,0.0
internet-culture,Rise and Fall: Civilizations at War,https://en.wikipedia.org/wiki/Rise_and_Fall%3A_Civilizations_at_War,Recommendation,0.0
internet-culture,Empire Earth,https://en.wikipedia.org/wiki/Empire_Earth,Recommendation,0.0
internet-culture,Rick Goodman,https://en.wikipedia.org/wiki/Rick_Goodman,Recommendation,0.0
internet-culture,Fallout 4: Far Harbor,https://en.wikipedia.org/wiki/Fallout_4%3A_Far_Harbor,Seed,0.0
internet-culture,Fallout 4 downloadable content,https://en.wikipedia.org/wiki/Fallout_4_downloadable_content,Recommendation,0.0
internet-culture,Fallout 4: Nuka-World,https://en.wikipedia.org/wiki/Fallout_4%3A_Nuka-World,Recommendation,0.0
internet-culture,Fallout 4,https://en.wikipedia.org/wiki/Fallout_4,Recommendation,0.14
internet-culture,Freedom Planet,https://en.wikipedia.org/wiki/Freedom_Planet,Seed,0.29
internet-culture,Freedom Planet 2,https://en.wikipedia.org/wiki/Freedom_Planet_2,Recommendation,0.0
internet-culture,Sonic Lost World,https://en.wikipedia.org/wiki/Sonic_Lost_World,Recommendation,0.14
internet-culture,Sonic Colors,https://en.wikipedia.org/wiki/Sonic_Colors,Recommendation,0.0
internet-culture,Children of Mana,https://en.wikipedia.org/wiki/Children_of_Mana,Seed,0.0
internet-culture,Heroes of Mana,https://en.wikipedia.org/wiki/Heroes_of_Mana,Recommendation,0.14
internet-culture,Final Fantasy Adventure,https://en.wikipedia.org/wiki/Final_Fantasy_Adventure,Recommendation,0.0
internet-culture,Sword of Mana,https://en.wikipedia.org/wiki/Sword_of_Mana,Recommendation,0.0
internet-culture,Jumping Flash!,https://en.wikipedia.org/wiki/Jumping_Flash%21,Seed,0.0
internet-culture,Jumping Flash! 2,https://en.wikipedia.org/wiki/Jumping_Flash%21_2,Recommendation,0.0
internet-culture,Pocket MuuMuu,https://en.wikipedia.org/wiki/Pocket_MuuMuu,Recommendation,0.14
internet-culture,Geograph Seal,https://en.wikipedia.org/wiki/Geograph_Seal,Recommendation,0.0
internet-culture,Killer Instinct Gold,https://en.wikipedia.org/wiki/Killer_Instinct_Gold,Seed,0.0
internet-culture,Killer Instinct (1994 video game),https://en.wikipedia.org/wiki/Killer_Instinct_%281994_video_game%29,Recommendation,0.0
internet-culture,Mortal Kombat 4,https://en.wikipedia.org/wiki/Mortal_Kombat_4,Recommendation,0.0
internet-culture,Killer Instinct 2,https://en.wikipedia.org/wiki/Killer_Instinct_2,Recommendation,0.0
internet-culture,Panzer Dragoon Saga,https://en.wikipedia.org/wiki/Panzer_Dragoon_Saga,Seed,0.0
internet-culture,Panzer Dragoon,https://en.wikipedia.org/wiki/Panzer_Dragoon,Recommendation,0.0
internet-culture,Panzer Dragoon II Zwei,https://en.wikipedia.org/wiki/Panzer_Dragoon_II_Zwei,Recommendation,0.14
internet-culture,Panzer Dragoon (video game),https://en.wikipedia.org/wiki/Panzer_Dragoon_%28video_game%29,Recommendation,0.0
internet-culture,Monaco: What's Yours Is Mine,https://en.wikipedia.org/wiki/Monaco%3A_What%27s_Yours_Is_Mine,Seed,0.0
internet-culture,Monaco 2,https://en.wikipedia.org/wiki/Monaco_2,Recommendation,0.0
internet-culture,Andy Schatz,https://en.wikipedia.org/wiki/Andy_Schatz,Recommendation,0.0
internet-culture,Tooth and Tail,https://en.wikipedia.org/wiki/Tooth_and_Tail,Recommendation,0.0
internet-culture,Sabre Wulf,https://en.wikipedia.org/wiki/Sabre_Wulf,Seed,0.0
internet-culture,Atic Atac,https://en.wikipedia.org/wiki/Atic_Atac,Recommendation,0.0
internet-culture,Pentagram (video game),https://en.wikipedia.org/wiki/Pentagram_%28video_game%29,Recommendation,0.0
internet-culture,Jetpac,https://en.wikipedia.org/wiki/Jetpac,Recommendation,0.0
internet-culture,Oxenfree,https://en.wikipedia.org/wiki/Oxenfree,Seed,0.0
internet-culture,Night School Studio,https://en.wikipedia.org/wiki/Night_School_Studio,Recommendation,0.0
internet-culture,Oxenfree II: Lost Signals,https://en.wikipedia.org/wiki/Oxenfree_II%3A_Lost_Signals,Recommendation,0.0
internet-culture,Adam Hines,https://en.wikipedia.org/wiki/Adam_Hines,Recommendation,0.0
internet-culture,Flight Unlimited III,https://en.wikipedia.org/wiki/Flight_Unlimited_III,Seed,0.0
internet-culture,Flight Unlimited II,https://en.wikipedia.org/wiki/Flight_Unlimited_II,Recommendation,0.0
internet-culture,Jane's Attack Squadron,https://en.wikipedia.org/wiki/Jane%27s_Attack_Squadron,Recommendation,0.14
internet-culture,Flight Unlimited,https://en.wikipedia.org/wiki/Flight_Unlimited,Recommendation,0.0
internet-culture,Star Control 3,https://en.wikipedia.org/wiki/Star_Control_3,Seed,0.0
internet-culture,Star Control II,https://en.wikipedia.org/wiki/Star_Control_II,Recommendation,0.0
internet-culture,Ur-Quan,https://en.wikipedia.org/wiki/Ur-Quan,Recommendation,0.0
internet-culture,"Stardock Systems, Inc. v. Reiche",https://en.wikipedia.org/wiki/Stardock_Systems%2C_Inc._v._Reiche,Recommendation,0.0
internet-culture,Terra Nova: Strike Force Centauri,https://en.wikipedia.org/wiki/Terra_Nova%3A_Strike_Force_Centauri,Seed,0.0
internet-culture,Voyager (video game),https://en.wikipedia.org/wiki/Voyager_%28video_game%29,Recommendation,0.0
internet-culture,Sid Meier's Alpha Centauri,https://en.wikipedia.org/wiki/Sid_Meier%27s_Alpha_Centauri,Recommendation,0.0
internet-culture,Wing Commander IV: The Price of Freedom,https://en.wikipedia.org/wiki/Wing_Commander_IV%3A_The_Price_of_Freedom,Recommendation,0.0
internet-culture,Iridion 3D,https://en.wikipedia.org/wiki/Iridion_3D,Seed,0.0
internet-culture,Iridion II,https://en.wikipedia.org/wiki/Iridion_II,Recommendation,0.0
internet-culture,Crash Bandicoot: The Huge Adventure,https://en.wikipedia.org/wiki/Crash_Bandicoot%3A_The_Huge_Adventure,Recommendation,0.0
internet-culture,"Monsters, Inc. (video game)",https://en.wikipedia.org/wiki/Monsters%2C_Inc._%28video_game%29,Recommendation,0.0
geographical,New South Greenland,https://en.wikipedia.org/wiki/New_South_Greenland,Seed,0.0
geographical,Benjamin Morrell,https://en.wikipedia.org/wiki/Benjamin_Morrell,Recommendation,0.0
geographical,Second German Antarctic Expedition,https://en.wikipedia.org/wiki/Second_German_Antarctic_Expedition,Recommendation,0.0
geographical,Felix König,https://en.wikipedia.org/wiki/Felix_K%C3%B6nig,Recommendation,0.0
geographical,Mount Berlin,https://en.wikipedia.org/wiki/Mount_Berlin,Seed,0.0
geographical,Mount Hampton,https://en.wikipedia.org/wiki/Mount_Hampton,Recommendation,0.0
geographical,Mount Petras,https://en.wikipedia.org/wiki/Mount_Petras,Recommendation,0.0
geographical,Hudson Mountains,https://en.wikipedia.org/wiki/Hudson_Mountains,Recommendation,0.0
geographical,Mount Takahe,https://en.wikipedia.org/wiki/Mount_Takahe,Seed,0.0
geographical,Marie Byrd Land Volcanic Province,https://en.wikipedia.org/wiki/Marie_Byrd_Land_Volcanic_Province,Recommendation,0.0
geographical,The Pleiades (volcano group),https://en.wikipedia.org/wiki/The_Pleiades_%28volcano_group%29,Recommendation,0.0
geographical,Geography of Antarctica,https://en.wikipedia.org/wiki/Geography_of_Antarctica,Recommendation,0.0
geographical,Crary Mountains,https://en.wikipedia.org/wiki/Crary_Mountains,Seed,0.0
geographical,Mount Rees (Marie Byrd Land),https://en.wikipedia.org/wiki/Mount_Rees_%28Marie_Byrd_Land%29,Recommendation,0.0
geographical,Toney Mountain,https://en.wikipedia.org/wiki/Toney_Mountain,Recommendation,0.0
geographical,Executive Committee Range,https://en.wikipedia.org/wiki/Executive_Committee_Range,Recommendation,0.0
geographical,Cerro Azul (Chile volcano),https://en.wikipedia.org/wiki/Cerro_Azul_%28Chile_volcano%29,Seed,0.0
geographical,Volcanic eruption,https://en.wikipedia.org/wiki/Volcanic_eruption,Recommendation,0.29
geographical,Descabezado Grande,https://en.wikipedia.org/wiki/Descabezado_Grande,Recommendation,0.0
geographical,Bridge River Vent,https://en.wikipedia.org/wiki/Bridge_River_Vent,Recommendation,0.0
geographical,Calabozos,https://en.wikipedia.org/wiki/Calabozos,Seed,0.0
geographical,Cerro Guacha,https://en.wikipedia.org/wiki/Cerro_Guacha,Recommendation,0.0
geographical,Cerro Chao,https://en.wikipedia.org/wiki/Cerro_Chao,Recommendation,0.0
geographical,Cerro Chascon-Runtu Jarita complex,https://en.wikipedia.org/wiki/Cerro_Chascon-Runtu_Jarita_complex,Recommendation,0.0
geographical,Socompa,https://en.wikipedia.org/wiki/Socompa,Seed,0.14
geographical,Pular (volcano),https://en.wikipedia.org/wiki/Pular_%28volcano%29,Recommendation,0.0
geographical,Tata Sabaya,https://en.wikipedia.org/wiki/Tata_Sabaya,Recommendation,0.0
geographical,Apacheta-Aguilucho volcanic complex,https://en.wikipedia.org/wiki/Apacheta-Aguilucho_volcanic_complex,Recommendation,0.0
geographical,Piejūra,https://en.wikipedia.org/wiki/Piej%C5%ABra,Seed,0.0
geographical,Mežaparks (park),https://en.wikipedia.org/wiki/Me%C5%BEaparks_%28park%29,Recommendation,0.0
geographical,Buļļi,https://en.wikipedia.org/wiki/Bu%C4%BC%C4%BCi,Recommendation,0.0
geographical,Gaiziņkalns Nature Park,https://en.wikipedia.org/wiki/Gaizi%C5%86kalns_Nature_Park,Recommendation,0.0
geographical,Taapaca,https://en.wikipedia.org/wiki/Taapaca,Seed,0.0
geographical,Tacora,https://en.wikipedia.org/wiki/Tacora,Recommendation,0.14
geographical,San Pedro (Chile volcano),https://en.wikipedia.org/wiki/San_Pedro_%28Chile_volcano%29,Recommendation,0.0
geographical,Nevado de Longaví,https://en.wikipedia.org/wiki/Nevado_de_Longav%C3%AD,Recommendation,0.0
geographical,Uturuncu,https://en.wikipedia.org/wiki/Uturuncu,Seed,0.0
geographical,Quetena,https://en.wikipedia.org/wiki/Quetena,Recommendation,0.14
geographical,Lazufre,https://en.wikipedia.org/wiki/Lazufre,Recommendation,0.0
geographical,Altiplano–Puna volcanic complex,https://en.wikipedia.org/wiki/Altiplano%E2%80%93Puna_volcanic_complex,Recommendation,0.0
geographical,The Volcano (British Columbia),https://en.wikipedia.org/wiki/The_Volcano_%28British_Columbia%29,Seed,0.0
geographical,Iskut volcanic field,https://en.wikipedia.org/wiki/Iskut_volcanic_field,Recommendation,0.0
geographical,Volcanic history of the Northern Cordilleran Volcanic Province,https://en.wikipedia.org/wiki/Volcanic_history_of_the_Northern_Cordilleran_Volcanic_Province,Recommendation,0.0
geographical,Lava Fork,https://en.wikipedia.org/wiki/Lava_Fork,Recommendation,0.0
geographical,Ubinas,https://en.wikipedia.org/wiki/Ubinas,Seed,0.0
geographical,Ticsani,https://en.wikipedia.org/wiki/Ticsani,Recommendation,0.0
geographical,Sara Sara,https://en.wikipedia.org/wiki/Sara_Sara,Recommendation,0.0
geographical,Casiri (Tacna),https://en.wikipedia.org/wiki/Casiri_%28Tacna%29,Recommendation,0.0
geographical,Hudson Volcano,https://en.wikipedia.org/wiki/Hudson_Volcano,Seed,0.0
geographical,Mentolat,https://en.wikipedia.org/wiki/Mentolat,Recommendation,0.0
geographical,Viedma (volcano),https://en.wikipedia.org/wiki/Viedma_%28volcano%29,Recommendation,0.0
geographical,Lautaro (volcano),https://en.wikipedia.org/wiki/Lautaro_%28volcano%29,Recommendation,0.0
geographical,Mount Melbourne,https://en.wikipedia.org/wiki/Mount_Melbourne,Seed,0.0
geographical,Mount Rittmann,https://en.wikipedia.org/wiki/Mount_Rittmann,Recommendation,0.0
geographical,Mount Morning,https://en.wikipedia.org/wiki/Mount_Morning,Recommendation,0.0
geographical,Bridgeman Island (South Shetland Islands),https://en.wikipedia.org/wiki/Bridgeman_Island_%28South_Shetland_Islands%29,Recommendation,0.0
geographical,Geology of the Lassen volcanic area,https://en.wikipedia.org/wiki/Geology_of_the_Lassen_volcanic_area,Seed,0.0
geographical,Lassen Peak,https://en.wikipedia.org/wiki/Lassen_Peak,Recommendation,0.14
geographical,Mount Tehama,https://en.wikipedia.org/wiki/Mount_Tehama,Recommendation,0.0
geographical,Chaos Crags,https://en.wikipedia.org/wiki/Chaos_Crags,Recommendation,0.0
geographical,Tutupaca,https://en.wikipedia.org/wiki/Tutupaca,Seed,0.0
geographical,Yucamane,https://en.wikipedia.org/wiki/Yucamane,Recommendation,0.0
geographical,Purupuruni,https://en.wikipedia.org/wiki/Purupuruni,Recommendation,0.0
geographical,Lascar (volcano),https://en.wikipedia.org/wiki/Lascar_%28volcano%29,Recommendation,0.14
geographical,Mono–Inyo Craters,https://en.wikipedia.org/wiki/Mono%E2%80%93Inyo_Craters,Seed,0.0
geographical,Long Valley Caldera,https://en.wikipedia.org/wiki/Long_Valley_Caldera,Recommendation,0.0
geographical,Panum Crater,https://en.wikipedia.org/wiki/Panum_Crater,Recommendation,0.0
geographical,Mammoth Mountain,https://en.wikipedia.org/wiki/Mammoth_Mountain,Recommendation,0.0
geographical,Tennena Cone,https://en.wikipedia.org/wiki/Tennena_Cone,Seed,0.0
geographical,Ice Peak,https://en.wikipedia.org/wiki/Ice_Peak,Recommendation,0.0
geographical,Snowshoe Lava Field,https://en.wikipedia.org/wiki/Snowshoe_Lava_Field,Recommendation,0.0
geographical,Volcanism of the Mount Edziza volcanic complex,https://en.wikipedia.org/wiki/Volcanism_of_the_Mount_Edziza_volcanic_complex,Recommendation,0.0
geographical,Hualca Hualca,https://en.wikipedia.org/wiki/Hualca_Hualca,Seed,0.0
geographical,Sabancaya,https://en.wikipedia.org/wiki/Sabancaya,Recommendation,0.14
geographical,Ampato,https://en.wikipedia.org/wiki/Ampato,Recommendation,0.0
geographical,Pichu Pichu,https://en.wikipedia.org/wiki/Pichu_Pichu,Recommendation,0.0
geographical,Cerro Blanco (volcano),https://en.wikipedia.org/wiki/Cerro_Blanco_%28volcano%29,Seed,0.0
geographical,Cueros de Purulla,https://en.wikipedia.org/wiki/Cueros_de_Purulla,Recommendation,0.0
geographical,Galán,https://en.wikipedia.org/wiki/Gal%C3%A1n,Recommendation,0.0
geographical,Vicuña Pampa,https://en.wikipedia.org/wiki/Vicu%C3%B1a_Pampa,Recommendation,0.0
geographical,Spectrum Range,https://en.wikipedia.org/wiki/Spectrum_Range,Seed,0.71
geographical,Kitsu Plateau,https://en.wikipedia.org/wiki/Kitsu_Plateau,Recommendation,0.0
geographical,Mess Creek Escarpment,https://en.wikipedia.org/wiki/Mess_Creek_Escarpment,Recommendation,0.0
geographical,Kuno Peak,https://en.wikipedia.org/wiki/Kuno_Peak,Recommendation,0.0
geographical,Guallatiri,https://en.wikipedia.org/wiki/Guallatiri,Seed,0.0
geographical,Lastarria,https://en.wikipedia.org/wiki/Lastarria,Recommendation,0.0
geographical,Isluga,https://en.wikipedia.org/wiki/Isluga,Recommendation,2.14
geographical,Umurata,https://en.wikipedia.org/wiki/Umurata,Recommendation,0.0
geographical,Incapillo,https://en.wikipedia.org/wiki/Incapillo,Seed,0.0
geographical,Aguas Calientes caldera,https://en.wikipedia.org/wiki/Aguas_Calientes_caldera,Recommendation,0.0
geographical,Luingo,https://en.wikipedia.org/wiki/Luingo,Recommendation,0.0
geographical,Wheelwright caldera,https://en.wikipedia.org/wiki/Wheelwright_caldera,Recommendation,0.0
geographical,Nevado del Ruiz,https://en.wikipedia.org/wiki/Nevado_del_Ruiz,Seed,0.0
geographical,Omayra Sánchez,https://en.wikipedia.org/wiki/Omayra_S%C3%A1nchez,Recommendation,0.0
geographical,Lahar,https://en.wikipedia.org/wiki/Lahar,Recommendation,0.14
geographical,Glacier Peak,https://en.wikipedia.org/wiki/Glacier_Peak,Recommendation,0.0
geographical,Three Sisters (Oregon),https://en.wikipedia.org/wiki/Three_Sisters_%28Oregon%29,Seed,0.0
geographical,Broken Top,https://en.wikipedia.org/wiki/Broken_Top,Recommendation,0.14
geographical,Mount Bachelor,https://en.wikipedia.org/wiki/Mount_Bachelor,Recommendation,0.0
geographical,Indian Heaven,https://en.wikipedia.org/wiki/Indian_Heaven,Recommendation,0.0
geographical,Ojos del Salado,https://en.wikipedia.org/wiki/Ojos_del_Salado,Seed,0.0
geographical,Nevado Tres Cruces,https://en.wikipedia.org/wiki/Nevado_Tres_Cruces,Recommendation,0.0
geographical,Incahuasi,https://en.wikipedia.org/wiki/Incahuasi,Recommendation,0.0
geographical,Los Patos,https://en.wikipedia.org/wiki/Los_Patos,Recommendation,0.0
geographical,Payún Matrú,https://en.wikipedia.org/wiki/Pay%C3%BAn_Matr%C3%BA,Seed,0.0
geographical,Haruj,https://en.wikipedia.org/wiki/Haruj,Recommendation,0.0
geographical,Infiernillo (volcanic field),https://en.wikipedia.org/wiki/Infiernillo_%28volcanic_field%29,Recommendation,0.0
geographical,Cima volcanic field,https://en.wikipedia.org/wiki/Cima_volcanic_field,Recommendation,0.0
geographical,SY Aurora's drift,https://en.wikipedia.org/wiki/SY_Aurora%27s_drift,Seed,0.0
geographical,Ross Sea party,https://en.wikipedia.org/wiki/Ross_Sea_party,Recommendation,0.0
geographical,Joseph Stenhouse,https://en.wikipedia.org/wiki/Joseph_Stenhouse,Recommendation,0.0
geographical,South (book),https://en.wikipedia.org/wiki/South_%28book%29,Recommendation,0.0
geographical,Tocorpuri,https://en.wikipedia.org/wiki/Tocorpuri,Seed,0.0
geographical,Cerro del Azufre,https://en.wikipedia.org/wiki/Cerro_del_Azufre,Recommendation,0.0
geographical,Purico complex,https://en.wikipedia.org/wiki/Purico_complex,Recommendation,0.0
geographical,La Pacana,https://en.wikipedia.org/wiki/La_Pacana,Recommendation,0.0
geographical,Heard Island and McDonald Islands,https://en.wikipedia.org/wiki/Heard_Island_and_McDonald_Islands,Seed,0.71
geographical,Mawson Peak,https://en.wikipedia.org/wiki/Mawson_Peak,Recommendation,0.0
geographical,Kerguelen Plateau,https://en.wikipedia.org/wiki/Kerguelen_Plateau,Recommendation,0.0
geographical,Subantarctic,https://en.wikipedia.org/wiki/Subantarctic,Recommendation,0.0
geographical,Cerro Panizos,https://en.wikipedia.org/wiki/Cerro_Panizos,Seed,0.0
geographical,Vilama (caldera),https://en.wikipedia.org/wiki/Vilama_%28caldera%29,Recommendation,0.0
geographical,Coranzulí (caldera),https://en.wikipedia.org/wiki/Coranzul%C3%AD_%28caldera%29,Recommendation,0.0
geographical,Cerro Tuzgle,https://en.wikipedia.org/wiki/Cerro_Tuzgle,Recommendation,0.14
geographical,Mount Price (British Columbia),https://en.wikipedia.org/wiki/Mount_Price_%28British_Columbia%29,Seed,0.0
geographical,Canadian Cascade Arc,https://en.wikipedia.org/wiki/Canadian_Cascade_Arc,Recommendation,0.0
geographical,Garibaldi Lake volcanic field,https://en.wikipedia.org/wiki/Garibaldi_Lake_volcanic_field,Recommendation,0.0
geographical,The Barrier,https://en.wikipedia.org/wiki/The_Barrier,Recommendation,0.0
geographical,Kamaʻehuakanaloa Seamount,https://en.wikipedia.org/wiki/Kama%CA%BBehuakanaloa_Seamount,Seed,0.14
geographical,Axial Seamount,https://en.wikipedia.org/wiki/Axial_Seamount,Recommendation,0.0
geographical,Kīlauea,https://en.wikipedia.org/wiki/K%C4%ABlauea,Recommendation,0.14
geographical,Limu o Pele,https://en.wikipedia.org/wiki/Limu_o_Pele,Recommendation,0.0
geographical,Pasvik Nature Reserve,https://en.wikipedia.org/wiki/Pasvik_Nature_Reserve,Seed,0.0
geographical,Øvre Pasvik National Park,https://en.wikipedia.org/wiki/%C3%98vre_Pasvik_National_Park,Recommendation,0.0
geographical,Pasvik–Inari Trilateral Park,https://en.wikipedia.org/wiki/Pasvik%E2%80%93Inari_Trilateral_Park,Recommendation,0.0
geographical,Muotkavaara,https://en.wikipedia.org/wiki/Muotkavaara,Recommendation,0.0
geographical,Saguaro National Park,https://en.wikipedia.org/wiki/Saguaro_National_Park,Seed,0.0
geographical,Tucson Mountains,https://en.wikipedia.org/wiki/Tucson_Mountains,Recommendation,0.0
geographical,Sonoran Desert,https://en.wikipedia.org/wiki/Sonoran_Desert,Recommendation,0.0
geographical,Ironwood Forest National Monument,https://en.wikipedia.org/wiki/Ironwood_Forest_National_Monument,Recommendation,0.0
geographical,Mount Edziza,https://en.wikipedia.org/wiki/Mount_Edziza,Seed,0.0
geographical,Nanook Dome,https://en.wikipedia.org/wiki/Nanook_Dome,Recommendation,0.0
geographical,The Pyramid (British Columbia),https://en.wikipedia.org/wiki/The_Pyramid_%28British_Columbia%29,Recommendation,0.0
geographical,Coffee Crater,https://en.wikipedia.org/wiki/Coffee_Crater,Recommendation,0.0
geographical,Huaynaputina,https://en.wikipedia.org/wiki/Huaynaputina,Seed,0.0
geographical,Chachani,https://en.wikipedia.org/wiki/Chachani,Recommendation,0.14
geographical,Andagua volcanic field,https://en.wikipedia.org/wiki/Andagua_volcanic_field,Recommendation,0.0
geographical,Mount Aniakchak,https://en.wikipedia.org/wiki/Mount_Aniakchak,Recommendation,0.0
geographical,Mount Cayley volcanic field,https://en.wikipedia.org/wiki/Mount_Cayley_volcanic_field,Seed,0.0
geographical,Garibaldi Volcanic Belt,https://en.wikipedia.org/wiki/Garibaldi_Volcanic_Belt,Recommendation,0.0
geographical,Mount Fee,https://en.wikipedia.org/wiki/Mount_Fee,Recommendation,0.0
geographical,Mount Cayley,https://en.wikipedia.org/wiki/Mount_Cayley,Recommendation,0.0
geographical,Silverthrone Caldera,https://en.wikipedia.org/wiki/Silverthrone_Caldera,Seed,0.0
geographical,Trudel Creek,https://en.wikipedia.org/wiki/Trudel_Creek,Recommendation,0.0
geographical,Mount Meager massif,https://en.wikipedia.org/wiki/Mount_Meager_massif,Recommendation,0.0
geographical,Charnaud Creek,https://en.wikipedia.org/wiki/Charnaud_Creek,Recommendation,0.0
geographical,Tseax Cone,https://en.wikipedia.org/wiki/Tseax_Cone,Seed,0.0
geographical,Vetter Creek,https://en.wikipedia.org/wiki/Vetter_Creek,Recommendation,0.0
geographical,Lax Ksiluux,https://en.wikipedia.org/wiki/Lax_Ksiluux,Recommendation,0.0
geographical,Nisga'a Memorial Lava Bed Provincial Park,https://en.wikipedia.org/wiki/Nisga%27a_Memorial_Lava_Bed_Provincial_Park,Recommendation,0.0
geographical,Surtsey,https://en.wikipedia.org/wiki/Surtsey,Seed,0.0
geographical,Jólnir,https://en.wikipedia.org/wiki/J%C3%B3lnir,Recommendation,0.0
geographical,Vestmannaeyjar,https://en.wikipedia.org/wiki/Vestmannaeyjar,Recommendation,0.0
geographical,Eldfell,https://en.wikipedia.org/wiki/Eldfell,Recommendation,0.0
geographical,Mount Edziza volcanic complex,https://en.wikipedia.org/wiki/Mount_Edziza_volcanic_complex,Seed,0.0
geographical,Nahta Cone,https://en.wikipedia.org/wiki/Nahta_Cone,Recommendation,0.0
geographical,Big Raven Formation,https://en.wikipedia.org/wiki/Big_Raven_Formation,Recommendation,0.0
geographical,Nagha Creek,https://en.wikipedia.org/wiki/Nagha_Creek,Recommendation,0.0
geographical,Pali-Aike volcanic field,https://en.wikipedia.org/wiki/Pali-Aike_volcanic_field,Seed,0.0
geographical,Potrok Aike,https://en.wikipedia.org/wiki/Potrok_Aike,Recommendation,0.0
geographical,Reclus (volcano),https://en.wikipedia.org/wiki/Reclus_%28volcano%29,Recommendation,0.0
geographical,Pali-Aike National Park,https://en.wikipedia.org/wiki/Pali-Aike_National_Park,Recommendation,0.0
geographical,Level Mountain,https://en.wikipedia.org/wiki/Level_Mountain,Seed,0.0
geographical,Exile Hill,https://en.wikipedia.org/wiki/Exile_Hill,Recommendation,0.0
geographical,Northern Cordilleran Volcanic Province,https://en.wikipedia.org/wiki/Northern_Cordilleran_Volcanic_Province,Recommendation,0.0
geographical,Cocoa Crater,https://en.wikipedia.org/wiki/Cocoa_Crater,Recommendation,0.0
geographical,Llullaillaco,https://en.wikipedia.org/wiki/Llullaillaco,Seed,0.14
geographical,Corrida de Cori,https://en.wikipedia.org/wiki/Corrida_de_Cori,Recommendation,0.0
geographical,Sairecabur,https://en.wikipedia.org/wiki/Sairecabur,Recommendation,0.0
geographical,Volcán Putana,https://en.wikipedia.org/wiki/Volc%C3%A1n_Putana,Recommendation,0.0
geographical,1257 Samalas eruption,https://en.wikipedia.org/wiki/1257_Samalas_eruption,Seed,0.0
geographical,Pamatan,https://en.wikipedia.org/wiki/Pamatan,Recommendation,0.0
geographical,Lake Segara Anak,https://en.wikipedia.org/wiki/Lake_Segara_Anak,Recommendation,0.0
geographical,Newberry Volcano,https://en.wikipedia.org/wiki/Newberry_Volcano,Seed,0.0
geographical,Medicine Lake Volcano,https://en.wikipedia.org/wiki/Medicine_Lake_Volcano,Recommendation,0.0
geographical,Mount Mazama,https://en.wikipedia.org/wiki/Mount_Mazama,Recommendation,0.0
geographical,Sand Mountain Volcanic Field,https://en.wikipedia.org/wiki/Sand_Mountain_Volcanic_Field,Recommendation,0.0
geographical,Farthest South,https://en.wikipedia.org/wiki/Farthest_South,Seed,0.0
geographical,Southern Cross Expedition,https://en.wikipedia.org/wiki/Southern_Cross_Expedition,Recommendation,0.0
geographical,History of Antarctica,https://en.wikipedia.org/wiki/History_of_Antarctica,Recommendation,0.0
geographical,Carsten Borchgrevink,https://en.wikipedia.org/wiki/Carsten_Borchgrevink,Recommendation,0.0
geographical,Joppenbergh Mountain,https://en.wikipedia.org/wiki/Joppenbergh_Mountain,Seed,0.0
geographical,"Rosendale (CDP), New York",https://en.wikipedia.org/wiki/Rosendale_%28CDP%29%2C_New_York,Recommendation,0.0
geographical,Wallkill Valley Rail Trail,https://en.wikipedia.org/wiki/Wallkill_Valley_Rail_Trail,Recommendation,0.0
geographical,Rosendale Trestle,https://en.wikipedia.org/wiki/Rosendale_Trestle,Recommendation,0.0
geographical,Mahoning Creek (Susquehanna River tributary),https://en.wikipedia.org/wiki/Mahoning_Creek_%28Susquehanna_River_tributary%29,Seed,0.0
geographical,Mauses Creek,https://en.wikipedia.org/wiki/Mauses_Creek,Recommendation,0.0
geographical,Sechler Run,https://en.wikipedia.org/wiki/Sechler_Run,Recommendation,0.0
geographical,Kase Run,https://en.wikipedia.org/wiki/Kase_Run,Recommendation,0.0
engineering,Aircraft maintenance,https://en.wikipedia.org/wiki/Aircraft_maintenance,Seed,0.0
engineering,Aerospace manufacturer,https://en.wikipedia.org/wiki/Aerospace_manufacturer,Recommendation,0.0
engineering,Rolls-Royce Trent 1000,https://en.wikipedia.org/wiki/Rolls-Royce_Trent_1000,Recommendation,0.0
engineering,CFM International,https://en.wikipedia.org/wiki/CFM_International,Recommendation,0.0
engineering,Air data inertial reference unit,https://en.wikipedia.org/wiki/Air_data_inertial_reference_unit,Seed,0.0
engineering,Qantas Flight 72,https://en.wikipedia.org/wiki/Qantas_Flight_72,Recommendation,0.0
engineering,Emergency airworthiness directive,https://en.wikipedia.org/wiki/Emergency_airworthiness_directive,Recommendation,0.0
engineering,Flight control modes,https://en.wikipedia.org/wiki/Flight_control_modes,Recommendation,0.0
engineering,FL Technics,https://en.wikipedia.org/wiki/FL_Technics,Seed,0.0
engineering,Avia Solutions Group,https://en.wikipedia.org/wiki/Avia_Solutions_Group,Recommendation,0.0
engineering,JETMS,https://en.wikipedia.org/wiki/JETMS,Recommendation,0.0
engineering,Turkish Technic,https://en.wikipedia.org/wiki/Turkish_Technic,Recommendation,0.0
engineering,Eclipse Aerospace,https://en.wikipedia.org/wiki/Eclipse_Aerospace,Seed,0.0
engineering,Eclipse 550,https://en.wikipedia.org/wiki/Eclipse_550,Recommendation,0.0
engineering,Eclipse Aviation,https://en.wikipedia.org/wiki/Eclipse_Aviation,Recommendation,0.0
engineering,Eclipse 500,https://en.wikipedia.org/wiki/Eclipse_500,Recommendation,0.0
engineering,Air Atlantique,https://en.wikipedia.org/wiki/Air_Atlantique,Seed,0.0
engineering,RVL Aviation,https://en.wikipedia.org/wiki/RVL_Aviation,Recommendation,0.0
engineering,West Atlantic UK,https://en.wikipedia.org/wiki/West_Atlantic_UK,Recommendation,0.0
engineering,Atlas Atlantique Airlines,https://en.wikipedia.org/wiki/Atlas_Atlantique_Airlines,Recommendation,0.0
engineering,Tecnam,https://en.wikipedia.org/wiki/Tecnam,Seed,0.0
engineering,Tecnam P2012 Traveller,https://en.wikipedia.org/wiki/Tecnam_P2012_Traveller,Recommendation,0.0
engineering,Tecnam P2006T,https://en.wikipedia.org/wiki/Tecnam_P2006T,Recommendation,0.0
engineering,Tecnam P2010,https://en.wikipedia.org/wiki/Tecnam_P2010,Recommendation,0.0
engineering,Eastern Airways,https://en.wikipedia.org/wiki/Eastern_Airways,Seed,0.0
engineering,BA Connect,https://en.wikipedia.org/wiki/BA_Connect,Recommendation,0.0
engineering,Stobart Air,https://en.wikipedia.org/wiki/Stobart_Air,Recommendation,0.14
engineering,Loganair,https://en.wikipedia.org/wiki/Loganair,Recommendation,0.0
engineering,Paul Poberezny,https://en.wikipedia.org/wiki/Paul_Poberezny,Seed,0.0
engineering,Experimental Aircraft Association,https://en.wikipedia.org/wiki/Experimental_Aircraft_Association,Recommendation,0.0
engineering,Tom Poberezny,https://en.wikipedia.org/wiki/Tom_Poberezny,Recommendation,0.14
engineering,EAA AirVenture Oshkosh,https://en.wikipedia.org/wiki/EAA_AirVenture_Oshkosh,Recommendation,0.0
engineering,Douglas–Charles Airport,https://en.wikipedia.org/wiki/Douglas%E2%80%93Charles_Airport,Seed,0.14
engineering,George F. L. Charles Airport,https://en.wikipedia.org/wiki/George_F._L._Charles_Airport,Recommendation,0.0
engineering,Cheddi Jagan International Airport,https://en.wikipedia.org/wiki/Cheddi_Jagan_International_Airport,Recommendation,0.0
engineering,Hewanorra International Airport,https://en.wikipedia.org/wiki/Hewanorra_International_Airport,Recommendation,0.0
engineering,Dacia 1310,https://en.wikipedia.org/wiki/Dacia_1310,Seed,0.0
engineering,Dacia 1300,https://en.wikipedia.org/wiki/Dacia_1300,Recommendation,0.0
engineering,Automobile Dacia,https://en.wikipedia.org/wiki/Automobile_Dacia,Recommendation,0.0
engineering,Fiat 125,https://en.wikipedia.org/wiki/Fiat_125,Recommendation,0.0
engineering,Mignet Pou-du-Ciel,https://en.wikipedia.org/wiki/Mignet_Pou-du-Ciel,Seed,0.0
engineering,Dalby Pouchel,https://en.wikipedia.org/wiki/Dalby_Pouchel,Recommendation,0.0
engineering,Mignet HM.14,https://en.wikipedia.org/wiki/Mignet_HM.14,Recommendation,0.0
engineering,APEV Pouchel II,https://en.wikipedia.org/wiki/APEV_Pouchel_II,Recommendation,0.0
engineering,Beechcraft U-21 Ute,https://en.wikipedia.org/wiki/Beechcraft_U-21_Ute,Seed,0.0
engineering,Beechcraft C-12 Huron,https://en.wikipedia.org/wiki/Beechcraft_C-12_Huron,Recommendation,0.0
engineering,Beechcraft King Air,https://en.wikipedia.org/wiki/Beechcraft_King_Air,Recommendation,0.14
engineering,Beechcraft L-23 Seminole,https://en.wikipedia.org/wiki/Beechcraft_L-23_Seminole,Recommendation,0.0
engineering,Maersk Air,https://en.wikipedia.org/wiki/Maersk_Air,Seed,0.0
engineering,History of Maersk Air,https://en.wikipedia.org/wiki/History_of_Maersk_Air,Recommendation,0.0
engineering,Sterling Airlines,https://en.wikipedia.org/wiki/Sterling_Airlines,Recommendation,0.0
engineering,Maersk Air Cargo,https://en.wikipedia.org/wiki/Maersk_Air_Cargo,Recommendation,0.29
engineering,Merpati Nusantara Airlines Flight 8968,https://en.wikipedia.org/wiki/Merpati_Nusantara_Airlines_Flight_8968,Seed,0.0
engineering,Merpati Nusantara Airlines Flight 6517,https://en.wikipedia.org/wiki/Merpati_Nusantara_Airlines_Flight_6517,Recommendation,0.0
engineering,2016 Indonesian Police PZL M28 Skytruck crash,https://en.wikipedia.org/wiki/2016_Indonesian_Police_PZL_M28_Skytruck_crash,Recommendation,0.0
engineering,Xi'an MA60,https://en.wikipedia.org/wiki/Xi%27an_MA60,Recommendation,0.29
engineering,Air Inter,https://en.wikipedia.org/wiki/Air_Inter,Seed,0.0
engineering,TAT European Airlines,https://en.wikipedia.org/wiki/TAT_European_Airlines,Recommendation,0.0
engineering,Indian Airlines,https://en.wikipedia.org/wiki/Indian_Airlines,Recommendation,0.86
engineering,Union de Transports Aériens,https://en.wikipedia.org/wiki/Union_de_Transports_A%C3%A9riens,Recommendation,0.0
engineering,Buhl Airsedan,https://en.wikipedia.org/wiki/Buhl_Airsedan,Seed,0.0
engineering,Waco D series,https://en.wikipedia.org/wiki/Waco_D_series,Recommendation,0.0
engineering,Stinson Detroiter,https://en.wikipedia.org/wiki/Stinson_Detroiter,Recommendation,0.0
engineering,Stinson Junior,https://en.wikipedia.org/wiki/Stinson_Junior,Recommendation,0.0
engineering,Hammerfest Airport,https://en.wikipedia.org/wiki/Hammerfest_Airport,Seed,0.0
engineering,Hasvik Airport,https://en.wikipedia.org/wiki/Hasvik_Airport,Recommendation,0.0
engineering,Berlevåg Airport,https://en.wikipedia.org/wiki/Berlev%C3%A5g_Airport,Recommendation,0.0
engineering,Vadsø Airport,https://en.wikipedia.org/wiki/Vads%C3%B8_Airport,Recommendation,0.0
engineering,Mannheim City Airport,https://en.wikipedia.org/wiki/Mannheim_City_Airport,Seed,0.29
engineering,Cirrus Airlines,https://en.wikipedia.org/wiki/Cirrus_Airlines,Recommendation,0.0
engineering,Kiel Airport,https://en.wikipedia.org/wiki/Kiel_Airport,Recommendation,0.0
engineering,Friedrichshafen Airport,https://en.wikipedia.org/wiki/Friedrichshafen_Airport,Recommendation,0.0
engineering,Short Sperrin,https://en.wikipedia.org/wiki/Short_Sperrin,Seed,0.0
engineering,De Havilland Gyron,https://en.wikipedia.org/wiki/De_Havilland_Gyron,Recommendation,0.0
engineering,De Havilland Gyron Junior,https://en.wikipedia.org/wiki/De_Havilland_Gyron_Junior,Recommendation,0.43
engineering,Avro Ashton,https://en.wikipedia.org/wiki/Avro_Ashton,Recommendation,0.0
engineering,BYD Song Max,https://en.wikipedia.org/wiki/BYD_Song_Max,Seed,0.0
engineering,BYD Song,https://en.wikipedia.org/wiki/BYD_Song,Recommendation,0.0
engineering,BYD Seal,https://en.wikipedia.org/wiki/BYD_Seal,Recommendation,0.14
engineering,BYD Song Plus,https://en.wikipedia.org/wiki/BYD_Song_Plus,Recommendation,0.0
engineering,Sikorsky Memorial Airport,https://en.wikipedia.org/wiki/Sikorsky_Memorial_Airport,Seed,0.0
engineering,Connecticut Air & Space Center,https://en.wikipedia.org/wiki/Connecticut_Air_%26_Space_Center,Recommendation,0.0
engineering,US Helicopter,https://en.wikipedia.org/wiki/US_Helicopter,Recommendation,0.0
engineering,Scholes International Airport at Galveston,https://en.wikipedia.org/wiki/Scholes_International_Airport_at_Galveston,Recommendation,0.0
engineering,Gordon Bennett Trophy (aeroplanes),https://en.wikipedia.org/wiki/Gordon_Bennett_Trophy_%28aeroplanes%29,Seed,0.0
engineering,Blériot XXIII,https://en.wikipedia.org/wiki/Bl%C3%A9riot_XXIII,Recommendation,0.0
engineering,Alfred Leblanc,https://en.wikipedia.org/wiki/Alfred_Leblanc,Recommendation,0.0
engineering,Charles Terres Weymann,https://en.wikipedia.org/wiki/Charles_Terres_Weymann,Recommendation,0.0
engineering,Saunders-Roe Skeeter,https://en.wikipedia.org/wiki/Saunders-Roe_Skeeter,Seed,0.0
engineering,Cierva Autogiro Company,https://en.wikipedia.org/wiki/Cierva_Autogiro_Company,Recommendation,0.0
engineering,Fairey Ultra-light Helicopter,https://en.wikipedia.org/wiki/Fairey_Ultra-light_Helicopter,Recommendation,0.0
engineering,Saro P.531,https://en.wikipedia.org/wiki/Saro_P.531,Recommendation,0.0
engineering,1955 MacArthur Airport United Air Lines crash,https://en.wikipedia.org/wiki/1955_MacArthur_Airport_United_Air_Lines_crash,Seed,0.0
engineering,1966 Air New Zealand DC-8 crash,https://en.wikipedia.org/wiki/1966_Air_New_Zealand_DC-8_crash,Recommendation,0.0
engineering,Thrust reversal,https://en.wikipedia.org/wiki/Thrust_reversal,Recommendation,0.0
engineering,Kish Air Flight 7170,https://en.wikipedia.org/wiki/Kish_Air_Flight_7170,Recommendation,0.0
engineering,Alta Airport,https://en.wikipedia.org/wiki/Alta_Airport,Seed,0.0
engineering,Kirkenes Airport,https://en.wikipedia.org/wiki/Kirkenes_Airport,Recommendation,0.0
engineering,Tromsø Airport,https://en.wikipedia.org/wiki/Troms%C3%B8_Airport,Recommendation,0.57
engineering,Honningsvåg Airport,https://en.wikipedia.org/wiki/Honningsv%C3%A5g_Airport,Recommendation,0.0
engineering,Slick Airways,https://en.wikipedia.org/wiki/Slick_Airways,Seed,0.0
engineering,Airlift International,https://en.wikipedia.org/wiki/Airlift_International,Recommendation,0.14
engineering,U. S. Airlines,https://en.wikipedia.org/wiki/U._S._Airlines,Recommendation,0.0
engineering,Supplemental air carrier,https://en.wikipedia.org/wiki/Supplemental_air_carrier,Recommendation,0.14
engineering,Balkan Bulgarian Airlines,https://en.wikipedia.org/wiki/Balkan_Bulgarian_Airlines,Seed,0.0
engineering,1977 Libyan Arab Airlines Tu-154 crash,https://en.wikipedia.org/wiki/1977_Libyan_Arab_Airlines_Tu-154_crash,Recommendation,0.0
engineering,Hemus Air,https://en.wikipedia.org/wiki/Hemus_Air,Recommendation,0.0
engineering,Balkan Bulgarian Airlines Flight 307,https://en.wikipedia.org/wiki/Balkan_Bulgarian_Airlines_Flight_307,Recommendation,0.0
engineering,ASA (automobile),https://en.wikipedia.org/wiki/ASA_%28automobile%29,Seed,0.14
engineering,Ferrari 250,https://en.wikipedia.org/wiki/Ferrari_250,Recommendation,0.0
engineering,Carrozzeria Sports Cars,https://en.wikipedia.org/wiki/Carrozzeria_Sports_Cars,Recommendation,0.0
engineering,Ferrari 250 GT Coupé,https://en.wikipedia.org/wiki/Ferrari_250_GT_Coup%C3%A9,Recommendation,0.0
engineering,Junkers Ju 90,https://en.wikipedia.org/wiki/Junkers_Ju_90,Seed,0.0
engineering,Blohm & Voss BV 144,https://en.wikipedia.org/wiki/Blohm_%26_Voss_BV_144,Recommendation,0.0
engineering,Junkers Ju 89,https://en.wikipedia.org/wiki/Junkers_Ju_89,Recommendation,0.0
engineering,Junkers Ju 86,https://en.wikipedia.org/wiki/Junkers_Ju_86,Recommendation,0.0
engineering,Sono Motors Sion,https://en.wikipedia.org/wiki/Sono_Motors_Sion,Seed,0.0
engineering,Sono Motors,https://en.wikipedia.org/wiki/Sono_Motors,Recommendation,0.0
engineering,Valmet Automotive,https://en.wikipedia.org/wiki/Valmet_Automotive,Recommendation,0.0
engineering,Karma Revero,https://en.wikipedia.org/wiki/Karma_Revero,Recommendation,0.0
engineering,Simca Aronde,https://en.wikipedia.org/wiki/Simca_Aronde,Seed,0.29
engineering,Simca 8,https://en.wikipedia.org/wiki/Simca_8,Recommendation,0.0
engineering,Renault Nervastella,https://en.wikipedia.org/wiki/Renault_Nervastella,Recommendation,0.0
engineering,Peugeot 403,https://en.wikipedia.org/wiki/Peugeot_403,Recommendation,0.14
engineering,Pan Am Flight 7,https://en.wikipedia.org/wiki/Pan_Am_Flight_7,Seed,0.0
engineering,Paradise Airlines Flight 901A,https://en.wikipedia.org/wiki/Paradise_Airlines_Flight_901A,Recommendation,0.0
engineering,Boeing 377 Stratocruiser,https://en.wikipedia.org/wiki/Boeing_377_Stratocruiser,Recommendation,0.0
engineering,Pan Am Flight 6,https://en.wikipedia.org/wiki/Pan_Am_Flight_6,Recommendation,0.0
engineering,Pratt & Whitney/Allison 578-DX,https://en.wikipedia.org/wiki/Pratt_%26_Whitney/Allison_578-DX,Seed,0.14
engineering,General Electric GE36,https://en.wikipedia.org/wiki/General_Electric_GE36,Recommendation,0.0
engineering,Propfan,https://en.wikipedia.org/wiki/Propfan,Recommendation,0.0
engineering,McDonnell Douglas MD-94X,https://en.wikipedia.org/wiki/McDonnell_Douglas_MD-94X,Recommendation,0.0
engineering,Tjilik Riwut Airport,https://en.wikipedia.org/wiki/Tjilik_Riwut_Airport,Seed,0.0
engineering,Soekarno–Hatta International Airport,https://en.wikipedia.org/wiki/Soekarno%E2%80%93Hatta_International_Airport,Recommendation,3.43
engineering,Juanda International Airport,https://en.wikipedia.org/wiki/Juanda_International_Airport,Recommendation,0.43
engineering,Sultan Aji Muhammad Sulaiman Sepinggan Airport,https://en.wikipedia.org/wiki/Sultan_Aji_Muhammad_Sulaiman_Sepinggan_Airport,Recommendation,0.0
engineering,Mercedes-Benz B-Class (W246),https://en.wikipedia.org/wiki/Mercedes-Benz_B-Class_%28W246%29,Seed,0.0
engineering,Mercedes-Benz C-Class (W204),https://en.wikipedia.org/wiki/Mercedes-Benz_C-Class_%28W204%29,Recommendation,0.14
engineering,Mercedes-Benz CL-Class (C216),https://en.wikipedia.org/wiki/Mercedes-Benz_CL-Class_%28C216%29,Recommendation,0.0
engineering,Mercedes-Benz CLA,https://en.wikipedia.org/wiki/Mercedes-Benz_CLA,Recommendation,0.0
engineering,Austin Twenty,https://en.wikipedia.org/wiki/Austin_Twenty,Seed,0.0
engineering,Lanchester Motor Company,https://en.wikipedia.org/wiki/Lanchester_Motor_Company,Recommendation,0.0
engineering,Austin 16,https://en.wikipedia.org/wiki/Austin_16,Recommendation,0.0
engineering,Morris Oxford Six,https://en.wikipedia.org/wiki/Morris_Oxford_Six,Recommendation,0.0
engineering,Avia B-534,https://en.wikipedia.org/wiki/Avia_B-534,Seed,0.0
engineering,Avia B-34,https://en.wikipedia.org/wiki/Avia_B-34,Recommendation,0.0
engineering,Bloch MB.200,https://en.wikipedia.org/wiki/Bloch_MB.200,Recommendation,0.0
engineering,Wibault 7,https://en.wikipedia.org/wiki/Wibault_7,Recommendation,0.0
engineering,Gressholmen Airport,https://en.wikipedia.org/wiki/Gressholmen_Airport,Seed,0.0
engineering,"Oslo Airport, Fornebu",https://en.wikipedia.org/wiki/Oslo_Airport%2C_Fornebu,Recommendation,0.0
engineering,Det Norske Luftfartsrederi,https://en.wikipedia.org/wiki/Det_Norske_Luftfartsrederi,Recommendation,0.0
engineering,Norwegian Air Lines,https://en.wikipedia.org/wiki/Norwegian_Air_Lines,Recommendation,0.0
engineering,Karl Gratz,https://en.wikipedia.org/wiki/Karl_Gratz,Seed,0.0
engineering,Friedrich Wachowiak,https://en.wikipedia.org/wiki/Friedrich_Wachowiak,Recommendation,0.0
engineering,Otto Fönnekold,https://en.wikipedia.org/wiki/Otto_F%C3%B6nnekold,Recommendation,0.0
engineering,Hans Dammers,https://en.wikipedia.org/wiki/Hans_Dammers,Recommendation,0.0
engineering,Guangxi Automobile Group,https://en.wikipedia.org/wiki/Guangxi_Automobile_Group,Seed,0.14
engineering,Wuling Motors,https://en.wikipedia.org/wiki/Wuling_Motors,Recommendation,0.14
engineering,Wuling,https://en.wikipedia.org/wiki/Wuling,Recommendation,0.0
engineering,SAIC-GM-Wuling,https://en.wikipedia.org/wiki/SAIC-GM-Wuling,Recommendation,0.43
engineering,Bond Minicar,https://en.wikipedia.org/wiki/Bond_Minicar,Seed,0.0
engineering,Bond Cars,https://en.wikipedia.org/wiki/Bond_Cars,Recommendation,0.0
engineering,Reliant Motors,https://en.wikipedia.org/wiki/Reliant_Motors,Recommendation,0.0
engineering,Meadows Frisky,https://en.wikipedia.org/wiki/Meadows_Frisky,Recommendation,0.0
engineering,Léon Lemartin,https://en.wikipedia.org/wiki/L%C3%A9on_Lemartin,Seed,0.0
engineering,Blériot XI,https://en.wikipedia.org/wiki/Bl%C3%A9riot_XI,Recommendation,0.0
engineering,Léon Delagrange,https://en.wikipedia.org/wiki/L%C3%A9on_Delagrange,Recommendation,0.0
engineering,Jules Védrines,https://en.wikipedia.org/wiki/Jules_V%C3%A9drines,Recommendation,0.0
engineering,Fuzhou Changle International Airport,https://en.wikipedia.org/wiki/Fuzhou_Changle_International_Airport,Seed,0.14
engineering,Quanzhou Jinjiang International Airport,https://en.wikipedia.org/wiki/Quanzhou_Jinjiang_International_Airport,Recommendation,0.0
engineering,Xishuangbanna Gasa International Airport,https://en.wikipedia.org/wiki/Xishuangbanna_Gasa_International_Airport,Recommendation,0.0
engineering,Nantong Xingdong International Airport,https://en.wikipedia.org/wiki/Nantong_Xingdong_International_Airport,Recommendation,0.29
engineering,Florø Airport,https://en.wikipedia.org/wiki/Flor%C3%B8_Airport,Seed,0.0
engineering,Sandane Airport,https://en.wikipedia.org/wiki/Sandane_Airport,Recommendation,0.0
engineering,Førde Airport,https://en.wikipedia.org/wiki/F%C3%B8rde_Airport,Recommendation,0.0
engineering,Sogndal Airport,https://en.wikipedia.org/wiki/Sogndal_Airport,Recommendation,0.0
engineering,McDonnell Douglas F-4 Phantom II,https://en.wikipedia.org/wiki/McDonnell_Douglas_F-4_Phantom_II,Seed,0.57
engineering,McDonnell Douglas F-4 Phantom II non-U.S. operators,https://en.wikipedia.org/wiki/McDonnell_Douglas_F-4_Phantom_II_non-U.S._operators,Recommendation,0.0
engineering,20th Fighter Squadron,https://en.wikipedia.org/wiki/20th_Fighter_Squadron,Recommendation,0.0
engineering,501st Tactical Reconnaissance Squadron (JASDF),https://en.wikipedia.org/wiki/501st_Tactical_Reconnaissance_Squadron_%28JASDF%29,Recommendation,0.0
engineering,Thai Airways International Flight 114,https://en.wikipedia.org/wiki/Thai_Airways_International_Flight_114,Seed,0.0
engineering,Philippine Airlines Flight 143,https://en.wikipedia.org/wiki/Philippine_Airlines_Flight_143,Recommendation,0.0
engineering,China Airlines Flight 120,https://en.wikipedia.org/wiki/China_Airlines_Flight_120,Recommendation,0.0
engineering,Inerting system,https://en.wikipedia.org/wiki/Inerting_system,Recommendation,0.0
engineering,Tail gunner,https://en.wikipedia.org/wiki/Tail_gunner,Seed,0.0
engineering,Nose gunner,https://en.wikipedia.org/wiki/Nose_gunner,Recommendation,0.0
engineering,Ball turret,https://en.wikipedia.org/wiki/Ball_turret,Recommendation,0.0
engineering,Gun turret,https://en.wikipedia.org/wiki/Gun_turret,Recommendation,0.0
engineering,Walter Oesau,https://en.wikipedia.org/wiki/Walter_Oesau,Seed,0.0
engineering,Hartmann Grasser,https://en.wikipedia.org/wiki/Hartmann_Grasser,Recommendation,0.0
engineering,Walter Adolph,https://en.wikipedia.org/wiki/Walter_Adolph,Recommendation,0.29
engineering,Max Bucholz,https://en.wikipedia.org/wiki/Max_Bucholz,Recommendation,0.0
engineering,Republic Airport,https://en.wikipedia.org/wiki/Republic_Airport,Seed,0.0
engineering,Runway excursion,https://en.wikipedia.org/wiki/Runway_excursion,Recommendation,0.57
engineering,Peter O. Knight Airport,https://en.wikipedia.org/wiki/Peter_O._Knight_Airport,Recommendation,0.0
engineering,Fort Lauderdale Executive Airport,https://en.wikipedia.org/wiki/Fort_Lauderdale_Executive_Airport,Recommendation,0.0
engineering,Tuzla International Airport,https://en.wikipedia.org/wiki/Tuzla_International_Airport,Recommendation,1.14
engineering,Airports of Serbia,https://en.wikipedia.org/wiki/Airports_of_Serbia,Recommendation,0.0
engineering,Sarajevo International Airport,https://en.wikipedia.org/wiki/Sarajevo_International_Airport,Recommendation,0.0
stem,H II region,https://en.wikipedia.org/wiki/H_II_region,Seed,0.0
stem,Flame Nebula,https://en.wikipedia.org/wiki/Flame_Nebula,Recommendation,0.0
stem,Rosette Nebula,https://en.wikipedia.org/wiki/Rosette_Nebula,Recommendation,0.0
stem,Tarantula Nebula,https://en.wikipedia.org/wiki/Tarantula_Nebula,Recommendation,0.0
stem,Circinus,https://en.wikipedia.org/wiki/Circinus,Seed,0.0
stem,Telescopium,https://en.wikipedia.org/wiki/Telescopium,Recommendation,0.0
stem,Pyxis,https://en.wikipedia.org/wiki/Pyxis,Recommendation,0.0
stem,Vela (constellation),https://en.wikipedia.org/wiki/Vela_%28constellation%29,Recommendation,0.0
stem,Australian green tree frog,https://en.wikipedia.org/wiki/Australian_green_tree_frog,Seed,0.0
stem,Chocolate tree frog,https://en.wikipedia.org/wiki/Chocolate_tree_frog,Recommendation,0.0
stem,Magnificent tree frog,https://en.wikipedia.org/wiki/Magnificent_tree_frog,Recommendation,0.0
stem,White-lipped tree frog,https://en.wikipedia.org/wiki/White-lipped_tree_frog,Recommendation,0.0
stem,Caelum,https://en.wikipedia.org/wiki/Caelum,Seed,0.0
stem,RR Caeli,https://en.wikipedia.org/wiki/RR_Caeli,Recommendation,0.14
stem,Phoenix (constellation),https://en.wikipedia.org/wiki/Phoenix_%28constellation%29,Recommendation,0.0
stem,Pictor,https://en.wikipedia.org/wiki/Pictor,Recommendation,0.0
stem,Paranthodon,https://en.wikipedia.org/wiki/Paranthodon,Seed,0.0
stem,Anthodon (reptile),https://en.wikipedia.org/wiki/Anthodon_%28reptile%29,Recommendation,0.0
stem,Timeline of stegosaur research,https://en.wikipedia.org/wiki/Timeline_of_stegosaur_research,Recommendation,0.0
stem,Palaeoscincus,https://en.wikipedia.org/wiki/Palaeoscincus,Recommendation,0.0
stem,Eastern green mamba,https://en.wikipedia.org/wiki/Eastern_green_mamba,Seed,0.0
stem,Jameson's mamba,https://en.wikipedia.org/wiki/Jameson%27s_mamba,Recommendation,0.0
stem,Mamba,https://en.wikipedia.org/wiki/Mamba,Recommendation,0.0
stem,Western green mamba,https://en.wikipedia.org/wiki/Western_green_mamba,Recommendation,0.0
stem,Cryptoprocta spelea,https://en.wikipedia.org/wiki/Cryptoprocta_spelea,Seed,0.71
stem,Cryptoprocta,https://en.wikipedia.org/wiki/Cryptoprocta,Recommendation,0.57
stem,Cryptoprocta bevatabe,https://en.wikipedia.org/wiki/Cryptoprocta_bevatabe,Recommendation,1.0
stem,Hypogeomys australis,https://en.wikipedia.org/wiki/Hypogeomys_australis,Recommendation,0.0
stem,Hurricane Fay,https://en.wikipedia.org/wiki/Hurricane_Fay,Seed,0.0
stem,Hurricane Gonzalo,https://en.wikipedia.org/wiki/Hurricane_Gonzalo,Recommendation,0.0
stem,Hurricane Paulette,https://en.wikipedia.org/wiki/Hurricane_Paulette,Recommendation,0.0
stem,Hurricane Nicole (2016),https://en.wikipedia.org/wiki/Hurricane_Nicole_%282016%29,Recommendation,0.0
stem,Entoloma sinuatum,https://en.wikipedia.org/wiki/Entoloma_sinuatum,Seed,0.0
stem,Entoloma,https://en.wikipedia.org/wiki/Entoloma,Recommendation,0.0
stem,Entoloma rhodopolium,https://en.wikipedia.org/wiki/Entoloma_rhodopolium,Recommendation,0.0
stem,Entoloma prunuloides,https://en.wikipedia.org/wiki/Entoloma_prunuloides,Recommendation,0.0
stem,Nyctibatrachus major,https://en.wikipedia.org/wiki/Nyctibatrachus_major,Seed,0.0
stem,Spinular night frog,https://en.wikipedia.org/wiki/Spinular_night_frog,Recommendation,0.29
stem,Nyctibatrachus sabarimalai,https://en.wikipedia.org/wiki/Nyctibatrachus_sabarimalai,Recommendation,0.0
stem,Nyctibatrachus robinmoorei,https://en.wikipedia.org/wiki/Nyctibatrachus_robinmoorei,Recommendation,0.0
stem,Kauri dieback,https://en.wikipedia.org/wiki/Kauri_dieback,Seed,0.0
stem,Goldie Bush Scenic Reserve,https://en.wikipedia.org/wiki/Goldie_Bush_Scenic_Reserve,Recommendation,0.0
stem,Waitākere Ranges,https://en.wikipedia.org/wiki/Wait%C4%81kere_Ranges,Recommendation,0.0
stem,Kitekite Falls,https://en.wikipedia.org/wiki/Kitekite_Falls,Recommendation,0.0
stem,Glassy sprat,https://en.wikipedia.org/wiki/Glassy_sprat,Seed,0.0
stem,Coastal fish,https://en.wikipedia.org/wiki/Coastal_fish,Recommendation,0.0
stem,Australian herring,https://en.wikipedia.org/wiki/Australian_herring,Recommendation,0.0
stem,Arripis,https://en.wikipedia.org/wiki/Arripis,Recommendation,0.0
stem,Stokes's skink,https://en.wikipedia.org/wiki/Stokes%27s_skink,Seed,0.0
stem,Southwestern crevice-skink,https://en.wikipedia.org/wiki/Southwestern_crevice-skink,Recommendation,0.0
stem,Cunningham's spiny-tailed skink,https://en.wikipedia.org/wiki/Cunningham%27s_spiny-tailed_skink,Recommendation,0.0
stem,Pygmy spiny-tailed skink,https://en.wikipedia.org/wiki/Pygmy_spiny-tailed_skink,Recommendation,0.0
stem,Staurois tuberilinguis,https://en.wikipedia.org/wiki/Staurois_tuberilinguis,Seed,0.0
stem,Staurois,https://en.wikipedia.org/wiki/Staurois,Recommendation,0.0
stem,Rock skipper,https://en.wikipedia.org/wiki/Rock_skipper,Recommendation,0.0
stem,Allobates femoralis,https://en.wikipedia.org/wiki/Allobates_femoralis,Recommendation,0.0
stem,ANLN,https://en.wikipedia.org/wiki/ANLN,Seed,0.14
stem,Citron kinase,https://en.wikipedia.org/wiki/Citron_kinase,Recommendation,0.14
stem,Actomyosin ring,https://en.wikipedia.org/wiki/Actomyosin_ring,Recommendation,0.0
stem,Cleavage furrow,https://en.wikipedia.org/wiki/Cleavage_furrow,Recommendation,0.0
stem,Myriopteris lanosa,https://en.wikipedia.org/wiki/Myriopteris_lanosa,Seed,0.0
stem,Myriopteris tomentosa,https://en.wikipedia.org/wiki/Myriopteris_tomentosa,Recommendation,0.0
stem,Myriopteris clevelandii,https://en.wikipedia.org/wiki/Myriopteris_clevelandii,Recommendation,0.0
stem,Myriopteris alabamensis,https://en.wikipedia.org/wiki/Myriopteris_alabamensis,Recommendation,0.0
stem,Cytochrome b5 reductase,https://en.wikipedia.org/wiki/Cytochrome_b5_reductase,Seed,0.0
stem,Methemoglobinemia,https://en.wikipedia.org/wiki/Methemoglobinemia,Recommendation,0.0
stem,CYB5R3,https://en.wikipedia.org/wiki/CYB5R3,Recommendation,0.0
stem,Methemoglobin,https://en.wikipedia.org/wiki/Methemoglobin,Recommendation,0.0
stem,Hurricane Walaka,https://en.wikipedia.org/wiki/Hurricane_Walaka,Seed,0.0
stem,2018 Pacific hurricane season,https://en.wikipedia.org/wiki/2018_Pacific_hurricane_season,Recommendation,0.14
stem,Hurricane Olivia (2018),https://en.wikipedia.org/wiki/Hurricane_Olivia_%282018%29,Recommendation,0.0
stem,2019 Pacific hurricane season,https://en.wikipedia.org/wiki/2019_Pacific_hurricane_season,Recommendation,0.14
stem,Hubble Deep Field,https://en.wikipedia.org/wiki/Hubble_Deep_Field,Seed,0.0
stem,Hubble Deep Field South,https://en.wikipedia.org/wiki/Hubble_Deep_Field_South,Recommendation,0.0
stem,Great Observatories Origins Deep Survey,https://en.wikipedia.org/wiki/Great_Observatories_Origins_Deep_Survey,Recommendation,0.0
stem,Hubble Ultra-Deep Field,https://en.wikipedia.org/wiki/Hubble_Ultra-Deep_Field,Recommendation,0.0
stem,Javan slow loris,https://en.wikipedia.org/wiki/Javan_slow_loris,Seed,0.0
stem,Loris,https://en.wikipedia.org/wiki/Loris,Recommendation,0.0
stem,? Nycticebus linglom,https://en.wikipedia.org/wiki/%3F_Nycticebus_linglom,Recommendation,0.0
stem,Anna Nekaris,https://en.wikipedia.org/wiki/Anna_Nekaris,Recommendation,0.0
stem,Globular cluster,https://en.wikipedia.org/wiki/Globular_cluster,Seed,0.43
stem,NGC 6388,https://en.wikipedia.org/wiki/NGC_6388,Recommendation,0.0
stem,NGC 5466,https://en.wikipedia.org/wiki/NGC_5466,Recommendation,0.0
stem,Dwarf galaxy,https://en.wikipedia.org/wiki/Dwarf_galaxy,Recommendation,0.0
stem,Smooth toadfish,https://en.wikipedia.org/wiki/Smooth_toadfish,Seed,0.0
stem,Common toadfish,https://en.wikipedia.org/wiki/Common_toadfish,Recommendation,0.0
stem,Tetractenos,https://en.wikipedia.org/wiki/Tetractenos,Recommendation,0.0
stem,Arothron reticularis,https://en.wikipedia.org/wiki/Arothron_reticularis,Recommendation,0.0
stem,Typhoon Bilis (2000),https://en.wikipedia.org/wiki/Typhoon_Bilis_%282000%29,Seed,0.0
stem,Typhoon Krosa (2007),https://en.wikipedia.org/wiki/Typhoon_Krosa_%282007%29,Recommendation,0.0
stem,2006 Pacific typhoon season,https://en.wikipedia.org/wiki/2006_Pacific_typhoon_season,Recommendation,0.14
stem,Typhoon Kujira (2003),https://en.wikipedia.org/wiki/Typhoon_Kujira_%282003%29,Recommendation,0.0
stem,Arctic tern,https://en.wikipedia.org/wiki/Arctic_tern,Seed,0.14
stem,Tern,https://en.wikipedia.org/wiki/Tern,Recommendation,0.14
stem,Antarctic tern,https://en.wikipedia.org/wiki/Antarctic_tern,Recommendation,0.0
stem,Common tern,https://en.wikipedia.org/wiki/Common_tern,Recommendation,0.0
stem,Hydrus,https://en.wikipedia.org/wiki/Hydrus,Seed,0.0
stem,Tucana,https://en.wikipedia.org/wiki/Tucana,Recommendation,0.0
stem,Pavo (constellation),https://en.wikipedia.org/wiki/Pavo_%28constellation%29,Recommendation,0.0
stem,Mensa (constellation),https://en.wikipedia.org/wiki/Mensa_%28constellation%29,Recommendation,0.0
stem,Japanese fire-bellied newt,https://en.wikipedia.org/wiki/Japanese_fire-bellied_newt,Seed,0.14
stem,Newt,https://en.wikipedia.org/wiki/Newt,Recommendation,0.0
stem,Fire belly newt,https://en.wikipedia.org/wiki/Fire_belly_newt,Recommendation,0.0
stem,Red-bellied newt,https://en.wikipedia.org/wiki/Red-bellied_newt,Recommendation,0.0
stem,Red-bellied black snake,https://en.wikipedia.org/wiki/Red-bellied_black_snake,Seed,0.0
stem,Papuan black snake,https://en.wikipedia.org/wiki/Papuan_black_snake,Recommendation,0.0
stem,Pseudonaja,https://en.wikipedia.org/wiki/Pseudonaja,Recommendation,0.0
stem,King brown snake,https://en.wikipedia.org/wiki/King_brown_snake,Recommendation,0.0
stem,Horologium (constellation),https://en.wikipedia.org/wiki/Horologium_%28constellation%29,Seed,0.0
stem,Antlia,https://en.wikipedia.org/wiki/Antlia,Recommendation,0.0
stem,R Horologii,https://en.wikipedia.org/wiki/R_Horologii,Recommendation,0.0
stem,Sagitta,https://en.wikipedia.org/wiki/Sagitta,Recommendation,0.0
stem,Enzyme kinetics,https://en.wikipedia.org/wiki/Enzyme_kinetics,Seed,0.0
stem,Michaelis–Menten kinetics,https://en.wikipedia.org/wiki/Michaelis%E2%80%93Menten_kinetics,Recommendation,0.0
stem,Competitive inhibition,https://en.wikipedia.org/wiki/Competitive_inhibition,Recommendation,0.0
stem,Non-competitive inhibition,https://en.wikipedia.org/wiki/Non-competitive_inhibition,Recommendation,0.0
stem,Eyrean grasswren,https://en.wikipedia.org/wiki/Eyrean_grasswren,Seed,0.0
stem,Western grasswren,https://en.wikipedia.org/wiki/Western_grasswren,Recommendation,0.0
stem,Grey grasswren,https://en.wikipedia.org/wiki/Grey_grasswren,Recommendation,0.0
stem,Striated grasswren,https://en.wikipedia.org/wiki/Striated_grasswren,Recommendation,0.0
stem,Emperor penguin,https://en.wikipedia.org/wiki/Emperor_penguin,Seed,0.0
stem,King penguin,https://en.wikipedia.org/wiki/King_penguin,Recommendation,0.14
stem,Dawson-Lambton Glacier,https://en.wikipedia.org/wiki/Dawson-Lambton_Glacier,Recommendation,0.0
stem,Adélie penguin,https://en.wikipedia.org/wiki/Ad%C3%A9lie_penguin,Recommendation,0.0
stem,Pacific swift,https://en.wikipedia.org/wiki/Pacific_swift,Seed,0.0
stem,Salim Ali's swift,https://en.wikipedia.org/wiki/Salim_Ali%27s_swift,Recommendation,0.0
stem,Cook's swift,https://en.wikipedia.org/wiki/Cook%27s_swift,Recommendation,0.0
stem,Blyth's swift,https://en.wikipedia.org/wiki/Blyth%27s_swift,Recommendation,0.0
stem,Rufous-crowned sparrow,https://en.wikipedia.org/wiki/Rufous-crowned_sparrow,Seed,0.0
stem,Rufous-winged sparrow,https://en.wikipedia.org/wiki/Rufous-winged_sparrow,Recommendation,0.0
stem,Rusty sparrow,https://en.wikipedia.org/wiki/Rusty_sparrow,Recommendation,0.0
stem,Stripe-headed sparrow,https://en.wikipedia.org/wiki/Stripe-headed_sparrow,Recommendation,0.0
stem,Banded broadbill,https://en.wikipedia.org/wiki/Banded_broadbill,Seed,0.0
stem,Long-tailed broadbill,https://en.wikipedia.org/wiki/Long-tailed_broadbill,Recommendation,0.0
stem,Eurylaimus,https://en.wikipedia.org/wiki/Eurylaimus,Recommendation,0.0
stem,Silver-breasted broadbill,https://en.wikipedia.org/wiki/Silver-breasted_broadbill,Recommendation,0.0
stem,Hurricane Guillermo (1997),https://en.wikipedia.org/wiki/Hurricane_Guillermo_%281997%29,Seed,0.14
stem,1967 Atlantic hurricane season,https://en.wikipedia.org/wiki/1967_Atlantic_hurricane_season,Recommendation,0.0
stem,2009 Pacific hurricane season,https://en.wikipedia.org/wiki/2009_Pacific_hurricane_season,Recommendation,0.0
stem,1997 Pacific hurricane season,https://en.wikipedia.org/wiki/1997_Pacific_hurricane_season,Recommendation,0.14
stem,Triturus,https://en.wikipedia.org/wiki/Triturus,Seed,0.0
stem,Danube crested newt,https://en.wikipedia.org/wiki/Danube_crested_newt,Recommendation,0.0
stem,Anatolian crested newt,https://en.wikipedia.org/wiki/Anatolian_crested_newt,Recommendation,0.0
stem,Marbled newt,https://en.wikipedia.org/wiki/Marbled_newt,Recommendation,0.0
stem,Triangulum Australe,https://en.wikipedia.org/wiki/Triangulum_Australe,Seed,0.0
stem,Triangulum,https://en.wikipedia.org/wiki/Triangulum,Recommendation,0.0
stem,Corona Australis,https://en.wikipedia.org/wiki/Corona_Australis,Recommendation,0.0
stem,Beta Trianguli Australis,https://en.wikipedia.org/wiki/Beta_Trianguli_Australis,Recommendation,0.14
stem,Triaenops menamena,https://en.wikipedia.org/wiki/Triaenops_menamena,Seed,0.0
stem,Grandidier's trident bat,https://en.wikipedia.org/wiki/Grandidier%27s_trident_bat,Recommendation,0.0
stem,Triaenops goodmani,https://en.wikipedia.org/wiki/Triaenops_goodmani,Recommendation,0.0
stem,Triaenops,https://en.wikipedia.org/wiki/Triaenops,Recommendation,0.0
stem,Black currawong,https://en.wikipedia.org/wiki/Black_currawong,Seed,0.0
stem,Currawong,https://en.wikipedia.org/wiki/Currawong,Recommendation,0.0
stem,Cracticinae,https://en.wikipedia.org/wiki/Cracticinae,Recommendation,0.0
stem,Pied butcherbird,https://en.wikipedia.org/wiki/Pied_butcherbird,Recommendation,0.0
stem,Verbascum thapsus,https://en.wikipedia.org/wiki/Verbascum_thapsus,Seed,0.0
stem,Verbascum pulverulentum,https://en.wikipedia.org/wiki/Verbascum_pulverulentum,Recommendation,0.0
stem,Verbascum,https://en.wikipedia.org/wiki/Verbascum,Recommendation,0.0
stem,Verbascum phoeniceum,https://en.wikipedia.org/wiki/Verbascum_phoeniceum,Recommendation,0.0
stem,Leo Minor,https://en.wikipedia.org/wiki/Leo_Minor,Seed,0.0
stem,Grus (constellation),https://en.wikipedia.org/wiki/Grus_%28constellation%29,Recommendation,0.0
stem,Aries (constellation),https://en.wikipedia.org/wiki/Aries_%28constellation%29,Recommendation,0.0
stem,Auriga,https://en.wikipedia.org/wiki/Auriga,Recommendation,0.0
stem,Electric eel,https://en.wikipedia.org/wiki/Electric_eel,Seed,0.14
stem,Electrophorus electricus,https://en.wikipedia.org/wiki/Electrophorus_electricus,Recommendation,0.0
stem,Carl Sachs,https://en.wikipedia.org/wiki/Carl_Sachs,Recommendation,0.0
stem,Electric organ (fish),https://en.wikipedia.org/wiki/Electric_organ_%28fish%29,Recommendation,0.14
stem,Tricholoma pardinum,https://en.wikipedia.org/wiki/Tricholoma_pardinum,Seed,0.0
stem,Tricholoma terreum,https://en.wikipedia.org/wiki/Tricholoma_terreum,Recommendation,0.0
stem,Tricholoma saponaceum,https://en.wikipedia.org/wiki/Tricholoma_saponaceum,Recommendation,0.0
stem,Tricholoma argyraceum,https://en.wikipedia.org/wiki/Tricholoma_argyraceum,Recommendation,0.0
stem,Canis Minor,https://en.wikipedia.org/wiki/Canis_Minor,Seed,0.0
stem,Ursa Minor,https://en.wikipedia.org/wiki/Ursa_Minor,Recommendation,0.0
stem,Canis Major,https://en.wikipedia.org/wiki/Canis_Major,Recommendation,0.0
stem,Beta Canis Minoris,https://en.wikipedia.org/wiki/Beta_Canis_Minoris,Recommendation,0.14
stem,King vulture,https://en.wikipedia.org/wiki/King_vulture,Seed,0.0
stem,Greater yellow-headed vulture,https://en.wikipedia.org/wiki/Greater_yellow-headed_vulture,Recommendation,0.0
stem,Lesser yellow-headed vulture,https://en.wikipedia.org/wiki/Lesser_yellow-headed_vulture,Recommendation,0.0
stem,Sarcoramphus,https://en.wikipedia.org/wiki/Sarcoramphus,Recommendation,0.0
stem,White swamphen,https://en.wikipedia.org/wiki/White_swamphen,Seed,0.0
stem,Swamphen,https://en.wikipedia.org/wiki/Swamphen,Recommendation,0.0
stem,Réunion swamphen,https://en.wikipedia.org/wiki/R%C3%A9union_swamphen,Recommendation,0.0
stem,Takahē,https://en.wikipedia.org/wiki/Takah%C4%93,Recommendation,0.0
stem,Banksia scabrella,https://en.wikipedia.org/wiki/Banksia_scabrella,Seed,0.0
stem,Banksia telmatiaea,https://en.wikipedia.org/wiki/Banksia_telmatiaea,Recommendation,0.0
stem,Banksia subser. Leptophyllae,https://en.wikipedia.org/wiki/Banksia_subser._Leptophyllae,Recommendation,0.0
stem,Banksia grossa,https://en.wikipedia.org/wiki/Banksia_grossa,Recommendation,0.0
stem,Microscopium,https://en.wikipedia.org/wiki/Microscopium,Seed,0.0
stem,Lacaille 8760,https://en.wikipedia.org/wiki/Lacaille_8760,Recommendation,0.0
stem,Gamma Microscopii,https://en.wikipedia.org/wiki/Gamma_Microscopii,Recommendation,0.14
stem,Speedy Mic,https://en.wikipedia.org/wiki/Speedy_Mic,Recommendation,0.0
stem,Norma (constellation),https://en.wikipedia.org/wiki/Norma_%28constellation%29,Seed,0.0
stem,S Normae,https://en.wikipedia.org/wiki/S_Normae,Recommendation,0.14
stem,Fornax,https://en.wikipedia.org/wiki/Fornax,Recommendation,0.0
stem,Ara (constellation),https://en.wikipedia.org/wiki/Ara_%28constellation%29,Recommendation,0.0
stem,Silky shark,https://en.wikipedia.org/wiki/Silky_shark,Seed,0.0
stem,Blacknose shark,https://en.wikipedia.org/wiki/Blacknose_shark,Recommendation,0.0
stem,Night shark,https://en.wikipedia.org/wiki/Night_shark,Recommendation,0.0
stem,Bignose shark,https://en.wikipedia.org/wiki/Bignose_shark,Recommendation,0.0
mathematics,Tschirnhausen cubic,https://en.wikipedia.org/wiki/Tschirnhausen_cubic,Seed,0.14
mathematics,Arc length,https://en.wikipedia.org/wiki/Arc_length,Recommendation,0.29
mathematics,Trisectrix of Maclaurin,https://en.wikipedia.org/wiki/Trisectrix_of_Maclaurin,Recommendation,0.14
mathematics,Pedal curve,https://en.wikipedia.org/wiki/Pedal_curve,Recommendation,0.0
mathematics,Envelope (mathematics),https://en.wikipedia.org/wiki/Envelope_%28mathematics%29,Recommendation,0.0
mathematics,Kepler orbit,https://en.wikipedia.org/wiki/Kepler_orbit,Recommendation,0.0
mathematics,Osculating circle,https://en.wikipedia.org/wiki/Osculating_circle,Recommendation,0.0
mathematics,Finite subdivision rule,https://en.wikipedia.org/wiki/Finite_subdivision_rule,Seed,0.0
mathematics,James W. Cannon,https://en.wikipedia.org/wiki/James_W._Cannon,Recommendation,0.0
mathematics,Fuchsian model,https://en.wikipedia.org/wiki/Fuchsian_model,Recommendation,0.0
mathematics,Conformal group,https://en.wikipedia.org/wiki/Conformal_group,Recommendation,0.29
mathematics,Cannon–Thurston map,https://en.wikipedia.org/wiki/Cannon%E2%80%93Thurston_map,Recommendation,0.0
mathematics,Discounted maximum loss,https://en.wikipedia.org/wiki/Discounted_maximum_loss,Recommendation,0.0
mathematics,Orbifold,https://en.wikipedia.org/wiki/Orbifold,Recommendation,0.29
mathematics,Affine symmetric group,https://en.wikipedia.org/wiki/Affine_symmetric_group,Seed,0.0
mathematics,Hyperoctahedral group,https://en.wikipedia.org/wiki/Hyperoctahedral_group,Recommendation,0.0
mathematics,Coxeter group,https://en.wikipedia.org/wiki/Coxeter_group,Recommendation,0.14
mathematics,Parabolic subgroup of a reflection group,https://en.wikipedia.org/wiki/Parabolic_subgroup_of_a_reflection_group,Recommendation,0.0
mathematics,Weyl group,https://en.wikipedia.org/wiki/Weyl_group,Recommendation,0.0
mathematics,Symmetric group,https://en.wikipedia.org/wiki/Symmetric_group,Recommendation,0.0
mathematics,Group action,https://en.wikipedia.org/wiki/Group_action,Recommendation,0.0
mathematics,Group (mathematics),https://en.wikipedia.org/wiki/Group_%28mathematics%29,Seed,0.29
mathematics,Abelian group,https://en.wikipedia.org/wiki/Abelian_group,Recommendation,0.0
mathematics,Subgroup,https://en.wikipedia.org/wiki/Subgroup,Recommendation,0.0
mathematics,Free abelian group,https://en.wikipedia.org/wiki/Free_abelian_group,Recommendation,0.0
mathematics,Finite field,https://en.wikipedia.org/wiki/Finite_field,Recommendation,0.0
mathematics,Near-field (mathematics),https://en.wikipedia.org/wiki/Near-field_%28mathematics%29,Recommendation,0.0
mathematics,Ring (mathematics),https://en.wikipedia.org/wiki/Ring_%28mathematics%29,Recommendation,0.0
mathematics,Cantor's first set theory article,https://en.wikipedia.org/wiki/Cantor%27s_first_set_theory_article,Seed,0.14
mathematics,Cantor's diagonal argument,https://en.wikipedia.org/wiki/Cantor%27s_diagonal_argument,Recommendation,0.29
mathematics,Countable set,https://en.wikipedia.org/wiki/Countable_set,Recommendation,0.0
mathematics,Irrational number,https://en.wikipedia.org/wiki/Irrational_number,Recommendation,0.0
mathematics,Almost,https://en.wikipedia.org/wiki/Almost,Recommendation,0.0
mathematics,Separable space,https://en.wikipedia.org/wiki/Separable_space,Recommendation,0.0
mathematics,Bolzano–Weierstrass theorem,https://en.wikipedia.org/wiki/Bolzano%E2%80%93Weierstrass_theorem,Recommendation,0.0
mathematics,Circle packing theorem,https://en.wikipedia.org/wiki/Circle_packing_theorem,Seed,0.0
mathematics,Ring lemma,https://en.wikipedia.org/wiki/Ring_lemma,Recommendation,0.0
mathematics,Introduction to Circle Packing,https://en.wikipedia.org/wiki/Introduction_to_Circle_Packing,Recommendation,0.0
mathematics,Midsphere,https://en.wikipedia.org/wiki/Midsphere,Recommendation,0.0
mathematics,Inversive distance,https://en.wikipedia.org/wiki/Inversive_distance,Recommendation,0.0
mathematics,Steinitz's theorem,https://en.wikipedia.org/wiki/Steinitz%27s_theorem,Recommendation,0.0
mathematics,Tutte embedding,https://en.wikipedia.org/wiki/Tutte_embedding,Recommendation,0.0
mathematics,Logarithm,https://en.wikipedia.org/wiki/Logarithm,Seed,0.0
mathematics,Natural logarithm,https://en.wikipedia.org/wiki/Natural_logarithm,Recommendation,0.43
mathematics,Logarithmic derivative,https://en.wikipedia.org/wiki/Logarithmic_derivative,Recommendation,0.0
mathematics,Exponential function,https://en.wikipedia.org/wiki/Exponential_function,Recommendation,0.0
mathematics,Branch point,https://en.wikipedia.org/wiki/Branch_point,Recommendation,0.0
mathematics,Euler's formula,https://en.wikipedia.org/wiki/Euler%27s_formula,Recommendation,0.14
mathematics,Gaussian logarithm,https://en.wikipedia.org/wiki/Gaussian_logarithm,Recommendation,0.0
mathematics,Bonaventura Cavalieri,https://en.wikipedia.org/wiki/Bonaventura_Cavalieri,Seed,0.0
mathematics,Stefano degli Angeli,https://en.wikipedia.org/wiki/Stefano_degli_Angeli,Recommendation,0.0
mathematics,Cavalieri's quadrature formula,https://en.wikipedia.org/wiki/Cavalieri%27s_quadrature_formula,Recommendation,0.0
mathematics,Benedetto Castelli,https://en.wikipedia.org/wiki/Benedetto_Castelli,Recommendation,0.0
mathematics,Cavalieri's principle,https://en.wikipedia.org/wiki/Cavalieri%27s_principle,Recommendation,0.0
mathematics,Conic section,https://en.wikipedia.org/wiki/Conic_section,Recommendation,0.14
mathematics,Dyadic rational,https://en.wikipedia.org/wiki/Dyadic_rational,Seed,0.0
mathematics,Minkowski's question-mark function,https://en.wikipedia.org/wiki/Minkowski%27s_question-mark_function,Recommendation,0.14
mathematics,Collatz conjecture,https://en.wikipedia.org/wiki/Collatz_conjecture,Recommendation,0.14
mathematics,Interval (mathematics),https://en.wikipedia.org/wiki/Interval_%28mathematics%29,Recommendation,0.0
mathematics,Valuation ring,https://en.wikipedia.org/wiki/Valuation_ring,Recommendation,0.0
mathematics,Valuation (algebra),https://en.wikipedia.org/wiki/Valuation_%28algebra%29,Recommendation,0.0
mathematics,Joseph Liouville,https://en.wikipedia.org/wiki/Joseph_Liouville,Seed,0.0
mathematics,Liouville's theorem (differential algebra),https://en.wikipedia.org/wiki/Liouville%27s_theorem_%28differential_algebra%29,Recommendation,0.0
mathematics,Differential Galois theory,https://en.wikipedia.org/wiki/Differential_Galois_theory,Recommendation,0.43
mathematics,Oscillation theory,https://en.wikipedia.org/wiki/Oscillation_theory,Recommendation,0.0
mathematics,Sturm–Liouville theory,https://en.wikipedia.org/wiki/Sturm%E2%80%93Liouville_theory,Recommendation,0.0
mathematics,Jesper Lützen,https://en.wikipedia.org/wiki/Jesper_L%C3%BCtzen,Recommendation,0.0
mathematics,Per Martin-Löf,https://en.wikipedia.org/wiki/Per_Martin-L%C3%B6f,Seed,0.0
mathematics,Anders Martin-Löf,https://en.wikipedia.org/wiki/Anders_Martin-L%C3%B6f,Recommendation,0.0
mathematics,Judgment (mathematical logic),https://en.wikipedia.org/wiki/Judgment_%28mathematical_logic%29,Recommendation,0.0
mathematics,Intuitionistic type theory,https://en.wikipedia.org/wiki/Intuitionistic_type_theory,Recommendation,0.0
mathematics,Andrey Kolmogorov,https://en.wikipedia.org/wiki/Andrey_Kolmogorov,Recommendation,0.0
mathematics,Randomness,https://en.wikipedia.org/wiki/Randomness,Recommendation,0.0
mathematics,Euclidean algorithm,https://en.wikipedia.org/wiki/Euclidean_algorithm,Seed,0.0
mathematics,Polynomial greatest common divisor,https://en.wikipedia.org/wiki/Polynomial_greatest_common_divisor,Recommendation,0.0
mathematics,Greatest common divisor,https://en.wikipedia.org/wiki/Greatest_common_divisor,Recommendation,0.0
mathematics,Bézout's identity,https://en.wikipedia.org/wiki/B%C3%A9zout%27s_identity,Recommendation,0.0
mathematics,Extended Euclidean algorithm,https://en.wikipedia.org/wiki/Extended_Euclidean_algorithm,Recommendation,0.0
mathematics,Primitive part and content,https://en.wikipedia.org/wiki/Primitive_part_and_content,Recommendation,0.0
mathematics,Seki Takakazu,https://en.wikipedia.org/wiki/Seki_Takakazu,Seed,0.0
mathematics,Takebe Kenkō,https://en.wikipedia.org/wiki/Takebe_Kenk%C5%8D,Recommendation,0.0
mathematics,Japanese mathematics,https://en.wikipedia.org/wiki/Japanese_mathematics,Recommendation,0.14
mathematics,Yoshida Mitsuyoshi,https://en.wikipedia.org/wiki/Yoshida_Mitsuyoshi,Recommendation,0.0
mathematics,Aida Yasuaki,https://en.wikipedia.org/wiki/Aida_Yasuaki,Recommendation,0.0
mathematics,Kambei Mori,https://en.wikipedia.org/wiki/Kambei_Mori,Recommendation,0.0
mathematics,Group testing,https://en.wikipedia.org/wiki/Group_testing,Seed,0.0
mathematics,Karmarkar–Karp bin packing algorithms,https://en.wikipedia.org/wiki/Karmarkar%E2%80%93Karp_bin_packing_algorithms,Recommendation,0.0
mathematics,Ideal lattice,https://en.wikipedia.org/wiki/Ideal_lattice,Recommendation,0.0
mathematics,Kernel methods for vector output,https://en.wikipedia.org/wiki/Kernel_methods_for_vector_output,Recommendation,0.0
mathematics,Integer programming,https://en.wikipedia.org/wiki/Integer_programming,Recommendation,0.29
mathematics,Decision tree model,https://en.wikipedia.org/wiki/Decision_tree_model,Recommendation,0.0
mathematics,Book embedding,https://en.wikipedia.org/wiki/Book_embedding,Seed,0.0
mathematics,Queue number,https://en.wikipedia.org/wiki/Queue_number,Recommendation,0.0
mathematics,Graph embedding,https://en.wikipedia.org/wiki/Graph_embedding,Recommendation,0.0
mathematics,1-planar graph,https://en.wikipedia.org/wiki/1-planar_graph,Recommendation,0.0
mathematics,Topological graph,https://en.wikipedia.org/wiki/Topological_graph,Recommendation,0.0
mathematics,Cutwidth,https://en.wikipedia.org/wiki/Cutwidth,Recommendation,0.0
mathematics,Mathematical joke,https://en.wikipedia.org/wiki/Mathematical_joke,Seed,0.57
mathematics,Mathematical coincidence,https://en.wikipedia.org/wiki/Mathematical_coincidence,Recommendation,0.14
mathematics,Pi,https://en.wikipedia.org/wiki/Pi,Recommendation,0.29
mathematics,Euler's constant,https://en.wikipedia.org/wiki/Euler%27s_constant,Recommendation,0.0
mathematics,Q-gamma function,https://en.wikipedia.org/wiki/Q-gamma_function,Recommendation,0.0
mathematics,Lemniscate constant,https://en.wikipedia.org/wiki/Lemniscate_constant,Recommendation,2.0
mathematics,HP 35s,https://en.wikipedia.org/wiki/HP_35s,Seed,0.0
mathematics,HP 33s,https://en.wikipedia.org/wiki/HP_33s,Recommendation,0.0
mathematics,HP-42S,https://en.wikipedia.org/wiki/HP-42S,Recommendation,0.0
mathematics,Calculator input methods,https://en.wikipedia.org/wiki/Calculator_input_methods,Recommendation,0.0
mathematics,HP Voyager,https://en.wikipedia.org/wiki/HP_Voyager,Recommendation,0.0
mathematics,HP-65,https://en.wikipedia.org/wiki/HP-65,Recommendation,0.0
mathematics,Indefinite sum,https://en.wikipedia.org/wiki/Indefinite_sum,Seed,0.29
mathematics,Binomial transform,https://en.wikipedia.org/wiki/Binomial_transform,Recommendation,0.0
mathematics,Poisson summation formula,https://en.wikipedia.org/wiki/Poisson_summation_formula,Recommendation,0.0
mathematics,Kronecker delta,https://en.wikipedia.org/wiki/Kronecker_delta,Recommendation,0.43
mathematics,Bernstein polynomial,https://en.wikipedia.org/wiki/Bernstein_polynomial,Recommendation,0.0
mathematics,Bessel function,https://en.wikipedia.org/wiki/Bessel_function,Recommendation,0.14
mathematics,Georg Cantor,https://en.wikipedia.org/wiki/Georg_Cantor,Seed,0.29
mathematics,Absolute infinite,https://en.wikipedia.org/wiki/Absolute_infinite,Recommendation,0.0
mathematics,Transfinite number,https://en.wikipedia.org/wiki/Transfinite_number,Recommendation,0.0
mathematics,Paradoxes of set theory,https://en.wikipedia.org/wiki/Paradoxes_of_set_theory,Recommendation,0.14
mathematics,Aleph number,https://en.wikipedia.org/wiki/Aleph_number,Recommendation,0.71
mathematics,Infinite set,https://en.wikipedia.org/wiki/Infinite_set,Recommendation,0.0
mathematics,Doyle spiral,https://en.wikipedia.org/wiki/Doyle_spiral,Seed,0.0
mathematics,Golden spiral,https://en.wikipedia.org/wiki/Golden_spiral,Recommendation,0.0
mathematics,Law of tangents,https://en.wikipedia.org/wiki/Law_of_tangents,Recommendation,0.0
mathematics,Fermat's spiral,https://en.wikipedia.org/wiki/Fermat%27s_spiral,Recommendation,0.0
mathematics,Mollweide's formula,https://en.wikipedia.org/wiki/Mollweide%27s_formula,Recommendation,0.0
mathematics,Proofs of trigonometric identities,https://en.wikipedia.org/wiki/Proofs_of_trigonometric_identities,Recommendation,0.0
mathematics,Problem of Apollonius,https://en.wikipedia.org/wiki/Problem_of_Apollonius,Seed,0.29
mathematics,Special cases of Apollonius' problem,https://en.wikipedia.org/wiki/Special_cases_of_Apollonius%27_problem,Recommendation,0.0
mathematics,Tangent lines to circles,https://en.wikipedia.org/wiki/Tangent_lines_to_circles,Recommendation,0.0
mathematics,Analytic geometry,https://en.wikipedia.org/wiki/Analytic_geometry,Recommendation,0.0
mathematics,Descartes' theorem,https://en.wikipedia.org/wiki/Descartes%27_theorem,Recommendation,0.0
mathematics,Inversive geometry,https://en.wikipedia.org/wiki/Inversive_geometry,Recommendation,0.0
mathematics,Perfect graph,https://en.wikipedia.org/wiki/Perfect_graph,Seed,0.0
mathematics,Perfect graph theorem,https://en.wikipedia.org/wiki/Perfect_graph_theorem,Recommendation,0.0
mathematics,Kőnig's theorem (graph theory),https://en.wikipedia.org/wiki/K%C5%91nig%27s_theorem_%28graph_theory%29,Recommendation,0.0
mathematics,Strong perfect graph theorem,https://en.wikipedia.org/wiki/Strong_perfect_graph_theorem,Recommendation,0.14
mathematics,Cograph,https://en.wikipedia.org/wiki/Cograph,Recommendation,0.0
mathematics,Mirsky's theorem,https://en.wikipedia.org/wiki/Mirsky%27s_theorem,Recommendation,0.0
mathematics,Cairo pentagonal tiling,https://en.wikipedia.org/wiki/Cairo_pentagonal_tiling,Seed,0.0
mathematics,Pentagonal tiling,https://en.wikipedia.org/wiki/Pentagonal_tiling,Recommendation,0.0
mathematics,Hexagonal tiling,https://en.wikipedia.org/wiki/Hexagonal_tiling,Recommendation,0.0
mathematics,Isotoxal figure,https://en.wikipedia.org/wiki/Isotoxal_figure,Recommendation,0.0
mathematics,Euclidean tilings by convex regular polygons,https://en.wikipedia.org/wiki/Euclidean_tilings_by_convex_regular_polygons,Recommendation,0.0
mathematics,Tessellation,https://en.wikipedia.org/wiki/Tessellation,Recommendation,0.0
mathematics,Max Newman,https://en.wikipedia.org/wiki/Max_Newman,Seed,0.0
mathematics,Shaun Wylie,https://en.wikipedia.org/wiki/Shaun_Wylie,Recommendation,0.0
mathematics,Colossus computer,https://en.wikipedia.org/wiki/Colossus_computer,Recommendation,0.0
mathematics,Newmanry,https://en.wikipedia.org/wiki/Newmanry,Recommendation,0.0
mathematics,Automatic Computing Engine,https://en.wikipedia.org/wiki/Automatic_Computing_Engine,Recommendation,0.0
mathematics,Jack Copeland,https://en.wikipedia.org/wiki/Jack_Copeland,Recommendation,0.0
mathematics,De quinque corporibus regularibus,https://en.wikipedia.org/wiki/De_quinque_corporibus_regularibus,Seed,0.0
mathematics,Divina proportione,https://en.wikipedia.org/wiki/Divina_proportione,Recommendation,0.0
mathematics,Luca Pacioli,https://en.wikipedia.org/wiki/Luca_Pacioli,Recommendation,0.0
mathematics,Archimedean solid,https://en.wikipedia.org/wiki/Archimedean_solid,Recommendation,0.0
mathematics,Truncated icosahedron,https://en.wikipedia.org/wiki/Truncated_icosahedron,Recommendation,0.0
mathematics,Piero della Francesca,https://en.wikipedia.org/wiki/Piero_della_Francesca,Recommendation,0.0
mathematics,John R. Stallings,https://en.wikipedia.org/wiki/John_R._Stallings,Seed,0.0
mathematics,Stallings theorem about ends of groups,https://en.wikipedia.org/wiki/Stallings_theorem_about_ends_of_groups,Recommendation,0.0
mathematics,Poincaré conjecture,https://en.wikipedia.org/wiki/Poincar%C3%A9_conjecture,Recommendation,0.43
mathematics,Algebraic topology,https://en.wikipedia.org/wiki/Algebraic_topology,Recommendation,0.0
mathematics,3-manifold,https://en.wikipedia.org/wiki/3-manifold,Recommendation,0.0
mathematics,Geometrization conjecture,https://en.wikipedia.org/wiki/Geometrization_conjecture,Recommendation,0.0
mathematics,Émile Lemoine,https://en.wikipedia.org/wiki/%C3%89mile_Lemoine,Seed,0.0
mathematics,Henri Brocard,https://en.wikipedia.org/wiki/Henri_Brocard,Recommendation,0.0
mathematics,Modern triangle geometry,https://en.wikipedia.org/wiki/Modern_triangle_geometry,Recommendation,0.0
mathematics,Olinde Rodrigues,https://en.wikipedia.org/wiki/Olinde_Rodrigues,Recommendation,0.0
mathematics,Paul Jean Joseph Barbarin,https://en.wikipedia.org/wiki/Paul_Jean_Joseph_Barbarin,Recommendation,0.0
mathematics,Georges Henri Halphen,https://en.wikipedia.org/wiki/Georges_Henri_Halphen,Recommendation,0.0
mathematics,Leonhard Euler,https://en.wikipedia.org/wiki/Leonhard_Euler,Seed,0.0
mathematics,Daniel Bernoulli,https://en.wikipedia.org/wiki/Daniel_Bernoulli,Recommendation,0.0
mathematics,Christian Goldbach,https://en.wikipedia.org/wiki/Christian_Goldbach,Recommendation,0.0
mathematics,Johann Euler,https://en.wikipedia.org/wiki/Johann_Euler,Recommendation,0.0
mathematics,Contributions of Leonhard Euler to mathematics,https://en.wikipedia.org/wiki/Contributions_of_Leonhard_Euler_to_mathematics,Recommendation,0.0
mathematics,Jakob Hermann,https://en.wikipedia.org/wiki/Jakob_Hermann,Recommendation,0.0
mathematics,Richard Schoen,https://en.wikipedia.org/wiki/Richard_Schoen,Seed,0.14
mathematics,Leon Simon,https://en.wikipedia.org/wiki/Leon_Simon,Recommendation,0.0
mathematics,Shing-Tung Yau,https://en.wikipedia.org/wiki/Shing-Tung_Yau,Recommendation,0.0
mathematics,Richard S. Hamilton,https://en.wikipedia.org/wiki/Richard_S._Hamilton,Recommendation,0.29
mathematics,Geometric analysis,https://en.wikipedia.org/wiki/Geometric_analysis,Recommendation,0.0
mathematics,Thierry Aubin,https://en.wikipedia.org/wiki/Thierry_Aubin,Recommendation,0.0
mathematics,Computational anatomy,https://en.wikipedia.org/wiki/Computational_anatomy,Seed,0.29
mathematics,Diffeomorphometry,https://en.wikipedia.org/wiki/Diffeomorphometry,Recommendation,0.0
mathematics,Group actions in computational anatomy,https://en.wikipedia.org/wiki/Group_actions_in_computational_anatomy,Recommendation,0.0
mathematics,Bayesian model of computational anatomy,https://en.wikipedia.org/wiki/Bayesian_model_of_computational_anatomy,Recommendation,0.0
mathematics,Large deformation diffeomorphic metric mapping,https://en.wikipedia.org/wiki/Large_deformation_diffeomorphic_metric_mapping,Recommendation,0.0
mathematics,Riemannian metric and Lie bracket in computational anatomy,https://en.wikipedia.org/wiki/Riemannian_metric_and_Lie_bracket_in_computational_anatomy,Recommendation,0.0
mathematics,E. T. Whittaker,https://en.wikipedia.org/wiki/E._T._Whittaker,Seed,0.0
mathematics,A History of the Theories of Aether and Electricity,https://en.wikipedia.org/wiki/A_History_of_the_Theories_of_Aether_and_Electricity,Recommendation,0.14
mathematics,Aether theories,https://en.wikipedia.org/wiki/Aether_theories,Recommendation,0.0
mathematics,Relativity priority dispute,https://en.wikipedia.org/wiki/Relativity_priority_dispute,Recommendation,0.43
mathematics,Action at a distance,https://en.wikipedia.org/wiki/Action_at_a_distance,Recommendation,0.0
mathematics,Cornelius Lanczos,https://en.wikipedia.org/wiki/Cornelius_Lanczos,Recommendation,0.14
mathematics,HP 49/50 series,https://en.wikipedia.org/wiki/HP_49/50_series,Seed,0.0
mathematics,Erable,https://en.wikipedia.org/wiki/Erable,Recommendation,0.0
mathematics,RPL (programming language),https://en.wikipedia.org/wiki/RPL_%28programming_language%29,Recommendation,0.0
mathematics,HP Prime,https://en.wikipedia.org/wiki/HP_Prime,Recommendation,0.0
mathematics,RPL character set,https://en.wikipedia.org/wiki/RPL_character_set,Recommendation,0.0
mathematics,HP Saturn,https://en.wikipedia.org/wiki/HP_Saturn,Recommendation,0.0
medicine-and-health,Foix–Chavany–Marie syndrome,https://en.wikipedia.org/wiki/Foix%E2%80%93Chavany%E2%80%93Marie_syndrome,Seed,0.0
medicine-and-health,Middle cerebral artery,https://en.wikipedia.org/wiki/Middle_cerebral_artery,Recommendation,0.0
medicine-and-health,Charles Foix,https://en.wikipedia.org/wiki/Charles_Foix,Recommendation,0.0
medicine-and-health,Frontal lobe,https://en.wikipedia.org/wiki/Frontal_lobe,Recommendation,0.0
medicine-and-health,Ear pain,https://en.wikipedia.org/wiki/Ear_pain,Seed,0.0
medicine-and-health,Otitis externa,https://en.wikipedia.org/wiki/Otitis_externa,Recommendation,0.0
medicine-and-health,Mastoiditis,https://en.wikipedia.org/wiki/Mastoiditis,Recommendation,0.0
medicine-and-health,Ear drop,https://en.wikipedia.org/wiki/Ear_drop,Recommendation,0.0
medicine-and-health,Cerebroretinal microangiopathy with calcifications and cysts,https://en.wikipedia.org/wiki/Cerebroretinal_microangiopathy_with_calcifications_and_cysts,Seed,0.0
medicine-and-health,Familial exudative vitreoretinopathy,https://en.wikipedia.org/wiki/Familial_exudative_vitreoretinopathy,Recommendation,0.0
medicine-and-health,Coats' disease,https://en.wikipedia.org/wiki/Coats%27_disease,Recommendation,0.14
medicine-and-health,Revesz syndrome,https://en.wikipedia.org/wiki/Revesz_syndrome,Recommendation,0.0
medicine-and-health,Expressive therapies,https://en.wikipedia.org/wiki/Expressive_therapies,Seed,0.0
medicine-and-health,Dance therapy,https://en.wikipedia.org/wiki/Dance_therapy,Recommendation,0.0
medicine-and-health,Natalie Rogers,https://en.wikipedia.org/wiki/Natalie_Rogers,Recommendation,0.0
medicine-and-health,International Expressive Arts Therapy Association,https://en.wikipedia.org/wiki/International_Expressive_Arts_Therapy_Association,Recommendation,0.0
medicine-and-health,Heartburn,https://en.wikipedia.org/wiki/Heartburn,Seed,0.0
medicine-and-health,Gastroesophageal reflux disease,https://en.wikipedia.org/wiki/Gastroesophageal_reflux_disease,Recommendation,0.0
medicine-and-health,Esophageal pH monitoring,https://en.wikipedia.org/wiki/Esophageal_pH_monitoring,Recommendation,0.0
medicine-and-health,Esophagitis,https://en.wikipedia.org/wiki/Esophagitis,Recommendation,0.0
medicine-and-health,Crown (tooth part),https://en.wikipedia.org/wiki/Crown_%28tooth_part%29,Seed,0.0
medicine-and-health,Dental anatomy,https://en.wikipedia.org/wiki/Dental_anatomy,Recommendation,0.0
medicine-and-health,Mandibular first molar,https://en.wikipedia.org/wiki/Mandibular_first_molar,Recommendation,0.0
medicine-and-health,Maxillary first premolar,https://en.wikipedia.org/wiki/Maxillary_first_premolar,Recommendation,0.0
medicine-and-health,Central neurogenic hyperventilation,https://en.wikipedia.org/wiki/Central_neurogenic_hyperventilation,Seed,0.0
medicine-and-health,Central pontine myelinolysis,https://en.wikipedia.org/wiki/Central_pontine_myelinolysis,Recommendation,0.0
medicine-and-health,Brain herniation,https://en.wikipedia.org/wiki/Brain_herniation,Recommendation,0.0
medicine-and-health,Locked-in syndrome,https://en.wikipedia.org/wiki/Locked-in_syndrome,Recommendation,0.43
medicine-and-health,Bronchiolitis,https://en.wikipedia.org/wiki/Bronchiolitis,Seed,0.0
medicine-and-health,Respiratory syncytial virus,https://en.wikipedia.org/wiki/Respiratory_syncytial_virus,Recommendation,0.0
medicine-and-health,Palivizumab,https://en.wikipedia.org/wiki/Palivizumab,Recommendation,0.0
medicine-and-health,Lower respiratory tract infection,https://en.wikipedia.org/wiki/Lower_respiratory_tract_infection,Recommendation,0.0
medicine-and-health,Pharmacotherapy,https://en.wikipedia.org/wiki/Pharmacotherapy,Seed,0.0
medicine-and-health,Pharmacy,https://en.wikipedia.org/wiki/Pharmacy,Recommendation,0.86
medicine-and-health,Patient adherence,https://en.wikipedia.org/wiki/Patient_adherence,Recommendation,0.0
medicine-and-health,Drug therapy problems,https://en.wikipedia.org/wiki/Drug_therapy_problems,Recommendation,0.0
medicine-and-health,Diagnosis of myocardial infarction,https://en.wikipedia.org/wiki/Diagnosis_of_myocardial_infarction,Seed,0.0
medicine-and-health,Cardiac marker,https://en.wikipedia.org/wiki/Cardiac_marker,Recommendation,0.0
medicine-and-health,Acute coronary syndrome,https://en.wikipedia.org/wiki/Acute_coronary_syndrome,Recommendation,0.0
medicine-and-health,Electrocardiography in myocardial infarction,https://en.wikipedia.org/wiki/Electrocardiography_in_myocardial_infarction,Recommendation,0.0
medicine-and-health,Pulmonary contusion,https://en.wikipedia.org/wiki/Pulmonary_contusion,Seed,0.0
medicine-and-health,Pulmonary laceration,https://en.wikipedia.org/wiki/Pulmonary_laceration,Recommendation,0.0
medicine-and-health,Flail chest,https://en.wikipedia.org/wiki/Flail_chest,Recommendation,0.14
medicine-and-health,Pulmonary edema,https://en.wikipedia.org/wiki/Pulmonary_edema,Recommendation,0.0
medicine-and-health,Mental status examination,https://en.wikipedia.org/wiki/Mental_status_examination,Seed,0.0
medicine-and-health,Thought disorder,https://en.wikipedia.org/wiki/Thought_disorder,Recommendation,0.0
medicine-and-health,Delusion,https://en.wikipedia.org/wiki/Delusion,Recommendation,0.0
medicine-and-health,Thought broadcasting,https://en.wikipedia.org/wiki/Thought_broadcasting,Recommendation,0.0
medicine-and-health,Astroblastoma,https://en.wikipedia.org/wiki/Astroblastoma,Seed,0.0
medicine-and-health,Fibrillary astrocytoma,https://en.wikipedia.org/wiki/Fibrillary_astrocytoma,Recommendation,0.0
medicine-and-health,Dysembryoplastic neuroepithelial tumour,https://en.wikipedia.org/wiki/Dysembryoplastic_neuroepithelial_tumour,Recommendation,0.0
medicine-and-health,Oligoastrocytoma,https://en.wikipedia.org/wiki/Oligoastrocytoma,Recommendation,0.0
medicine-and-health,Relapsing polychondritis,https://en.wikipedia.org/wiki/Relapsing_polychondritis,Seed,0.0
medicine-and-health,Connective tissue disease,https://en.wikipedia.org/wiki/Connective_tissue_disease,Recommendation,0.0
medicine-and-health,Granulomatosis with polyangiitis,https://en.wikipedia.org/wiki/Granulomatosis_with_polyangiitis,Recommendation,0.0
medicine-and-health,Red ear syndrome,https://en.wikipedia.org/wiki/Red_ear_syndrome,Recommendation,0.0
medicine-and-health,Cardiac physiology,https://en.wikipedia.org/wiki/Cardiac_physiology,Seed,0.0
medicine-and-health,Cardiac cycle,https://en.wikipedia.org/wiki/Cardiac_cycle,Recommendation,0.0
medicine-and-health,Systole,https://en.wikipedia.org/wiki/Systole,Recommendation,0.0
medicine-and-health,Cardiac conduction system,https://en.wikipedia.org/wiki/Cardiac_conduction_system,Recommendation,0.0
medicine-and-health,Amniotic fluid embolism,https://en.wikipedia.org/wiki/Amniotic_fluid_embolism,Seed,0.0
medicine-and-health,Disseminated intravascular coagulation,https://en.wikipedia.org/wiki/Disseminated_intravascular_coagulation,Recommendation,0.57
medicine-and-health,Amniocentesis,https://en.wikipedia.org/wiki/Amniocentesis,Recommendation,0.0
medicine-and-health,Meconium aspiration syndrome,https://en.wikipedia.org/wiki/Meconium_aspiration_syndrome,Recommendation,0.0
medicine-and-health,Brachial plexus block,https://en.wikipedia.org/wiki/Brachial_plexus_block,Seed,0.0
medicine-and-health,Nerve block,https://en.wikipedia.org/wiki/Nerve_block,Recommendation,0.0
medicine-and-health,Local anesthesia,https://en.wikipedia.org/wiki/Local_anesthesia,Recommendation,0.0
medicine-and-health,History of neuraxial anesthesia,https://en.wikipedia.org/wiki/History_of_neuraxial_anesthesia,Recommendation,0.0
medicine-and-health,Mondino de Luzzi,https://en.wikipedia.org/wiki/Mondino_de_Luzzi,Seed,0.0
medicine-and-health,Alessandra Giliani,https://en.wikipedia.org/wiki/Alessandra_Giliani,Recommendation,0.0
medicine-and-health,History of anatomy,https://en.wikipedia.org/wiki/History_of_anatomy,Recommendation,0.0
medicine-and-health,Andreas Vesalius,https://en.wikipedia.org/wiki/Andreas_Vesalius,Recommendation,0.0
medicine-and-health,Major depressive disorder,https://en.wikipedia.org/wiki/Major_depressive_disorder,Seed,0.14
medicine-and-health,Management of depression,https://en.wikipedia.org/wiki/Management_of_depression,Recommendation,0.0
medicine-and-health,Treatment-resistant depression,https://en.wikipedia.org/wiki/Treatment-resistant_depression,Recommendation,0.0
medicine-and-health,Psychotic depression,https://en.wikipedia.org/wiki/Psychotic_depression,Recommendation,0.0
medicine-and-health,Osteochondritis dissecans,https://en.wikipedia.org/wiki/Osteochondritis_dissecans,Seed,0.0
medicine-and-health,Osteochondrosis,https://en.wikipedia.org/wiki/Osteochondrosis,Recommendation,0.0
medicine-and-health,Articular cartilage stem cell paste grafting,https://en.wikipedia.org/wiki/Articular_cartilage_stem_cell_paste_grafting,Recommendation,0.0
medicine-and-health,Articular cartilage repair,https://en.wikipedia.org/wiki/Articular_cartilage_repair,Recommendation,0.0
medicine-and-health,Schizophrenia,https://en.wikipedia.org/wiki/Schizophrenia,Seed,0.29
medicine-and-health,Psychosis,https://en.wikipedia.org/wiki/Psychosis,Recommendation,0.57
medicine-and-health,At risk mental state,https://en.wikipedia.org/wiki/At_risk_mental_state,Recommendation,0.0
medicine-and-health,Antipsychotic,https://en.wikipedia.org/wiki/Antipsychotic,Recommendation,0.0
medicine-and-health,Cholangiocarcinoma,https://en.wikipedia.org/wiki/Cholangiocarcinoma,Seed,0.14
medicine-and-health,Klatskin tumor,https://en.wikipedia.org/wiki/Klatskin_tumor,Recommendation,0.0
medicine-and-health,Primary sclerosing cholangitis,https://en.wikipedia.org/wiki/Primary_sclerosing_cholangitis,Recommendation,0.0
medicine-and-health,Cholestasis,https://en.wikipedia.org/wiki/Cholestasis,Recommendation,0.0
medicine-and-health,Central serous chorioretinopathy,https://en.wikipedia.org/wiki/Central_serous_chorioretinopathy,Seed,0.14
medicine-and-health,Pachychoroid disorders of the macula,https://en.wikipedia.org/wiki/Pachychoroid_disorders_of_the_macula,Recommendation,0.0
medicine-and-health,Optic pit,https://en.wikipedia.org/wiki/Optic_pit,Recommendation,0.0
medicine-and-health,Polypoidal choroidal vasculopathy,https://en.wikipedia.org/wiki/Polypoidal_choroidal_vasculopathy,Recommendation,0.0
medicine-and-health,Hypercoagulability in pregnancy,https://en.wikipedia.org/wiki/Hypercoagulability_in_pregnancy,Seed,0.0
medicine-and-health,Venous thrombosis,https://en.wikipedia.org/wiki/Venous_thrombosis,Recommendation,0.0
medicine-and-health,Thromboembolism,https://en.wikipedia.org/wiki/Thromboembolism,Recommendation,0.14
medicine-and-health,Thrombophilia,https://en.wikipedia.org/wiki/Thrombophilia,Recommendation,0.14
medicine-and-health,Unitary psychosis,https://en.wikipedia.org/wiki/Unitary_psychosis,Seed,0.0
medicine-and-health,Kraepelinian dichotomy,https://en.wikipedia.org/wiki/Kraepelinian_dichotomy,Recommendation,0.0
medicine-and-health,Karl Ludwig Kahlbaum,https://en.wikipedia.org/wiki/Karl_Ludwig_Kahlbaum,Recommendation,0.0
medicine-and-health,Ewald Hecker,https://en.wikipedia.org/wiki/Ewald_Hecker,Recommendation,0.0
medicine-and-health,Hepatorenal syndrome,https://en.wikipedia.org/wiki/Hepatorenal_syndrome,Seed,0.0
medicine-and-health,Portal hypertension,https://en.wikipedia.org/wiki/Portal_hypertension,Recommendation,0.0
medicine-and-health,Spontaneous bacterial peritonitis,https://en.wikipedia.org/wiki/Spontaneous_bacterial_peritonitis,Recommendation,0.0
medicine-and-health,Florence Wong,https://en.wikipedia.org/wiki/Florence_Wong,Recommendation,0.0
medicine-and-health,Ceftobiprole,https://en.wikipedia.org/wiki/Ceftobiprole,Seed,0.0
medicine-and-health,Ceftaroline fosamil,https://en.wikipedia.org/wiki/Ceftaroline_fosamil,Recommendation,0.0
medicine-and-health,Linopristin/flopristin,https://en.wikipedia.org/wiki/Linopristin/flopristin,Recommendation,0.0
medicine-and-health,Methicillin-resistant Staphylococcus aureus,https://en.wikipedia.org/wiki/Methicillin-resistant_Staphylococcus_aureus,Recommendation,0.43
medicine-and-health,Short QT syndrome,https://en.wikipedia.org/wiki/Short_QT_syndrome,Seed,0.0
medicine-and-health,Brugada syndrome,https://en.wikipedia.org/wiki/Brugada_syndrome,Recommendation,0.14
medicine-and-health,Long QT syndrome,https://en.wikipedia.org/wiki/Long_QT_syndrome,Recommendation,0.0
medicine-and-health,Andersen–Tawil syndrome,https://en.wikipedia.org/wiki/Andersen%E2%80%93Tawil_syndrome,Recommendation,0.0
medicine-and-health,Pancreatic cancer,https://en.wikipedia.org/wiki/Pancreatic_cancer,Seed,0.14
medicine-and-health,Neuroendocrine tumor,https://en.wikipedia.org/wiki/Neuroendocrine_tumor,Recommendation,0.29
medicine-and-health,Pancreatic neuroendocrine tumor,https://en.wikipedia.org/wiki/Pancreatic_neuroendocrine_tumor,Recommendation,0.0
medicine-and-health,Clear-cell carcinoma,https://en.wikipedia.org/wiki/Clear-cell_carcinoma,Recommendation,0.0
medicine-and-health,Lung cancer,https://en.wikipedia.org/wiki/Lung_cancer,Seed,0.0
medicine-and-health,Non-small-cell lung cancer,https://en.wikipedia.org/wiki/Non-small-cell_lung_cancer,Recommendation,0.0
medicine-and-health,Large-cell lung carcinoma,https://en.wikipedia.org/wiki/Large-cell_lung_carcinoma,Recommendation,0.0
medicine-and-health,Squamous-cell carcinoma of the lung,https://en.wikipedia.org/wiki/Squamous-cell_carcinoma_of_the_lung,Recommendation,0.0
medicine-and-health,Thiotepa,https://en.wikipedia.org/wiki/Thiotepa,Seed,0.0
medicine-and-health,Busulfan,https://en.wikipedia.org/wiki/Busulfan,Recommendation,0.0
medicine-and-health,Cyclophosphamide,https://en.wikipedia.org/wiki/Cyclophosphamide,Recommendation,0.0
medicine-and-health,High-dose chemotherapy,https://en.wikipedia.org/wiki/High-dose_chemotherapy,Recommendation,0.0
medicine-and-health,Atipamezole,https://en.wikipedia.org/wiki/Atipamezole,Seed,0.0
medicine-and-health,Medetomidine,https://en.wikipedia.org/wiki/Medetomidine,Recommendation,0.0
medicine-and-health,Vatinoxan,https://en.wikipedia.org/wiki/Vatinoxan,Recommendation,0.0
medicine-and-health,Alpha-2 blocker,https://en.wikipedia.org/wiki/Alpha-2_blocker,Recommendation,0.0
medicine-and-health,Nevirapine,https://en.wikipedia.org/wiki/Nevirapine,Seed,0.0
medicine-and-health,Rilpivirine,https://en.wikipedia.org/wiki/Rilpivirine,Recommendation,0.0
medicine-and-health,Loviride,https://en.wikipedia.org/wiki/Loviride,Recommendation,0.0
medicine-and-health,Zidovudine,https://en.wikipedia.org/wiki/Zidovudine,Recommendation,0.0
medicine-and-health,Marian Breland Bailey,https://en.wikipedia.org/wiki/Marian_Breland_Bailey,Seed,0.0
medicine-and-health,Marine mammal training,https://en.wikipedia.org/wiki/Marine_mammal_training,Recommendation,0.0
medicine-and-health,Instinctive drift,https://en.wikipedia.org/wiki/Instinctive_drift,Recommendation,0.0
medicine-and-health,Animal training,https://en.wikipedia.org/wiki/Animal_training,Recommendation,0.43
medicine-and-health,Ansuvimab,https://en.wikipedia.org/wiki/Ansuvimab,Seed,0.0
medicine-and-health,Atoltivimab/maftivimab/odesivimab,https://en.wikipedia.org/wiki/Atoltivimab/maftivimab/odesivimab,Recommendation,0.0
medicine-and-health,ZMapp,https://en.wikipedia.org/wiki/ZMapp,Recommendation,0.0
medicine-and-health,Research in management of Ebola,https://en.wikipedia.org/wiki/Research_in_management_of_Ebola,Recommendation,0.0
medicine-and-health,Dengue fever,https://en.wikipedia.org/wiki/Dengue_fever,Seed,0.43
medicine-and-health,Mosquito-borne disease,https://en.wikipedia.org/wiki/Mosquito-borne_disease,Recommendation,0.0
medicine-and-health,Dengue virus,https://en.wikipedia.org/wiki/Dengue_virus,Recommendation,0.0
medicine-and-health,Arbovirus,https://en.wikipedia.org/wiki/Arbovirus,Recommendation,0.0
medicine-and-health,Dracunculiasis,https://en.wikipedia.org/wiki/Dracunculiasis,Seed,0.0
medicine-and-health,Dracunculus (nematode),https://en.wikipedia.org/wiki/Dracunculus_%28nematode%29,Recommendation,0.0
medicine-and-health,Eradication of dracunculiasis,https://en.wikipedia.org/wiki/Eradication_of_dracunculiasis,Recommendation,0.0
medicine-and-health,Eradication of infectious diseases,https://en.wikipedia.org/wiki/Eradication_of_infectious_diseases,Recommendation,0.0
medicine-and-health,Healthcare in Kosovo,https://en.wikipedia.org/wiki/Healthcare_in_Kosovo,Seed,0.0
medicine-and-health,University Clinical Center of Kosovo,https://en.wikipedia.org/wiki/University_Clinical_Center_of_Kosovo,Recommendation,0.0
medicine-and-health,National Institute of Public Health of Kosovo,https://en.wikipedia.org/wiki/National_Institute_of_Public_Health_of_Kosovo,Recommendation,0.0
medicine-and-health,UConn Health,https://en.wikipedia.org/wiki/UConn_Health,Recommendation,0.0
medicine-and-health,Natalizumab,https://en.wikipedia.org/wiki/Natalizumab,Seed,0.0
medicine-and-health,Progressive multifocal leukoencephalopathy,https://en.wikipedia.org/wiki/Progressive_multifocal_leukoencephalopathy,Recommendation,0.0
medicine-and-health,Biological therapy for inflammatory bowel disease,https://en.wikipedia.org/wiki/Biological_therapy_for_inflammatory_bowel_disease,Recommendation,0.0
medicine-and-health,Management of Crohn's disease,https://en.wikipedia.org/wiki/Management_of_Crohn%27s_disease,Recommendation,0.0
medicine-and-health,Baloxavir marboxil,https://en.wikipedia.org/wiki/Baloxavir_marboxil,Seed,0.0
medicine-and-health,Pimodivir,https://en.wikipedia.org/wiki/Pimodivir,Recommendation,0.0
medicine-and-health,Peramivir,https://en.wikipedia.org/wiki/Peramivir,Recommendation,0.0
medicine-and-health,Oseltamivir,https://en.wikipedia.org/wiki/Oseltamivir,Recommendation,0.0
medicine-and-health,Ex vivo,https://en.wikipedia.org/wiki/Ex_vivo,Seed,0.0
medicine-and-health,Organ-on-a-chip,https://en.wikipedia.org/wiki/Organ-on-a-chip,Recommendation,0.0
medicine-and-health,Langendorff heart,https://en.wikipedia.org/wiki/Langendorff_heart,Recommendation,0.0
medicine-and-health,In vitro,https://en.wikipedia.org/wiki/In_vitro,Recommendation,0.14
medicine-and-health,Sleep surgery,https://en.wikipedia.org/wiki/Sleep_surgery,Seed,0.0
medicine-and-health,Uvulopalatopharyngoplasty,https://en.wikipedia.org/wiki/Uvulopalatopharyngoplasty,Recommendation,0.0
medicine-and-health,Maxillomandibular advancement,https://en.wikipedia.org/wiki/Maxillomandibular_advancement,Recommendation,0.0
medicine-and-health,Snoring,https://en.wikipedia.org/wiki/Snoring,Recommendation,0.0
medicine-and-health,Dermatofibrosarcoma protuberans,https://en.wikipedia.org/wiki/Dermatofibrosarcoma_protuberans,Seed,0.0
medicine-and-health,"Dermatofibrosarcoma protuberans, fibrosarcomatous",https://en.wikipedia.org/wiki/Dermatofibrosarcoma_protuberans%2C_fibrosarcomatous,Recommendation,0.0
medicine-and-health,Giant-cell fibroblastoma,https://en.wikipedia.org/wiki/Giant-cell_fibroblastoma,Recommendation,0.0
medicine-and-health,Sarcoma,https://en.wikipedia.org/wiki/Sarcoma,Recommendation,0.14
medicine-and-health,Hanaoka Seishū,https://en.wikipedia.org/wiki/Hanaoka_Seish%C5%AB,Seed,0.0
medicine-and-health,Gendai Kamada,https://en.wikipedia.org/wiki/Gendai_Kamada,Recommendation,0.0
medicine-and-health,History of general anesthesia,https://en.wikipedia.org/wiki/History_of_general_anesthesia,Recommendation,0.0
medicine-and-health,Takamine Tokumei,https://en.wikipedia.org/wiki/Takamine_Tokumei,Recommendation,0.0
medicine-and-health,Osteocyte,https://en.wikipedia.org/wiki/Osteocyte,Seed,0.0
medicine-and-health,Osteoblast,https://en.wikipedia.org/wiki/Osteoblast,Recommendation,0.0
medicine-and-health,Osteoid,https://en.wikipedia.org/wiki/Osteoid,Recommendation,0.0
medicine-and-health,Bone resorption,https://en.wikipedia.org/wiki/Bone_resorption,Recommendation,0.0
medicine-and-health,Coeliac disease,https://en.wikipedia.org/wiki/Coeliac_disease,Seed,0.0
medicine-and-health,Gluten-related disorders,https://en.wikipedia.org/wiki/Gluten-related_disorders,Recommendation,0.14
medicine-and-health,Non-celiac gluten sensitivity,https://en.wikipedia.org/wiki/Non-celiac_gluten_sensitivity,Recommendation,0.0
medicine-and-health,Gluten challenge test,https://en.wikipedia.org/wiki/Gluten_challenge_test,Recommendation,0.0
medicine-and-health,Thyrotoxic periodic paralysis,https://en.wikipedia.org/wiki/Thyrotoxic_periodic_paralysis,Seed,0.0
medicine-and-health,Hypokalemic periodic paralysis,https://en.wikipedia.org/wiki/Hypokalemic_periodic_paralysis,Recommendation,0.0
medicine-and-health,Hyperkalemic periodic paralysis,https://en.wikipedia.org/wiki/Hyperkalemic_periodic_paralysis,Recommendation,0.0
medicine-and-health,Periodic paralysis,https://en.wikipedia.org/wiki/Periodic_paralysis,Recommendation,0.0
medicine-and-health,European Directorate for the Quality of Medicines & HealthCare,https://en.wikipedia.org/wiki/European_Directorate_for_the_Quality_of_Medicines_%26_HealthCare,Seed,0.43
medicine-and-health,European Pharmacopoeia,https://en.wikipedia.org/wiki/European_Pharmacopoeia,Recommendation,0.0
medicine-and-health,British Pharmacopoeia,https://en.wikipedia.org/wiki/British_Pharmacopoeia,Recommendation,0.0
medicine-and-health,Official Medicines Control Laboratory,https://en.wikipedia.org/wiki/Official_Medicines_Control_Laboratory,Recommendation,0.0
medicine-and-health,Influenza,https://en.wikipedia.org/wiki/Influenza,Seed,0.0
medicine-and-health,Influenza A virus,https://en.wikipedia.org/wiki/Influenza_A_virus,Recommendation,0.0
medicine-and-health,Orthomyxoviridae,https://en.wikipedia.org/wiki/Orthomyxoviridae,Recommendation,0.43
medicine-and-health,H5N1 genetic structure,https://en.wikipedia.org/wiki/H5N1_genetic_structure,Recommendation,0.0
medicine-and-health,Glasgow Royal Infirmary,https://en.wikipedia.org/wiki/Glasgow_Royal_Infirmary,Seed,0.0
medicine-and-health,Western Infirmary,https://en.wikipedia.org/wiki/Western_Infirmary,Recommendation,0.0
medicine-and-health,Rebecca Strong,https://en.wikipedia.org/wiki/Rebecca_Strong,Recommendation,0.0
medicine-and-health,Glasgow Victoria Infirmary,https://en.wikipedia.org/wiki/Glasgow_Victoria_Infirmary,Recommendation,0.0
physics,Introduction to electromagnetism,https://en.wikipedia.org/wiki/Introduction_to_electromagnetism,Seed,0.0
physics,Electromagnetism,https://en.wikipedia.org/wiki/Electromagnetism,Recommendation,0.0
physics,Faraday's law of induction,https://en.wikipedia.org/wiki/Faraday%27s_law_of_induction,Recommendation,0.0
physics,Electromagnetic induction,https://en.wikipedia.org/wiki/Electromagnetic_induction,Recommendation,0.14
physics,Pentaquark,https://en.wikipedia.org/wiki/Pentaquark,Seed,0.0
physics,Hadron,https://en.wikipedia.org/wiki/Hadron,Recommendation,0.0
physics,Exotic hadron,https://en.wikipedia.org/wiki/Exotic_hadron,Recommendation,0.0
physics,LHCb experiment,https://en.wikipedia.org/wiki/LHCb_experiment,Recommendation,0.14
physics,Attosecond physics,https://en.wikipedia.org/wiki/Attosecond_physics,Seed,0.0
physics,Koopman–von Neumann classical mechanics,https://en.wikipedia.org/wiki/Koopman%E2%80%93von_Neumann_classical_mechanics,Recommendation,0.0
physics,Fermi's golden rule,https://en.wikipedia.org/wiki/Fermi%27s_golden_rule,Recommendation,0.0
physics,Adiabatic theorem,https://en.wikipedia.org/wiki/Adiabatic_theorem,Recommendation,0.0
physics,Angle-resolved photoemission spectroscopy,https://en.wikipedia.org/wiki/Angle-resolved_photoemission_spectroscopy,Seed,0.0
physics,Fermi surface,https://en.wikipedia.org/wiki/Fermi_surface,Recommendation,0.0
physics,Photoemission orbital tomography,https://en.wikipedia.org/wiki/Photoemission_orbital_tomography,Recommendation,0.0
physics,Laser-based angle-resolved photoemission spectroscopy,https://en.wikipedia.org/wiki/Laser-based_angle-resolved_photoemission_spectroscopy,Recommendation,0.0
physics,Jürgen Ehlers,https://en.wikipedia.org/wiki/J%C3%BCrgen_Ehlers,Seed,0.0
physics,Rainer K. Sachs,https://en.wikipedia.org/wiki/Rainer_K._Sachs,Recommendation,0.0
physics,Inhomogeneous cosmology,https://en.wikipedia.org/wiki/Inhomogeneous_cosmology,Recommendation,0.0
physics,Bernard F. Schutz,https://en.wikipedia.org/wiki/Bernard_F._Schutz,Recommendation,0.0
physics,Laplace–Runge–Lenz vector,https://en.wikipedia.org/wiki/Laplace%E2%80%93Runge%E2%80%93Lenz_vector,Seed,0.0
physics,Kepler problem,https://en.wikipedia.org/wiki/Kepler_problem,Recommendation,0.0
physics,Angular momentum,https://en.wikipedia.org/wiki/Angular_momentum,Recommendation,0.0
physics,Specific angular momentum,https://en.wikipedia.org/wiki/Specific_angular_momentum,Recommendation,0.0
physics,Quantum well,https://en.wikipedia.org/wiki/Quantum_well,Seed,0.0
physics,Heterojunction,https://en.wikipedia.org/wiki/Heterojunction,Recommendation,0.0
physics,Two-photon photovoltaic effect,https://en.wikipedia.org/wiki/Two-photon_photovoltaic_effect,Recommendation,0.0
physics,Multi-junction solar cell,https://en.wikipedia.org/wiki/Multi-junction_solar_cell,Recommendation,0.0
physics,Hydraulic jump,https://en.wikipedia.org/wiki/Hydraulic_jump,Seed,0.0
physics,Hydraulic jumps in rectangular channels,https://en.wikipedia.org/wiki/Hydraulic_jumps_in_rectangular_channels,Recommendation,0.0
physics,Froude number,https://en.wikipedia.org/wiki/Froude_number,Recommendation,0.0
physics,Standard step method,https://en.wikipedia.org/wiki/Standard_step_method,Recommendation,0.0
physics,ISOLDE,https://en.wikipedia.org/wiki/ISOLDE,Seed,0.0
physics,VITO experiment,https://en.wikipedia.org/wiki/VITO_experiment,Recommendation,0.0
physics,ISOLTRAP experiment,https://en.wikipedia.org/wiki/ISOLTRAP_experiment,Recommendation,0.0
physics,COLLAPS experiment,https://en.wikipedia.org/wiki/COLLAPS_experiment,Recommendation,0.0
physics,History of spectroscopy,https://en.wikipedia.org/wiki/History_of_spectroscopy,Seed,0.0
physics,Emission spectrum,https://en.wikipedia.org/wiki/Emission_spectrum,Recommendation,0.0
physics,Fraunhofer lines,https://en.wikipedia.org/wiki/Fraunhofer_lines,Recommendation,0.0
physics,Gustav Kirchhoff,https://en.wikipedia.org/wiki/Gustav_Kirchhoff,Recommendation,0.0
physics,John Clive Ward,https://en.wikipedia.org/wiki/John_Clive_Ward,Seed,0.0
physics,History of quantum field theory,https://en.wikipedia.org/wiki/History_of_quantum_field_theory,Recommendation,0.0
physics,Furry's theorem,https://en.wikipedia.org/wiki/Furry%27s_theorem,Recommendation,0.0
physics,Richard Dalitz,https://en.wikipedia.org/wiki/Richard_Dalitz,Recommendation,0.0
physics,AdS/CFT correspondence,https://en.wikipedia.org/wiki/AdS/CFT_correspondence,Seed,0.0
physics,String theory,https://en.wikipedia.org/wiki/String_theory,Recommendation,1.43
physics,Holographic principle,https://en.wikipedia.org/wiki/Holographic_principle,Recommendation,0.0
physics,AdS/QCD correspondence,https://en.wikipedia.org/wiki/AdS/QCD_correspondence,Recommendation,0.0
physics,Phase-space formulation,https://en.wikipedia.org/wiki/Phase-space_formulation,Seed,0.0
physics,Method of quantum characteristics,https://en.wikipedia.org/wiki/Method_of_quantum_characteristics,Recommendation,0.0
physics,Propagator,https://en.wikipedia.org/wiki/Propagator,Recommendation,0.0
physics,Phase-space wavefunctions,https://en.wikipedia.org/wiki/Phase-space_wavefunctions,Recommendation,0.0
physics,John C. Slater,https://en.wikipedia.org/wiki/John_C._Slater,Seed,0.0
physics,Edwin C. Kemble,https://en.wikipedia.org/wiki/Edwin_C._Kemble,Recommendation,0.0
physics,John Hasbrouck Van Vleck,https://en.wikipedia.org/wiki/John_Hasbrouck_Van_Vleck,Recommendation,0.14
physics,Michael P. Barnett,https://en.wikipedia.org/wiki/Michael_P._Barnett,Recommendation,0.0
physics,Quark,https://en.wikipedia.org/wiki/Quark,Seed,0.0
physics,Quark model,https://en.wikipedia.org/wiki/Quark_model,Recommendation,0.29
physics,Down quark,https://en.wikipedia.org/wiki/Down_quark,Recommendation,0.29
physics,Quantum chromodynamics,https://en.wikipedia.org/wiki/Quantum_chromodynamics,Recommendation,0.29
physics,Superlens,https://en.wikipedia.org/wiki/Superlens,Seed,0.0
physics,Photonic metamaterial,https://en.wikipedia.org/wiki/Photonic_metamaterial,Recommendation,0.0
physics,Plasmonic metamaterial,https://en.wikipedia.org/wiki/Plasmonic_metamaterial,Recommendation,0.14
physics,Nanophotonics,https://en.wikipedia.org/wiki/Nanophotonics,Recommendation,0.0
physics,Electron,https://en.wikipedia.org/wiki/Electron,Seed,0.29
physics,Atom,https://en.wikipedia.org/wiki/Atom,Recommendation,0.0
physics,Wave–particle duality,https://en.wikipedia.org/wiki/Wave%E2%80%93particle_duality,Recommendation,0.0
physics,Particle physics,https://en.wikipedia.org/wiki/Particle_physics,Recommendation,0.0
physics,Masatoshi Koshiba,https://en.wikipedia.org/wiki/Masatoshi_Koshiba,Seed,0.0
physics,Takaaki Kajita,https://en.wikipedia.org/wiki/Takaaki_Kajita,Recommendation,0.0
physics,Yoji Totsuka,https://en.wikipedia.org/wiki/Yoji_Totsuka,Recommendation,0.0
physics,Solar neutrino problem,https://en.wikipedia.org/wiki/Solar_neutrino_problem,Recommendation,0.0
physics,Carl Eckart,https://en.wikipedia.org/wiki/Carl_Eckart,Seed,0.0
physics,Karel Niessen,https://en.wikipedia.org/wiki/Karel_Niessen,Recommendation,0.0
physics,Paul Sophus Epstein,https://en.wikipedia.org/wiki/Paul_Sophus_Epstein,Recommendation,0.0
physics,Copenhagen interpretation,https://en.wikipedia.org/wiki/Copenhagen_interpretation,Recommendation,0.0
physics,Redshift,https://en.wikipedia.org/wiki/Redshift,Seed,0.14
physics,Redshift-space distortions,https://en.wikipedia.org/wiki/Redshift-space_distortions,Recommendation,0.0
physics,Tired light,https://en.wikipedia.org/wiki/Tired_light,Recommendation,0.0
physics,Gravitational redshift,https://en.wikipedia.org/wiki/Gravitational_redshift,Recommendation,0.0
physics,Frisch–Peierls memorandum,https://en.wikipedia.org/wiki/Frisch%E2%80%93Peierls_memorandum,Seed,0.14
physics,Otto Robert Frisch,https://en.wikipedia.org/wiki/Otto_Robert_Frisch,Recommendation,0.0
physics,Nuclear fission,https://en.wikipedia.org/wiki/Nuclear_fission,Recommendation,0.0
physics,Einstein–Szilard letter,https://en.wikipedia.org/wiki/Einstein%E2%80%93Szilard_letter,Recommendation,0.0
physics,Ptychography,https://en.wikipedia.org/wiki/Ptychography,Seed,0.86
physics,Computational microscopy,https://en.wikipedia.org/wiki/Computational_microscopy,Recommendation,0.0
physics,Fourier ptychography,https://en.wikipedia.org/wiki/Fourier_ptychography,Recommendation,0.0
physics,John Rodenburg,https://en.wikipedia.org/wiki/John_Rodenburg,Recommendation,0.0
physics,History of special relativity,https://en.wikipedia.org/wiki/History_of_special_relativity,Seed,0.0
physics,Alfred Bucherer,https://en.wikipedia.org/wiki/Alfred_Bucherer,Recommendation,0.0
physics,Criticism of the theory of relativity,https://en.wikipedia.org/wiki/Criticism_of_the_theory_of_relativity,Recommendation,0.14
physics,Lorentz ether theory,https://en.wikipedia.org/wiki/Lorentz_ether_theory,Recommendation,0.0
physics,General relativity,https://en.wikipedia.org/wiki/General_relativity,Seed,0.0
physics,Quantum gravity,https://en.wikipedia.org/wiki/Quantum_gravity,Recommendation,0.0
physics,Induced gravity,https://en.wikipedia.org/wiki/Induced_gravity,Recommendation,0.0
physics,Einstein–Cartan theory,https://en.wikipedia.org/wiki/Einstein%E2%80%93Cartan_theory,Recommendation,0.0
physics,Nigel Lockyer,https://en.wikipedia.org/wiki/Nigel_Lockyer,Seed,0.0
physics,Deep Underground Neutrino Experiment,https://en.wikipedia.org/wiki/Deep_Underground_Neutrino_Experiment,Recommendation,0.0
physics,Marzio Nessi,https://en.wikipedia.org/wiki/Marzio_Nessi,Recommendation,0.0
physics,Fermi National Accelerator Laboratory,https://en.wikipedia.org/wiki/Fermi_National_Accelerator_Laboratory,Recommendation,0.0
physics,Waveguide (radio frequency),https://en.wikipedia.org/wiki/Waveguide_%28radio_frequency%29,Seed,0.29
physics,Waveguide,https://en.wikipedia.org/wiki/Waveguide,Recommendation,0.0
physics,Waveguide filter,https://en.wikipedia.org/wiki/Waveguide_filter,Recommendation,0.0
physics,Planar transmission line,https://en.wikipedia.org/wiki/Planar_transmission_line,Recommendation,0.0
physics,Inertial electrostatic confinement,https://en.wikipedia.org/wiki/Inertial_electrostatic_confinement,Seed,0.0
physics,Fusor,https://en.wikipedia.org/wiki/Fusor,Recommendation,0.0
physics,Aneutronic fusion,https://en.wikipedia.org/wiki/Aneutronic_fusion,Recommendation,0.0
physics,Colliding beam fusion,https://en.wikipedia.org/wiki/Colliding_beam_fusion,Recommendation,0.0
physics,Black hole,https://en.wikipedia.org/wiki/Black_hole,Seed,0.43
physics,Schwarzschild radius,https://en.wikipedia.org/wiki/Schwarzschild_radius,Recommendation,0.29
physics,Supermassive black hole,https://en.wikipedia.org/wiki/Supermassive_black_hole,Recommendation,0.29
physics,History of black hole physics,https://en.wikipedia.org/wiki/History_of_black_hole_physics,Recommendation,0.0
physics,Electron diffraction,https://en.wikipedia.org/wiki/Electron_diffraction,Seed,0.0
physics,Ewald's sphere,https://en.wikipedia.org/wiki/Ewald%27s_sphere,Recommendation,0.0
physics,Low-energy electron diffraction,https://en.wikipedia.org/wiki/Low-energy_electron_diffraction,Recommendation,0.0
physics,Helium atom scattering,https://en.wikipedia.org/wiki/Helium_atom_scattering,Recommendation,0.0
physics,Compact Muon Solenoid,https://en.wikipedia.org/wiki/Compact_Muon_Solenoid,Seed,0.0
physics,ATLAS experiment,https://en.wikipedia.org/wiki/ATLAS_experiment,Recommendation,0.0
physics,DØ experiment,https://en.wikipedia.org/wiki/D%C3%98_experiment,Recommendation,0.0
physics,Collider Detector at Fermilab,https://en.wikipedia.org/wiki/Collider_Detector_at_Fermilab,Recommendation,0.0
physics,Cosmological lithium problem,https://en.wikipedia.org/wiki/Cosmological_lithium_problem,Seed,0.0
physics,Big Bang nucleosynthesis,https://en.wikipedia.org/wiki/Big_Bang_nucleosynthesis,Recommendation,0.0
physics,Nucleosynthesis,https://en.wikipedia.org/wiki/Nucleosynthesis,Recommendation,0.0
physics,Nucleocosmochronology,https://en.wikipedia.org/wiki/Nucleocosmochronology,Recommendation,0.0
physics,Phase-contrast X-ray imaging,https://en.wikipedia.org/wiki/Phase-contrast_X-ray_imaging,Seed,0.0
physics,Phase-contrast imaging,https://en.wikipedia.org/wiki/Phase-contrast_imaging,Recommendation,0.14
physics,Diffraction topography,https://en.wikipedia.org/wiki/Diffraction_topography,Recommendation,0.0
physics,Single-shot multi-contrast X-ray imaging,https://en.wikipedia.org/wiki/Single-shot_multi-contrast_X-ray_imaging,Recommendation,0.0
physics,Giant magnetoresistance,https://en.wikipedia.org/wiki/Giant_magnetoresistance,Seed,0.0
physics,Magnetoresistance,https://en.wikipedia.org/wiki/Magnetoresistance,Recommendation,0.0
physics,Antiferromagnetism,https://en.wikipedia.org/wiki/Antiferromagnetism,Recommendation,0.0
physics,Spinterface,https://en.wikipedia.org/wiki/Spinterface,Recommendation,0.0
physics,History of nuclear fusion,https://en.wikipedia.org/wiki/History_of_nuclear_fusion,Seed,0.0
physics,Magnetic confinement fusion,https://en.wikipedia.org/wiki/Magnetic_confinement_fusion,Recommendation,0.0
physics,Fusion power,https://en.wikipedia.org/wiki/Fusion_power,Recommendation,0.14
physics,Theta pinch,https://en.wikipedia.org/wiki/Theta_pinch,Recommendation,0.0
physics,Optical properties of carbon nanotubes,https://en.wikipedia.org/wiki/Optical_properties_of_carbon_nanotubes,Seed,0.0
physics,Selective chemistry of single-walled nanotubes,https://en.wikipedia.org/wiki/Selective_chemistry_of_single-walled_nanotubes,Recommendation,0.0
physics,Carbon nanotube,https://en.wikipedia.org/wiki/Carbon_nanotube,Recommendation,0.0
physics,Graphene helix,https://en.wikipedia.org/wiki/Graphene_helix,Recommendation,0.0
physics,Bond graph,https://en.wikipedia.org/wiki/Bond_graph,Seed,0.0
physics,Navier–Stokes equations,https://en.wikipedia.org/wiki/Navier%E2%80%93Stokes_equations,Recommendation,11.0
physics,Lagrangian mechanics,https://en.wikipedia.org/wiki/Lagrangian_mechanics,Recommendation,0.29
physics,Diffusion,https://en.wikipedia.org/wiki/Diffusion,Recommendation,0.0
physics,ZETA (fusion reactor),https://en.wikipedia.org/wiki/ZETA_%28fusion_reactor%29,Seed,0.0
physics,Intermediate-Current Stability Experiment,https://en.wikipedia.org/wiki/Intermediate-Current_Stability_Experiment,Recommendation,0.0
physics,Tokamak,https://en.wikipedia.org/wiki/Tokamak,Recommendation,0.14
physics,Derek Robinson (physicist),https://en.wikipedia.org/wiki/Derek_Robinson_%28physicist%29,Recommendation,0.0
physics,Auger electron spectroscopy,https://en.wikipedia.org/wiki/Auger_electron_spectroscopy,Seed,0.0
physics,Surface-extended X-ray absorption fine structure,https://en.wikipedia.org/wiki/Surface-extended_X-ray_absorption_fine_structure,Recommendation,0.0
physics,X-ray photoelectron spectroscopy,https://en.wikipedia.org/wiki/X-ray_photoelectron_spectroscopy,Recommendation,0.0
physics,Electron spectroscopy,https://en.wikipedia.org/wiki/Electron_spectroscopy,Recommendation,0.0
physics,Gordon Gould,https://en.wikipedia.org/wiki/Gordon_Gould,Seed,0.0
physics,Maser,https://en.wikipedia.org/wiki/Maser,Recommendation,0.0
physics,Laser,https://en.wikipedia.org/wiki/Laser,Recommendation,0.43
physics,Theodore Maiman,https://en.wikipedia.org/wiki/Theodore_Maiman,Recommendation,0.0
physics,James Chadwick,https://en.wikipedia.org/wiki/James_Chadwick,Seed,0.0
physics,Discovery of the neutron,https://en.wikipedia.org/wiki/Discovery_of_the_neutron,Recommendation,0.0
physics,John Riley Holt,https://en.wikipedia.org/wiki/John_Riley_Holt,Recommendation,0.0
physics,Maurice Goldhaber,https://en.wikipedia.org/wiki/Maurice_Goldhaber,Recommendation,0.0
physics,Observational cosmology,https://en.wikipedia.org/wiki/Observational_cosmology,Seed,0.0
physics,Cosmic microwave background,https://en.wikipedia.org/wiki/Cosmic_microwave_background,Recommendation,0.0
physics,Wilkinson Microwave Anisotropy Probe,https://en.wikipedia.org/wiki/Wilkinson_Microwave_Anisotropy_Probe,Recommendation,0.0
physics,Cosmic Background Explorer,https://en.wikipedia.org/wiki/Cosmic_Background_Explorer,Recommendation,0.0
physics,Cloud physics,https://en.wikipedia.org/wiki/Cloud_physics,Seed,0.0
physics,Wegener–Bergeron–Findeisen process,https://en.wikipedia.org/wiki/Wegener%E2%80%93Bergeron%E2%80%93Findeisen_process,Recommendation,0.0
physics,Ice nucleus,https://en.wikipedia.org/wiki/Ice_nucleus,Recommendation,0.0
physics,Cloud condensation nuclei,https://en.wikipedia.org/wiki/Cloud_condensation_nuclei,Recommendation,0.0
physics,Herwig Schopper,https://en.wikipedia.org/wiki/Herwig_Schopper,Seed,0.0
physics,Emilio Picasso,https://en.wikipedia.org/wiki/Emilio_Picasso,Recommendation,0.0
physics,DESY,https://en.wikipedia.org/wiki/DESY,Recommendation,0.0
physics,Tord Ekelöf,https://en.wikipedia.org/wiki/Tord_Ekel%C3%B6f,Recommendation,0.0
physics,Polywell,https://en.wikipedia.org/wiki/Polywell,Seed,0.0
physics,Robert W. Bussard,https://en.wikipedia.org/wiki/Robert_W._Bussard,Recommendation,0.0
physics,Lockheed Martin Compact Fusion Reactor,https://en.wikipedia.org/wiki/Lockheed_Martin_Compact_Fusion_Reactor,Recommendation,0.0
physics,Fusion rocket,https://en.wikipedia.org/wiki/Fusion_rocket,Recommendation,0.0
physics,Solid-state nuclear magnetic resonance,https://en.wikipedia.org/wiki/Solid-state_nuclear_magnetic_resonance,Seed,0.0
physics,Residual dipolar coupling,https://en.wikipedia.org/wiki/Residual_dipolar_coupling,Recommendation,0.0
physics,Nuclear magnetic resonance,https://en.wikipedia.org/wiki/Nuclear_magnetic_resonance,Recommendation,0.0
physics,Dynamic nuclear polarization,https://en.wikipedia.org/wiki/Dynamic_nuclear_polarization,Recommendation,0.0
physics,History of fluid mechanics,https://en.wikipedia.org/wiki/History_of_fluid_mechanics,Seed,0.14
physics,Fluid mechanics,https://en.wikipedia.org/wiki/Fluid_mechanics,Recommendation,0.0
physics,Hydrodynamica,https://en.wikipedia.org/wiki/Hydrodynamica,Recommendation,0.0
physics,History of aerodynamics,https://en.wikipedia.org/wiki/History_of_aerodynamics,Recommendation,0.0
physics,Airy wave theory,https://en.wikipedia.org/wiki/Airy_wave_theory,Seed,0.0
physics,Radiation stress,https://en.wikipedia.org/wiki/Radiation_stress,Recommendation,0.0
physics,Dispersion (water waves),https://en.wikipedia.org/wiki/Dispersion_%28water_waves%29,Recommendation,0.0
physics,Vorticity equation,https://en.wikipedia.org/wiki/Vorticity_equation,Recommendation,0.0
physics,Icosahedral twins,https://en.wikipedia.org/wiki/Icosahedral_twins,Seed,0.0
physics,Fiveling,https://en.wikipedia.org/wiki/Fiveling,Recommendation,0.0
physics,Extended Wulff constructions,https://en.wikipedia.org/wiki/Extended_Wulff_constructions,Recommendation,0.0
physics,Gold cluster,https://en.wikipedia.org/wiki/Gold_cluster,Recommendation,0.0
physics,Joseph Weber,https://en.wikipedia.org/wiki/Joseph_Weber,Seed,0.0
physics,Gravitational wave,https://en.wikipedia.org/wiki/Gravitational_wave,Recommendation,0.0
physics,Jean-Paul Richard,https://en.wikipedia.org/wiki/Jean-Paul_Richard,Recommendation,0.0
physics,Gravitational-wave astronomy,https://en.wikipedia.org/wiki/Gravitational-wave_astronomy,Recommendation,0.0
physics,Robert W. Wood,https://en.wikipedia.org/wiki/Robert_W._Wood,Seed,0.0
physics,N-ray,https://en.wikipedia.org/wiki/N-ray,Recommendation,0.0
physics,Prosper-René Blondlot,https://en.wikipedia.org/wiki/Prosper-Ren%C3%A9_Blondlot,Recommendation,0.0
physics,Sonochemistry,https://en.wikipedia.org/wiki/Sonochemistry,Recommendation,0.0
technology,STS-8,https://en.wikipedia.org/wiki/STS-8,Seed,0.0
technology,STS-43,https://en.wikipedia.org/wiki/STS-43,Recommendation,0.0
technology,STS-29,https://en.wikipedia.org/wiki/STS-29,Recommendation,0.0
technology,STS-6,https://en.wikipedia.org/wiki/STS-6,Recommendation,0.0
technology,STS-130,https://en.wikipedia.org/wiki/STS-130,Seed,0.0
technology,Bob Behnken,https://en.wikipedia.org/wiki/Bob_Behnken,Recommendation,0.0
technology,Nicholas Patrick,https://en.wikipedia.org/wiki/Nicholas_Patrick,Recommendation,0.0
technology,STS-123,https://en.wikipedia.org/wiki/STS-123,Recommendation,0.0
technology,STS-127,https://en.wikipedia.org/wiki/STS-127,Seed,0.0
technology,STS-126,https://en.wikipedia.org/wiki/STS-126,Recommendation,0.0
technology,STS-119,https://en.wikipedia.org/wiki/STS-119,Recommendation,0.0
technology,STS-134,https://en.wikipedia.org/wiki/STS-134,Recommendation,0.14
technology,Michael R. Clifford,https://en.wikipedia.org/wiki/Michael_R._Clifford,Seed,0.0
technology,Soichi Noguchi,https://en.wikipedia.org/wiki/Soichi_Noguchi,Recommendation,0.0
technology,STS-41-B,https://en.wikipedia.org/wiki/STS-41-B,Recommendation,0.0
technology,Patrick G. Forrester,https://en.wikipedia.org/wiki/Patrick_G._Forrester,Recommendation,0.0
technology,Power Mac G4 Cube,https://en.wikipedia.org/wiki/Power_Mac_G4_Cube,Seed,0.0
technology,Power Mac G4,https://en.wikipedia.org/wiki/Power_Mac_G4,Recommendation,0.0
technology,Apple speakers,https://en.wikipedia.org/wiki/Apple_speakers,Recommendation,0.0
technology,Power Macintosh,https://en.wikipedia.org/wiki/Power_Macintosh,Recommendation,0.0
technology,Glynn Lunney,https://en.wikipedia.org/wiki/Glynn_Lunney,Seed,0.0
technology,Christopher C. Kraft Jr.,https://en.wikipedia.org/wiki/Christopher_C._Kraft_Jr.,Recommendation,0.0
technology,Johnson Space Center,https://en.wikipedia.org/wiki/Johnson_Space_Center,Recommendation,0.0
technology,Apollo–Soyuz,https://en.wikipedia.org/wiki/Apollo%E2%80%93Soyuz,Recommendation,0.0
technology,Apple pointing devices,https://en.wikipedia.org/wiki/Apple_pointing_devices,Seed,0.0
technology,Apple keyboards,https://en.wikipedia.org/wiki/Apple_keyboards,Recommendation,0.0
technology,Magic Mouse,https://en.wikipedia.org/wiki/Magic_Mouse,Recommendation,0.0
technology,Apple Mighty Mouse,https://en.wikipedia.org/wiki/Apple_Mighty_Mouse,Recommendation,0.0
technology,Mercury-Atlas 8,https://en.wikipedia.org/wiki/Mercury-Atlas_8,Seed,0.0
technology,Mercury-Atlas 9,https://en.wikipedia.org/wiki/Mercury-Atlas_9,Recommendation,0.0
technology,Project Mercury,https://en.wikipedia.org/wiki/Project_Mercury,Recommendation,0.0
technology,Mercury-Atlas 6,https://en.wikipedia.org/wiki/Mercury-Atlas_6,Recommendation,0.0
technology,Intuitive Machines Nova-C,https://en.wikipedia.org/wiki/Intuitive_Machines_Nova-C,Seed,0.14
technology,Intuitive Machines,https://en.wikipedia.org/wiki/Intuitive_Machines,Recommendation,0.14
technology,IM-2,https://en.wikipedia.org/wiki/IM-2,Recommendation,0.0
technology,IM-1,https://en.wikipedia.org/wiki/IM-1,Recommendation,0.0
technology,NASA Astronaut Group 2,https://en.wikipedia.org/wiki/NASA_Astronaut_Group_2,Seed,0.0
technology,James McDivitt,https://en.wikipedia.org/wiki/James_McDivitt,Recommendation,0.0
technology,NASA Astronaut Group 3,https://en.wikipedia.org/wiki/NASA_Astronaut_Group_3,Recommendation,0.0
technology,Frank Borman,https://en.wikipedia.org/wiki/Frank_Borman,Recommendation,0.0
technology,Apollo 9,https://en.wikipedia.org/wiki/Apollo_9,Seed,0.0
technology,Apollo Lunar Module,https://en.wikipedia.org/wiki/Apollo_Lunar_Module,Recommendation,0.14
technology,"Transposition, docking, and extraction",https://en.wikipedia.org/wiki/Transposition%2C_docking%2C_and_extraction,Recommendation,0.0
technology,Apollo command and service module,https://en.wikipedia.org/wiki/Apollo_command_and_service_module,Recommendation,0.0
technology,Naro-1,https://en.wikipedia.org/wiki/Naro-1,Seed,0.0
technology,Korea Aerospace Research Institute,https://en.wikipedia.org/wiki/Korea_Aerospace_Research_Institute,Recommendation,0.0
technology,Nuri (rocket),https://en.wikipedia.org/wiki/Nuri_%28rocket%29,Recommendation,0.29
technology,Naro Space Center,https://en.wikipedia.org/wiki/Naro_Space_Center,Recommendation,0.0
technology,IMac G3,https://en.wikipedia.org/wiki/IMac_G3,Seed,0.0
technology,EMac,https://en.wikipedia.org/wiki/EMac,Recommendation,0.0
technology,IMac,https://en.wikipedia.org/wiki/IMac,Recommendation,0.0
technology,Mac (computer),https://en.wikipedia.org/wiki/Mac_%28computer%29,Recommendation,0.14
technology,IMac G4,https://en.wikipedia.org/wiki/IMac_G4,Seed,0.0
technology,IMac G5,https://en.wikipedia.org/wiki/IMac_G5,Recommendation,0.0
technology,PowerBook G4,https://en.wikipedia.org/wiki/PowerBook_G4,Recommendation,0.0
technology,Twentieth Anniversary Macintosh,https://en.wikipedia.org/wiki/Twentieth_Anniversary_Macintosh,Recommendation,0.0
technology,STEREO,https://en.wikipedia.org/wiki/STEREO,Seed,0.0
technology,Heliospheric imager,https://en.wikipedia.org/wiki/Heliospheric_imager,Recommendation,0.0
technology,Solar Sentinels,https://en.wikipedia.org/wiki/Solar_Sentinels,Recommendation,0.0
technology,July 2012 solar storm,https://en.wikipedia.org/wiki/July_2012_solar_storm,Recommendation,0.0
technology,ILC Dover,https://en.wikipedia.org/wiki/ILC_Dover,Seed,0.0
technology,Eleanor Foraker,https://en.wikipedia.org/wiki/Eleanor_Foraker,Recommendation,0.0
technology,Extravehicular Mobility Unit,https://en.wikipedia.org/wiki/Extravehicular_Mobility_Unit,Recommendation,0.0
technology,ILC Dover seamstresses,https://en.wikipedia.org/wiki/ILC_Dover_seamstresses,Recommendation,0.0
technology,Apollo 6,https://en.wikipedia.org/wiki/Apollo_6,Seed,0.0
technology,Saturn IB,https://en.wikipedia.org/wiki/Saturn_IB,Recommendation,0.0
technology,AS-201,https://en.wikipedia.org/wiki/AS-201,Recommendation,0.0
technology,Manned Venus flyby,https://en.wikipedia.org/wiki/Manned_Venus_flyby,Recommendation,0.0
technology,Mohammed bin Rashid Space Centre,https://en.wikipedia.org/wiki/Mohammed_bin_Rashid_Space_Centre,Seed,0.0
technology,United Arab Emirates Space Agency,https://en.wikipedia.org/wiki/United_Arab_Emirates_Space_Agency,Recommendation,0.0
technology,Emirates Mars Mission,https://en.wikipedia.org/wiki/Emirates_Mars_Mission,Recommendation,0.0
technology,KhalifaSat,https://en.wikipedia.org/wiki/KhalifaSat,Recommendation,0.0
technology,Apollo 15,https://en.wikipedia.org/wiki/Apollo_15,Seed,0.0
technology,Return of Apollo 15 to Earth,https://en.wikipedia.org/wiki/Return_of_Apollo_15_to_Earth,Recommendation,0.14
technology,Journey of Apollo 15 to the Moon,https://en.wikipedia.org/wiki/Journey_of_Apollo_15_to_the_Moon,Recommendation,0.0
technology,Apollo 15 operations on the Lunar surface,https://en.wikipedia.org/wiki/Apollo_15_operations_on_the_Lunar_surface,Recommendation,0.0
technology,Apollo 4,https://en.wikipedia.org/wiki/Apollo_4,Seed,0.0
technology,Apollo (spacecraft),https://en.wikipedia.org/wiki/Apollo_%28spacecraft%29,Recommendation,0.0
technology,Apollo Applications Program,https://en.wikipedia.org/wiki/Apollo_Applications_Program,Recommendation,0.0
technology,AS-202,https://en.wikipedia.org/wiki/AS-202,Recommendation,0.0
technology,Apollo 5,https://en.wikipedia.org/wiki/Apollo_5,Seed,0.0
technology,Apollo program,https://en.wikipedia.org/wiki/Apollo_program,Recommendation,0.0
technology,LK (spacecraft),https://en.wikipedia.org/wiki/LK_%28spacecraft%29,Recommendation,0.0
technology,Advanced Gemini,https://en.wikipedia.org/wiki/Advanced_Gemini,Recommendation,0.0
technology,Laika,https://en.wikipedia.org/wiki/Laika,Seed,0.0
technology,Sputnik 2,https://en.wikipedia.org/wiki/Sputnik_2,Recommendation,0.0
technology,Soviet space dogs,https://en.wikipedia.org/wiki/Soviet_space_dogs,Recommendation,0.0
technology,Oleg Gazenko,https://en.wikipedia.org/wiki/Oleg_Gazenko,Recommendation,0.0
technology,Beznau Nuclear Power Plant,https://en.wikipedia.org/wiki/Beznau_Nuclear_Power_Plant,Seed,0.0
technology,Mühleberg Nuclear Power Plant,https://en.wikipedia.org/wiki/M%C3%BChleberg_Nuclear_Power_Plant,Recommendation,0.0
technology,Gösgen nuclear power plant,https://en.wikipedia.org/wiki/G%C3%B6sgen_nuclear_power_plant,Recommendation,0.14
technology,Apollo 12,https://en.wikipedia.org/wiki/Apollo_12,Seed,0.0
technology,Apollo 8,https://en.wikipedia.org/wiki/Apollo_8,Recommendation,0.0
technology,Lunar Flag Assembly,https://en.wikipedia.org/wiki/Lunar_Flag_Assembly,Recommendation,0.0
technology,Surveyor 3,https://en.wikipedia.org/wiki/Surveyor_3,Recommendation,0.0
technology,Apollo 13,https://en.wikipedia.org/wiki/Apollo_13,Seed,0.0
technology,Apollo 13 (film),https://en.wikipedia.org/wiki/Apollo_13_%28film%29,Recommendation,0.14
technology,Jim Lovell,https://en.wikipedia.org/wiki/Jim_Lovell,Recommendation,0.43
technology,Lunar plaque,https://en.wikipedia.org/wiki/Lunar_plaque,Recommendation,0.0
technology,NASA Astronaut Group 5,https://en.wikipedia.org/wiki/NASA_Astronaut_Group_5,Seed,0.0
technology,Astronaut Monument,https://en.wikipedia.org/wiki/Astronaut_Monument,Recommendation,0.0
technology,NASA Astronaut Group 6,https://en.wikipedia.org/wiki/NASA_Astronaut_Group_6,Recommendation,0.0
technology,Don Lind,https://en.wikipedia.org/wiki/Don_Lind,Recommendation,0.0
technology,Shuttle–Mir program,https://en.wikipedia.org/wiki/Shuttle%E2%80%93Mir_program,Seed,0.0
technology,Mir,https://en.wikipedia.org/wiki/Mir,Recommendation,0.0
technology,STS-86,https://en.wikipedia.org/wiki/STS-86,Recommendation,0.0
technology,Mir EO-19,https://en.wikipedia.org/wiki/Mir_EO-19,Recommendation,0.0
technology,Macworld/iWorld,https://en.wikipedia.org/wiki/Macworld/iWorld,Seed,0.14
technology,Stevenote,https://en.wikipedia.org/wiki/Stevenote,Recommendation,0.29
technology,Macworld,https://en.wikipedia.org/wiki/Macworld,Recommendation,0.14
technology,MacExpo London,https://en.wikipedia.org/wiki/MacExpo_London,Recommendation,0.0
technology,Roger B. Chaffee,https://en.wikipedia.org/wiki/Roger_B._Chaffee,Seed,0.0
technology,Gus Grissom,https://en.wikipedia.org/wiki/Gus_Grissom,Recommendation,0.0
technology,Apollo 1,https://en.wikipedia.org/wiki/Apollo_1,Recommendation,0.0
technology,Clifton Williams,https://en.wikipedia.org/wiki/Clifton_Williams,Recommendation,0.0
technology,David Scott,https://en.wikipedia.org/wiki/David_Scott,Seed,0.0
technology,Thomas P. Stafford,https://en.wikipedia.org/wiki/Thomas_P._Stafford,Recommendation,0.0
technology,Michael Collins (astronaut),https://en.wikipedia.org/wiki/Michael_Collins_%28astronaut%29,Recommendation,0.29
technology,Ed White (astronaut),https://en.wikipedia.org/wiki/Ed_White_%28astronaut%29,Recommendation,0.0
technology,Hamaoka Nuclear Power Plant,https://en.wikipedia.org/wiki/Hamaoka_Nuclear_Power_Plant,Seed,0.14
technology,Onagawa Nuclear Power Plant,https://en.wikipedia.org/wiki/Onagawa_Nuclear_Power_Plant,Recommendation,0.0
technology,Tōkai Nuclear Power Plant,https://en.wikipedia.org/wiki/T%C5%8Dkai_Nuclear_Power_Plant,Recommendation,0.0
technology,Nuclear power in Japan,https://en.wikipedia.org/wiki/Nuclear_power_in_Japan,Recommendation,0.14
technology,Mercury Seven,https://en.wikipedia.org/wiki/Mercury_Seven,Seed,0.0
technology,Gordon Cooper,https://en.wikipedia.org/wiki/Gordon_Cooper,Recommendation,0.0
technology,Scott Carpenter,https://en.wikipedia.org/wiki/Scott_Carpenter,Recommendation,0.0
technology,The Right Stuff (book),https://en.wikipedia.org/wiki/The_Right_Stuff_%28book%29,Recommendation,0.0
technology,Apollo 10,https://en.wikipedia.org/wiki/Apollo_10,Seed,0.0
technology,Lunar orbit rendezvous,https://en.wikipedia.org/wiki/Lunar_orbit_rendezvous,Recommendation,0.0
technology,Altair (spacecraft),https://en.wikipedia.org/wiki/Altair_%28spacecraft%29,Recommendation,0.0
technology,Lunar escape systems,https://en.wikipedia.org/wiki/Lunar_escape_systems,Recommendation,0.0
technology,Interstellar Boundary Explorer,https://en.wikipedia.org/wiki/Interstellar_Boundary_Explorer,Seed,0.0
technology,Interstellar Mapping and Acceleration Probe,https://en.wikipedia.org/wiki/Interstellar_Mapping_and_Acceleration_Probe,Recommendation,0.0
technology,Energetic neutral atom,https://en.wikipedia.org/wiki/Energetic_neutral_atom,Recommendation,0.29
technology,Heliosphere,https://en.wikipedia.org/wiki/Heliosphere,Recommendation,0.0
technology,Apollo 16,https://en.wikipedia.org/wiki/Apollo_16,Seed,0.0
technology,Apollo 11,https://en.wikipedia.org/wiki/Apollo_11,Recommendation,0.0
technology,Tranquility Base,https://en.wikipedia.org/wiki/Tranquility_Base,Recommendation,0.0
technology,Apollo program training,https://en.wikipedia.org/wiki/Apollo_program_training,Recommendation,0.0
technology,Alfred Worden,https://en.wikipedia.org/wiki/Alfred_Worden,Seed,0.0
technology,Ronald Evans (astronaut),https://en.wikipedia.org/wiki/Ronald_Evans_%28astronaut%29,Recommendation,0.14
technology,James Irwin,https://en.wikipedia.org/wiki/James_Irwin,Recommendation,0.57
technology,Deke Slayton,https://en.wikipedia.org/wiki/Deke_Slayton,Recommendation,0.0
technology,John Young (astronaut),https://en.wikipedia.org/wiki/John_Young_%28astronaut%29,Seed,0.0
technology,Ken Mattingly,https://en.wikipedia.org/wiki/Ken_Mattingly,Recommendation,0.0
technology,STS-2,https://en.wikipedia.org/wiki/STS-2,Recommendation,0.0
technology,Project Gemini,https://en.wikipedia.org/wiki/Project_Gemini,Recommendation,0.0
technology,Apollo 17,https://en.wikipedia.org/wiki/Apollo_17,Seed,0.0
technology,Gene Cernan,https://en.wikipedia.org/wiki/Gene_Cernan,Recommendation,0.14
technology,Artemis IV,https://en.wikipedia.org/wiki/Artemis_IV,Recommendation,0.0
technology,Harrison Schmitt,https://en.wikipedia.org/wiki/Harrison_Schmitt,Recommendation,0.0
technology,NEAR Shoemaker,https://en.wikipedia.org/wiki/NEAR_Shoemaker,Seed,0.0
technology,433 Eros,https://en.wikipedia.org/wiki/433_Eros,Recommendation,0.0
technology,253 Mathilde,https://en.wikipedia.org/wiki/253_Mathilde,Recommendation,0.0
technology,MESSENGER,https://en.wikipedia.org/wiki/MESSENGER,Recommendation,0.0
technology,Gas tungsten arc welding,https://en.wikipedia.org/wiki/Gas_tungsten_arc_welding,Seed,0.0
technology,Gas metal arc welding,https://en.wikipedia.org/wiki/Gas_metal_arc_welding,Recommendation,0.0
technology,Shielding gas,https://en.wikipedia.org/wiki/Shielding_gas,Recommendation,0.0
technology,Orbital welding,https://en.wikipedia.org/wiki/Orbital_welding,Recommendation,0.0
technology,Shuttle-Centaur,https://en.wikipedia.org/wiki/Shuttle-Centaur,Seed,0.0
technology,Inertial Upper Stage,https://en.wikipedia.org/wiki/Inertial_Upper_Stage,Recommendation,0.0
technology,Galileo project,https://en.wikipedia.org/wiki/Galileo_project,Recommendation,0.0
technology,Titan IV,https://en.wikipedia.org/wiki/Titan_IV,Recommendation,0.0
technology,Human–robot interaction,https://en.wikipedia.org/wiki/Human%E2%80%93robot_interaction,Seed,0.0
technology,Aude Billard,https://en.wikipedia.org/wiki/Aude_Billard,Recommendation,0.29
technology,Sociorobotics,https://en.wikipedia.org/wiki/Sociorobotics,Recommendation,0.0
technology,Social robot,https://en.wikipedia.org/wiki/Social_robot,Recommendation,0.0
technology,Welding,https://en.wikipedia.org/wiki/Welding,Seed,0.0
technology,Filler metal,https://en.wikipedia.org/wiki/Filler_metal,Recommendation,0.0
technology,Welding defect,https://en.wikipedia.org/wiki/Welding_defect,Recommendation,0.0
technology,Submerged arc welding,https://en.wikipedia.org/wiki/Submerged_arc_welding,Recommendation,0.0
technology,Space policy of the United States,https://en.wikipedia.org/wiki/Space_policy_of_the_United_States,Seed,0.0
technology,Space policy,https://en.wikipedia.org/wiki/Space_policy,Recommendation,0.0
technology,Space policy of the second Trump administration,https://en.wikipedia.org/wiki/Space_policy_of_the_second_Trump_administration,Recommendation,0.0
technology,Space policy of the Obama administration,https://en.wikipedia.org/wiki/Space_policy_of_the_Obama_administration,Recommendation,0.0
technology,Bladesmith,https://en.wikipedia.org/wiki/Bladesmith,Seed,0.0
technology,William F. Moran (knifemaker),https://en.wikipedia.org/wiki/William_F._Moran_%28knifemaker%29,Recommendation,0.0
technology,Pattern welding,https://en.wikipedia.org/wiki/Pattern_welding,Recommendation,0.0
technology,American Bladesmith Society,https://en.wikipedia.org/wiki/American_Bladesmith_Society,Recommendation,0.0
technology,Container Linux,https://en.wikipedia.org/wiki/Container_Linux,Seed,0.0
technology,Docker (software),https://en.wikipedia.org/wiki/Docker_%28software%29,Recommendation,0.0
technology,Cgroups,https://en.wikipedia.org/wiki/Cgroups,Recommendation,0.0
technology,Distributed-element filter,https://en.wikipedia.org/wiki/Distributed-element_filter,Seed,0.0
technology,Commensurate line circuit,https://en.wikipedia.org/wiki/Commensurate_line_circuit,Recommendation,0.0
technology,Distributed-element circuit,https://en.wikipedia.org/wiki/Distributed-element_circuit,Recommendation,0.0
technology,Stub (electronics),https://en.wikipedia.org/wiki/Stub_%28electronics%29,Recommendation,0.0
technology,Solar power in Turkey,https://en.wikipedia.org/wiki/Solar_power_in_Turkey,Seed,0.0
technology,Renewable energy in Turkey,https://en.wikipedia.org/wiki/Renewable_energy_in_Turkey,Recommendation,0.0
technology,Solar power by country,https://en.wikipedia.org/wiki/Solar_power_by_country,Recommendation,0.14
technology,Electricity in Turkey,https://en.wikipedia.org/wiki/Electricity_in_Turkey,Recommendation,0.29
technology,Apollo 15 postal covers incident,https://en.wikipedia.org/wiki/Apollo_15_postal_covers_incident,Seed,0.0
technology,Astrophilately,https://en.wikipedia.org/wiki/Astrophilately,Recommendation,0.0
technology,NASA Astronaut Group 4,https://en.wikipedia.org/wiki/NASA_Astronaut_Group_4,Recommendation,0.0
technology,F. Herrick Herrick,https://en.wikipedia.org/wiki/F._Herrick_Herrick,Recommendation,0.0
technology,Apollo 7,https://en.wikipedia.org/wiki/Apollo_7,Seed,0.0
technology,Canceled Apollo missions,https://en.wikipedia.org/wiki/Canceled_Apollo_missions,Recommendation,0.0
technology,Donn F. Eisele,https://en.wikipedia.org/wiki/Donn_F._Eisele,Recommendation,0.0
technology,Wally Schirra,https://en.wikipedia.org/wiki/Wally_Schirra,Recommendation,0.0
africa,State Bank of Morocco,https://en.wikipedia.org/wiki/State_Bank_of_Morocco,Seed,0.0
africa,Banque Commerciale du Maroc,https://en.wikipedia.org/wiki/Banque_Commerciale_du_Maroc,Recommendation,0.0
africa,Moroccan Debt Administration,https://en.wikipedia.org/wiki/Moroccan_Debt_Administration,Recommendation,0.0
africa,"Avenue Mohammed V, Rabat",https://en.wikipedia.org/wiki/Avenue_Mohammed_V%2C_Rabat,Recommendation,0.0
africa,Tanzania Ports Authority,https://en.wikipedia.org/wiki/Tanzania_Ports_Authority,Seed,0.0
africa,Transport in Tanzania,https://en.wikipedia.org/wiki/Transport_in_Tanzania,Recommendation,0.0
africa,Port of Dar es Salaam,https://en.wikipedia.org/wiki/Port_of_Dar_es_Salaam,Recommendation,0.0
africa,Tanzania Railways Corporation,https://en.wikipedia.org/wiki/Tanzania_Railways_Corporation,Recommendation,0.0
africa,Egba United Government,https://en.wikipedia.org/wiki/Egba_United_Government,Seed,0.0
africa,Ladapo Ademola,https://en.wikipedia.org/wiki/Ladapo_Ademola,Recommendation,0.0
africa,Adegboyega Edun,https://en.wikipedia.org/wiki/Adegboyega_Edun,Recommendation,0.0
africa,Egba Ake,https://en.wikipedia.org/wiki/Egba_Ake,Recommendation,0.0
africa,Rwandan Civil War,https://en.wikipedia.org/wiki/Rwandan_Civil_War,Seed,0.0
africa,Paul Kagame,https://en.wikipedia.org/wiki/Paul_Kagame,Recommendation,0.29
africa,Aloisea Inyumba,https://en.wikipedia.org/wiki/Aloisea_Inyumba,Recommendation,0.0
africa,United Nations Assistance Mission for Rwanda,https://en.wikipedia.org/wiki/United_Nations_Assistance_Mission_for_Rwanda,Recommendation,0.0
africa,Ambohimanga,https://en.wikipedia.org/wiki/Ambohimanga,Seed,0.0
africa,Rova of Antananarivo,https://en.wikipedia.org/wiki/Rova_of_Antananarivo,Recommendation,0.0
africa,Andriantsimitoviaminiandriana Andriandrazaka,https://en.wikipedia.org/wiki/Andriantsimitoviaminiandriana_Andriandrazaka,Recommendation,0.0
africa,Rova (Madagascar),https://en.wikipedia.org/wiki/Rova_%28Madagascar%29,Recommendation,0.0
africa,Alexandre Banza,https://en.wikipedia.org/wiki/Alexandre_Banza,Seed,0.0
africa,Saint-Sylvestre coup d'état,https://en.wikipedia.org/wiki/Saint-Sylvestre_coup_d%27%C3%A9tat,Recommendation,0.0
africa,Jean Izamo,https://en.wikipedia.org/wiki/Jean_Izamo,Recommendation,0.0
africa,Jean-Bédel Bokassa,https://en.wikipedia.org/wiki/Jean-B%C3%A9del_Bokassa,Recommendation,0.0
africa,Jason Sendwe,https://en.wikipedia.org/wiki/Jason_Sendwe,Seed,0.0
africa,Rémy Mwamba,https://en.wikipedia.org/wiki/R%C3%A9my_Mwamba,Recommendation,0.0
africa,Albert Nyembo,https://en.wikipedia.org/wiki/Albert_Nyembo,Recommendation,0.0
africa,Invasion of South Kasai,https://en.wikipedia.org/wiki/Invasion_of_South_Kasai,Recommendation,0.0
africa,Teniky,https://en.wikipedia.org/wiki/Teniky,Seed,0.0
africa,Isalo National Park,https://en.wikipedia.org/wiki/Isalo_National_Park,Recommendation,0.0
africa,Dainzú,https://en.wikipedia.org/wiki/Dainz%C3%BA,Recommendation,0.0
africa,Sana Caves,https://en.wikipedia.org/wiki/Sana_Caves,Recommendation,0.0
africa,Louis Rwagasore,https://en.wikipedia.org/wiki/Louis_Rwagasore,Seed,0.0
africa,Pierre Ngendandumwe,https://en.wikipedia.org/wiki/Pierre_Ngendandumwe,Recommendation,0.0
africa,Léopold Biha,https://en.wikipedia.org/wiki/L%C3%A9opold_Biha,Recommendation,0.0
africa,Union for National Progress,https://en.wikipedia.org/wiki/Union_for_National_Progress,Recommendation,0.0
africa,Tinmal Mosque,https://en.wikipedia.org/wiki/Tinmal_Mosque,Seed,0.0
africa,Great Mosque of Taza,https://en.wikipedia.org/wiki/Great_Mosque_of_Taza,Recommendation,0.0
africa,Kutubiyya Mosque,https://en.wikipedia.org/wiki/Kutubiyya_Mosque,Recommendation,0.0
africa,"Kasbah Mosque, Marrakesh",https://en.wikipedia.org/wiki/Kasbah_Mosque%2C_Marrakesh,Recommendation,0.0
africa,Fes Jdid,https://en.wikipedia.org/wiki/Fes_Jdid,Seed,0.0
africa,Royal Palace of Fez,https://en.wikipedia.org/wiki/Royal_Palace_of_Fez,Recommendation,0.0
africa,Fortifications of Fez,https://en.wikipedia.org/wiki/Fortifications_of_Fez,Recommendation,0.0
africa,Bab al-Amer,https://en.wikipedia.org/wiki/Bab_al-Amer,Recommendation,0.0
africa,Ingombe Ilede,https://en.wikipedia.org/wiki/Ingombe_Ilede,Seed,0.0
africa,Nyaung-gan,https://en.wikipedia.org/wiki/Nyaung-gan,Recommendation,0.0
africa,"Kissi, Burkina Faso",https://en.wikipedia.org/wiki/Kissi%2C_Burkina_Faso,Recommendation,0.0
africa,Ghaba,https://en.wikipedia.org/wiki/Ghaba,Recommendation,0.0
africa,Nile,https://en.wikipedia.org/wiki/Nile,Seed,0.0
africa,Atbarah River,https://en.wikipedia.org/wiki/Atbarah_River,Recommendation,0.0
africa,Geography of Egypt,https://en.wikipedia.org/wiki/Geography_of_Egypt,Recommendation,0.0
africa,Ranavalona I,https://en.wikipedia.org/wiki/Ranavalona_I,Seed,0.0
africa,Christianity in Madagascar,https://en.wikipedia.org/wiki/Christianity_in_Madagascar,Recommendation,0.0
africa,Tangena,https://en.wikipedia.org/wiki/Tangena,Recommendation,0.0
africa,Imerina,https://en.wikipedia.org/wiki/Imerina,Recommendation,0.14
africa,Batha (region),https://en.wikipedia.org/wiki/Batha_%28region%29,Seed,0.0
africa,Ouadi Rimé-Ouadi Achim Faunal Reserve,https://en.wikipedia.org/wiki/Ouadi_Rim%C3%A9-Ouadi_Achim_Faunal_Reserve,Recommendation,0.0
africa,Wildlife of Chad,https://en.wikipedia.org/wiki/Wildlife_of_Chad,Recommendation,0.0
africa,South Saharan steppe and woodlands,https://en.wikipedia.org/wiki/South_Saharan_steppe_and_woodlands,Recommendation,0.0
africa,Alodia,https://en.wikipedia.org/wiki/Alodia,Seed,0.0
africa,Kingdom of al-Abwab,https://en.wikipedia.org/wiki/Kingdom_of_al-Abwab,Recommendation,0.71
africa,Kingdom of Fazughli,https://en.wikipedia.org/wiki/Kingdom_of_Fazughli,Recommendation,0.0
africa,History of the Dinka people,https://en.wikipedia.org/wiki/History_of_the_Dinka_people,Recommendation,0.0
africa,Music of Botswana,https://en.wikipedia.org/wiki/Music_of_Botswana,Seed,0.0
africa,Culture of Botswana,https://en.wikipedia.org/wiki/Culture_of_Botswana,Recommendation,0.0
africa,Motswako,https://en.wikipedia.org/wiki/Motswako,Recommendation,0.0
africa,Tswana people,https://en.wikipedia.org/wiki/Tswana_people,Recommendation,0.14
africa,Cyclone Elita,https://en.wikipedia.org/wiki/Cyclone_Elita,Seed,0.0
africa,2003–04 South-West Indian Ocean cyclone season,https://en.wikipedia.org/wiki/2003%E2%80%9304_South-West_Indian_Ocean_cyclone_season,Recommendation,0.14
africa,1993–94 South-West Indian Ocean cyclone season,https://en.wikipedia.org/wiki/1993%E2%80%9394_South-West_Indian_Ocean_cyclone_season,Recommendation,0.0
africa,2002–03 South-West Indian Ocean cyclone season,https://en.wikipedia.org/wiki/2002%E2%80%9303_South-West_Indian_Ocean_cyclone_season,Recommendation,0.0
africa,Jean Bolikango,https://en.wikipedia.org/wiki/Jean_Bolikango,Seed,0.0
africa,Joseph Lutula,https://en.wikipedia.org/wiki/Joseph_Lutula,Recommendation,0.0
africa,Joseph Kasongo,https://en.wikipedia.org/wiki/Joseph_Kasongo,Recommendation,0.0
africa,Cyrille Adoula,https://en.wikipedia.org/wiki/Cyrille_Adoula,Recommendation,0.0
africa,MyCiTi,https://en.wikipedia.org/wiki/MyCiTi,Seed,0.0
africa,"Dunoon, Cape Town",https://en.wikipedia.org/wiki/Dunoon%2C_Cape_Town,Recommendation,0.0
africa,"Athlone, Cape Town",https://en.wikipedia.org/wiki/Athlone%2C_Cape_Town,Recommendation,0.29
africa,Strand Street,https://en.wikipedia.org/wiki/Strand_Street,Recommendation,0.0
africa,Mausoleum of Moulay Ismail,https://en.wikipedia.org/wiki/Mausoleum_of_Moulay_Ismail,Seed,0.0
africa,Kasbah of Moulay Ismail,https://en.wikipedia.org/wiki/Kasbah_of_Moulay_Ismail,Recommendation,0.0
africa,Meknes,https://en.wikipedia.org/wiki/Meknes,Recommendation,0.43
africa,Evelyn Mase,https://en.wikipedia.org/wiki/Evelyn_Mase,Seed,0.0
africa,Albertina Sisulu,https://en.wikipedia.org/wiki/Albertina_Sisulu,Recommendation,0.0
africa,Makaziwe Mandela,https://en.wikipedia.org/wiki/Makaziwe_Mandela,Recommendation,0.0
africa,Walter Sisulu,https://en.wikipedia.org/wiki/Walter_Sisulu,Recommendation,0.0
africa,Air Rhodesia Flight 825,https://en.wikipedia.org/wiki/Air_Rhodesia_Flight_825,Seed,0.0
africa,Zimbabwe People's Revolutionary Army,https://en.wikipedia.org/wiki/Zimbabwe_People%27s_Revolutionary_Army,Recommendation,0.0
africa,Rhodesian Bush War,https://en.wikipedia.org/wiki/Rhodesian_Bush_War,Recommendation,0.14
africa,Victoria Falls Conference (1975),https://en.wikipedia.org/wiki/Victoria_Falls_Conference_%281975%29,Recommendation,0.0
africa,Rainilaiarivony,https://en.wikipedia.org/wiki/Rainilaiarivony,Seed,0.0
africa,Franco-Hova Wars,https://en.wikipedia.org/wiki/Franco-Hova_Wars,Recommendation,0.0
africa,Rasoherina,https://en.wikipedia.org/wiki/Rasoherina,Recommendation,0.0
africa,First Madagascar expedition,https://en.wikipedia.org/wiki/First_Madagascar_expedition,Recommendation,0.0
africa,Eusèbe Jaojoby,https://en.wikipedia.org/wiki/Eus%C3%A8be_Jaojoby,Seed,0.0
africa,Salegy,https://en.wikipedia.org/wiki/Salegy,Recommendation,0.0
africa,The Players (Malagasy band),https://en.wikipedia.org/wiki/The_Players_%28Malagasy_band%29,Recommendation,0.0
africa,Music of Madagascar,https://en.wikipedia.org/wiki/Music_of_Madagascar,Recommendation,0.0
africa,Bab Zuwayla,https://en.wikipedia.org/wiki/Bab_Zuwayla,Seed,0.0
africa,Fortifications of Cairo,https://en.wikipedia.org/wiki/Fortifications_of_Cairo,Recommendation,0.0
africa,Bab al-Futuh,https://en.wikipedia.org/wiki/Bab_al-Futuh,Recommendation,0.0
africa,Al-Hakim Mosque,https://en.wikipedia.org/wiki/Al-Hakim_Mosque,Recommendation,0.0
africa,Bathabile Dlamini,https://en.wikipedia.org/wiki/Bathabile_Dlamini,Seed,0.0
africa,Sisisi Tolashe,https://en.wikipedia.org/wiki/Sisisi_Tolashe,Recommendation,0.0
africa,African National Congress Women's League,https://en.wikipedia.org/wiki/African_National_Congress_Women%27s_League,Recommendation,0.0
africa,Maite Nkoana-Mashabane,https://en.wikipedia.org/wiki/Maite_Nkoana-Mashabane,Recommendation,0.0
africa,Marcel Lihau,https://en.wikipedia.org/wiki/Marcel_Lihau,Seed,0.0
africa,Alphonse Songolo,https://en.wikipedia.org/wiki/Alphonse_Songolo,Recommendation,0.0
africa,College of Commissioners-General,https://en.wikipedia.org/wiki/College_of_Commissioners-General,Recommendation,0.0
africa,Dissolution of the Lumumba Government,https://en.wikipedia.org/wiki/Dissolution_of_the_Lumumba_Government,Recommendation,0.0
africa,Koopmans-de Wet House,https://en.wikipedia.org/wiki/Koopmans-de_Wet_House,Seed,0.0
africa,Marie Koopmans-de Wet,https://en.wikipedia.org/wiki/Marie_Koopmans-de_Wet,Recommendation,0.0
africa,Anton Anreith,https://en.wikipedia.org/wiki/Anton_Anreith,Recommendation,0.0
africa,Mary Alexander Cook,https://en.wikipedia.org/wiki/Mary_Alexander_Cook,Recommendation,0.0
africa,Lemurs of Madagascar (book),https://en.wikipedia.org/wiki/Lemurs_of_Madagascar_%28book%29,Seed,0.0
africa,Gray-headed lemur,https://en.wikipedia.org/wiki/Gray-headed_lemur,Recommendation,0.0
africa,Taxonomy of lemurs,https://en.wikipedia.org/wiki/Taxonomy_of_lemurs,Recommendation,0.0
africa,MacArthur's mouse lemur,https://en.wikipedia.org/wiki/MacArthur%27s_mouse_lemur,Recommendation,0.0
africa,Cameroon,https://en.wikipedia.org/wiki/Cameroon,Seed,0.14
africa,Cameroon People's Democratic Movement,https://en.wikipedia.org/wiki/Cameroon_People%27s_Democratic_Movement,Recommendation,0.0
africa,Ahmadou Ahidjo,https://en.wikipedia.org/wiki/Ahmadou_Ahidjo,Recommendation,0.0
africa,Tourism in Cameroon,https://en.wikipedia.org/wiki/Tourism_in_Cameroon,Recommendation,0.0
africa,Independence Day (Nigeria),https://en.wikipedia.org/wiki/Independence_Day_%28Nigeria%29,Seed,0.14
africa,Democracy Day (Nigeria),https://en.wikipedia.org/wiki/Democracy_Day_%28Nigeria%29,Recommendation,0.0
africa,Nigerian nationality law,https://en.wikipedia.org/wiki/Nigerian_nationality_law,Recommendation,0.0
africa,Tafawa Balewa Square,https://en.wikipedia.org/wiki/Tafawa_Balewa_Square,Recommendation,0.0
africa,Fatimid invasion of Egypt (919–921),https://en.wikipedia.org/wiki/Fatimid_invasion_of_Egypt_%28919%E2%80%93921%29,Seed,0.0
africa,Fatimid invasion of Egypt (914–915),https://en.wikipedia.org/wiki/Fatimid_invasion_of_Egypt_%28914%E2%80%93915%29,Recommendation,0.0
africa,Al-Qa'im (Fatimid caliph),https://en.wikipedia.org/wiki/Al-Qa%27im_%28Fatimid_caliph%29,Recommendation,0.29
africa,Dhuka al-Rumi,https://en.wikipedia.org/wiki/Dhuka_al-Rumi,Recommendation,0.0
africa,Jean-Joseph Rabearivelo,https://en.wikipedia.org/wiki/Jean-Joseph_Rabearivelo,Seed,0.0
africa,Ny Avana Ramanantoanina,https://en.wikipedia.org/wiki/Ny_Avana_Ramanantoanina,Recommendation,0.0
africa,Dox (poet),https://en.wikipedia.org/wiki/Dox_%28poet%29,Recommendation,0.0
africa,Jacques Rabemananjara,https://en.wikipedia.org/wiki/Jacques_Rabemananjara,Recommendation,0.0
africa,Cyclone Favio,https://en.wikipedia.org/wiki/Cyclone_Favio,Seed,0.0
africa,2006–07 South-West Indian Ocean cyclone season,https://en.wikipedia.org/wiki/2006%E2%80%9307_South-West_Indian_Ocean_cyclone_season,Recommendation,0.0
africa,Cyclone Gombe,https://en.wikipedia.org/wiki/Cyclone_Gombe,Recommendation,0.0
africa,2021–22 South-West Indian Ocean cyclone season,https://en.wikipedia.org/wiki/2021%E2%80%9322_South-West_Indian_Ocean_cyclone_season,Recommendation,0.0
africa,Fatimid conquest of Egypt,https://en.wikipedia.org/wiki/Fatimid_conquest_of_Egypt,Seed,0.0
africa,First Qarmatian invasion of Egypt,https://en.wikipedia.org/wiki/First_Qarmatian_invasion_of_Egypt,Recommendation,0.0
africa,Second Qarmatian invasion of Egypt,https://en.wikipedia.org/wiki/Second_Qarmatian_invasion_of_Egypt,Recommendation,0.0
africa,Al-Hasan al-A'sam,https://en.wikipedia.org/wiki/Al-Hasan_al-A%27sam,Recommendation,0.0
africa,Carabane,https://en.wikipedia.org/wiki/Carabane,Seed,0.0
africa,Ziguinchor,https://en.wikipedia.org/wiki/Ziguinchor,Recommendation,0.0
africa,Aline Sitoe Diatta,https://en.wikipedia.org/wiki/Aline_Sitoe_Diatta,Recommendation,0.0
africa,Jola-Fonyi language,https://en.wikipedia.org/wiki/Jola-Fonyi_language,Recommendation,0.0
africa,2014 Mauritian general election,https://en.wikipedia.org/wiki/2014_Mauritian_general_election,Seed,0.0
africa,1983 Mauritian general election,https://en.wikipedia.org/wiki/1983_Mauritian_general_election,Recommendation,0.0
africa,2019 Mauritian general election,https://en.wikipedia.org/wiki/2019_Mauritian_general_election,Recommendation,0.0
africa,Anerood Jugnauth,https://en.wikipedia.org/wiki/Anerood_Jugnauth,Recommendation,0.0
africa,New Zealand cricket team in South Africa in 1961–62,https://en.wikipedia.org/wiki/New_Zealand_cricket_team_in_South_Africa_in_1961%E2%80%9362,Seed,0.0
africa,New Zealand cricket team in South Africa in 1953–54,https://en.wikipedia.org/wiki/New_Zealand_cricket_team_in_South_Africa_in_1953%E2%80%9354,Recommendation,0.0
africa,South African cricket team in Australia in 1952–53,https://en.wikipedia.org/wiki/South_African_cricket_team_in_Australia_in_1952%E2%80%9353,Recommendation,0.0
africa,Jackie McGlew,https://en.wikipedia.org/wiki/Jackie_McGlew,Recommendation,0.0
africa,2023 Ebonyi State gubernatorial election,https://en.wikipedia.org/wiki/2023_Ebonyi_State_gubernatorial_election,Seed,0.0
africa,Francis Nwifuru,https://en.wikipedia.org/wiki/Francis_Nwifuru,Recommendation,0.0
africa,2019 Ebonyi State gubernatorial election,https://en.wikipedia.org/wiki/2019_Ebonyi_State_gubernatorial_election,Recommendation,0.14
africa,2023 Nigerian Senate elections in Ebonyi State,https://en.wikipedia.org/wiki/2023_Nigerian_Senate_elections_in_Ebonyi_State,Recommendation,0.0
africa,Ethiopian historiography,https://en.wikipedia.org/wiki/Ethiopian_historiography,Seed,0.0
africa,Ethiopian literature,https://en.wikipedia.org/wiki/Ethiopian_literature,Recommendation,0.0
africa,Solomonic dynasty,https://en.wikipedia.org/wiki/Solomonic_dynasty,Recommendation,0.29
africa,Ethiopia in the Middle Ages,https://en.wikipedia.org/wiki/Ethiopia_in_the_Middle_Ages,Recommendation,0.0
africa,Mascarene teal,https://en.wikipedia.org/wiki/Mascarene_teal,Seed,0.0
africa,Mauritius sheldgoose,https://en.wikipedia.org/wiki/Mauritius_sheldgoose,Recommendation,0.0
africa,Mauritius scops owl,https://en.wikipedia.org/wiki/Mauritius_scops_owl,Recommendation,0.0
africa,Réunion rail,https://en.wikipedia.org/wiki/R%C3%A9union_rail,Recommendation,0.0
africa,2003 Cricket World Cup final,https://en.wikipedia.org/wiki/2003_Cricket_World_Cup_final,Seed,0.0
africa,Australian cricket team in India in 2000–01,https://en.wikipedia.org/wiki/Australian_cricket_team_in_India_in_2000%E2%80%9301,Recommendation,0.0
africa,2003 Cricket World Cup,https://en.wikipedia.org/wiki/2003_Cricket_World_Cup,Recommendation,0.0
africa,Sourav Ganguly,https://en.wikipedia.org/wiki/Sourav_Ganguly,Recommendation,0.14
africa,Southern Rhodesia in World War I,https://en.wikipedia.org/wiki/Southern_Rhodesia_in_World_War_I,Seed,0.0
africa,Rhodesian African Rifles,https://en.wikipedia.org/wiki/Rhodesian_African_Rifles,Recommendation,0.0
africa,Rhodesia Regiment,https://en.wikipedia.org/wiki/Rhodesia_Regiment,Recommendation,0.0
africa,Southern Rhodesia in World War II,https://en.wikipedia.org/wiki/Southern_Rhodesia_in_World_War_II,Recommendation,0.0
africa,Zuriel Oduwole,https://en.wikipedia.org/wiki/Zuriel_Oduwole,Seed,0.0
africa,Olivia Grange,https://en.wikipedia.org/wiki/Olivia_Grange,Recommendation,0.0
africa,Hafsat Abiola,https://en.wikipedia.org/wiki/Hafsat_Abiola,Recommendation,0.0
africa,Jumoke Oduwole,https://en.wikipedia.org/wiki/Jumoke_Oduwole,Recommendation,0.0
africa,Arch of the Philaeni,https://en.wikipedia.org/wiki/Arch_of_the_Philaeni,Seed,0.0
africa,Italian Tripolitania,https://en.wikipedia.org/wiki/Italian_Tripolitania,Recommendation,0.14
africa,Italian colonization of Libya,https://en.wikipedia.org/wiki/Italian_colonization_of_Libya,Recommendation,0.0
africa,Italian Libya,https://en.wikipedia.org/wiki/Italian_Libya,Recommendation,0.0
africa,Zaian War,https://en.wikipedia.org/wiki/Zaian_War,Seed,0.0
africa,Battle of El Herri,https://en.wikipedia.org/wiki/Battle_of_El_Herri,Recommendation,0.0
africa,Moha ou Said,https://en.wikipedia.org/wiki/Moha_ou_Said,Recommendation,0.0
africa,Khenifra,https://en.wikipedia.org/wiki/Khenifra,Recommendation,0.0
africa,Malagasy pond heron,https://en.wikipedia.org/wiki/Malagasy_pond_heron,Seed,0.0
africa,Pond heron,https://en.wikipedia.org/wiki/Pond_heron,Recommendation,0.0
africa,Squacco heron,https://en.wikipedia.org/wiki/Squacco_heron,Recommendation,0.0
africa,Malagasy sacred ibis,https://en.wikipedia.org/wiki/Malagasy_sacred_ibis,Recommendation,0.0
africa,Stairs expedition to Katanga,https://en.wikipedia.org/wiki/Stairs_expedition_to_Katanga,Seed,0.29
africa,Msiri,https://en.wikipedia.org/wiki/Msiri,Recommendation,0.0
africa,Yeke Kingdom,https://en.wikipedia.org/wiki/Yeke_Kingdom,Recommendation,0.0
africa,Joseph Moloney,https://en.wikipedia.org/wiki/Joseph_Moloney,Recommendation,0.0
africa,Tunisia A' national football team,https://en.wikipedia.org/wiki/Tunisia_A%27_national_football_team,Seed,0.14
africa,Tunisia at the African Nations Championship,https://en.wikipedia.org/wiki/Tunisia_at_the_African_Nations_Championship,Recommendation,0.0
africa,Tunisia national football team,https://en.wikipedia.org/wiki/Tunisia_national_football_team,Recommendation,0.14
africa,History of the Tunisia national football team,https://en.wikipedia.org/wiki/History_of_the_Tunisia_national_football_team,Recommendation,0.0
asia,Zeytinburnu,https://en.wikipedia.org/wiki/Zeytinburnu,Seed,0.0
asia,"Balıklı, Istanbul",https://en.wikipedia.org/wiki/Bal%C4%B1kl%C4%B1%2C_Istanbul,Recommendation,0.0
asia,"Kazlıçeşme, Zeytinburnu",https://en.wikipedia.org/wiki/Kazl%C4%B1%C3%A7e%C5%9Fme%2C_Zeytinburnu,Recommendation,0.0
asia,Surp Pırgiç Armenian Hospital,https://en.wikipedia.org/wiki/Surp_P%C4%B1rgi%C3%A7_Armenian_Hospital,Recommendation,0.0
asia,Rangamati District,https://en.wikipedia.org/wiki/Rangamati_District,Seed,0.0
asia,Bandarban District,https://en.wikipedia.org/wiki/Bandarban_District,Recommendation,0.0
asia,Kaptai Upazila,https://en.wikipedia.org/wiki/Kaptai_Upazila,Recommendation,0.14
asia,Rajasthali Upazila,https://en.wikipedia.org/wiki/Rajasthali_Upazila,Recommendation,0.0
asia,Ruma Maida,https://en.wikipedia.org/wiki/Ruma_Maida,Seed,0.0
asia,Atiqah Hasiholan,https://en.wikipedia.org/wiki/Atiqah_Hasiholan,Recommendation,0.0
asia,Teddy Soeriaatmadja,https://en.wikipedia.org/wiki/Teddy_Soeriaatmadja,Recommendation,0.0
asia,Nino Fernandez,https://en.wikipedia.org/wiki/Nino_Fernandez,Recommendation,0.0
asia,Samak Sundaravej,https://en.wikipedia.org/wiki/Samak_Sundaravej,Seed,0.14
asia,2008 Thai political crisis,https://en.wikipedia.org/wiki/2008_Thai_political_crisis,Recommendation,0.0
asia,Somchai Wongsawat,https://en.wikipedia.org/wiki/Somchai_Wongsawat,Recommendation,0.0
asia,Friends of Newin Group,https://en.wikipedia.org/wiki/Friends_of_Newin_Group,Recommendation,0.0
asia,Matsuura Takeshirō,https://en.wikipedia.org/wiki/Matsuura_Takeshir%C5%8D,Seed,0.0
asia,Matsuura Takeshirō Memorial Museum,https://en.wikipedia.org/wiki/Matsuura_Takeshir%C5%8D_Memorial_Museum,Recommendation,0.0
asia,Ishūretsuzō,https://en.wikipedia.org/wiki/Ish%C5%ABretsuz%C5%8D,Recommendation,0.0
asia,Teshio River,https://en.wikipedia.org/wiki/Teshio_River,Recommendation,0.0
asia,Three Beauties of the Present Day,https://en.wikipedia.org/wiki/Three_Beauties_of_the_Present_Day,Seed,0.0
asia,Kōmei Bijin Rokkasen,https://en.wikipedia.org/wiki/K%C5%8Dmei_Bijin_Rokkasen,Recommendation,0.0
asia,Musashino (Utamaro),https://en.wikipedia.org/wiki/Musashino_%28Utamaro%29,Recommendation,0.0
asia,Kasumi-ori Musume Hinagata,https://en.wikipedia.org/wiki/Kasumi-ori_Musume_Hinagata,Recommendation,0.0
asia,Akdamar Island,https://en.wikipedia.org/wiki/Akdamar_Island,Seed,0.0
asia,"Cathedral of the Holy Cross, Aghtamar",https://en.wikipedia.org/wiki/Cathedral_of_the_Holy_Cross%2C_Aghtamar,Recommendation,0.0
asia,Cengiz Çandar,https://en.wikipedia.org/wiki/Cengiz_%C3%87andar,Recommendation,0.0
asia,Adır Island,https://en.wikipedia.org/wiki/Ad%C4%B1r_Island,Recommendation,0.29
asia,Heian Palace,https://en.wikipedia.org/wiki/Heian_Palace,Seed,0.0
asia,Kyoto Imperial Palace,https://en.wikipedia.org/wiki/Kyoto_Imperial_Palace,Recommendation,0.0
asia,Heijō Palace,https://en.wikipedia.org/wiki/Heij%C5%8D_Palace,Recommendation,0.0
asia,Kuni-kyō,https://en.wikipedia.org/wiki/Kuni-ky%C5%8D,Recommendation,0.0
asia,City Hall MRT station,https://en.wikipedia.org/wiki/City_Hall_MRT_station,Seed,0.0
asia,Tanjong Pagar MRT station,https://en.wikipedia.org/wiki/Tanjong_Pagar_MRT_station,Recommendation,0.0
asia,Bugis MRT station,https://en.wikipedia.org/wiki/Bugis_MRT_station,Recommendation,0.0
asia,Bedok MRT station,https://en.wikipedia.org/wiki/Bedok_MRT_station,Recommendation,0.0
asia,Fakih Usman,https://en.wikipedia.org/wiki/Fakih_Usman,Seed,0.0
asia,Muhammadiyah,https://en.wikipedia.org/wiki/Muhammadiyah,Recommendation,0.0
asia,Nyai Ahmad Dahlan,https://en.wikipedia.org/wiki/Nyai_Ahmad_Dahlan,Recommendation,0.0
asia,Mas Mansoer,https://en.wikipedia.org/wiki/Mas_Mansoer,Recommendation,0.0
asia,Political history of Mysore and Coorg (1565–1760),https://en.wikipedia.org/wiki/Political_history_of_Mysore_and_Coorg_%281565%E2%80%931760%29,Seed,0.0
asia,Chikka Devaraja,https://en.wikipedia.org/wiki/Chikka_Devaraja,Recommendation,0.0
asia,Kingdom of Coorg,https://en.wikipedia.org/wiki/Kingdom_of_Coorg,Recommendation,0.0
asia,Nayakas of Keladi,https://en.wikipedia.org/wiki/Nayakas_of_Keladi,Recommendation,1.14
asia,Raffles Place MRT station,https://en.wikipedia.org/wiki/Raffles_Place_MRT_station,Seed,0.0
asia,Orchard MRT station,https://en.wikipedia.org/wiki/Orchard_MRT_station,Recommendation,0.0
asia,Commonwealth MRT station,https://en.wikipedia.org/wiki/Commonwealth_MRT_station,Recommendation,0.43
asia,Outram Park MRT station,https://en.wikipedia.org/wiki/Outram_Park_MRT_station,Recommendation,0.0
asia,Arnon Nampa,https://en.wikipedia.org/wiki/Arnon_Nampa,Seed,0.0
asia,Panupong Jadnok,https://en.wikipedia.org/wiki/Panupong_Jadnok,Recommendation,0.0
asia,Reactions to the 2020 Thai protests,https://en.wikipedia.org/wiki/Reactions_to_the_2020_Thai_protests,Recommendation,0.0
asia,Benja Apan,https://en.wikipedia.org/wiki/Benja_Apan,Recommendation,0.0
asia,Tampines MRT station,https://en.wikipedia.org/wiki/Tampines_MRT_station,Seed,0.0
asia,Pasir Ris MRT station,https://en.wikipedia.org/wiki/Pasir_Ris_MRT_station,Recommendation,0.14
asia,Simei MRT station,https://en.wikipedia.org/wiki/Simei_MRT_station,Recommendation,0.0
asia,Tanah Merah MRT station,https://en.wikipedia.org/wiki/Tanah_Merah_MRT_station,Recommendation,0.0
asia,Shapur III,https://en.wikipedia.org/wiki/Shapur_III,Seed,0.0
asia,Artabanus IV of Parthia,https://en.wikipedia.org/wiki/Artabanus_IV_of_Parthia,Recommendation,0.0
asia,Bahram IV,https://en.wikipedia.org/wiki/Bahram_IV,Recommendation,0.0
asia,Hormizd I,https://en.wikipedia.org/wiki/Hormizd_I,Recommendation,0.0
asia,Dhoby Ghaut MRT station,https://en.wikipedia.org/wiki/Dhoby_Ghaut_MRT_station,Seed,0.0
asia,Dakota MRT station,https://en.wikipedia.org/wiki/Dakota_MRT_station,Recommendation,0.0
asia,Bartley MRT station,https://en.wikipedia.org/wiki/Bartley_MRT_station,Recommendation,0.0
asia,Mountbatten MRT station,https://en.wikipedia.org/wiki/Mountbatten_MRT_station,Recommendation,0.0
asia,Choe Bu,https://en.wikipedia.org/wiki/Choe_Bu,Seed,0.0
asia,Joseon,https://en.wikipedia.org/wiki/Joseon,Recommendation,0.0
asia,Tributary system of China,https://en.wikipedia.org/wiki/Tributary_system_of_China,Recommendation,0.0
asia,Choe Cheok jeon,https://en.wikipedia.org/wiki/Choe_Cheok_jeon,Recommendation,0.0
asia,Sultanate of Singora,https://en.wikipedia.org/wiki/Sultanate_of_Singora,Seed,0.0
asia,Songkhla,https://en.wikipedia.org/wiki/Songkhla,Recommendation,0.0
asia,Seri Rambai,https://en.wikipedia.org/wiki/Seri_Rambai,Recommendation,0.0
asia,Chaophraya Chakri (Mud),https://en.wikipedia.org/wiki/Chaophraya_Chakri_%28Mud%29,Recommendation,0.0
asia,Kha Maung Seik massacre,https://en.wikipedia.org/wiki/Kha_Maung_Seik_massacre,Seed,0.0
asia,Kha Maung Seik,https://en.wikipedia.org/wiki/Kha_Maung_Seik,Recommendation,0.0
asia,Conflict in Rakhine State (2016–present),https://en.wikipedia.org/wiki/Conflict_in_Rakhine_State_%282016%E2%80%93present%29,Recommendation,0.0
asia,Maung Nu massacre,https://en.wikipedia.org/wiki/Maung_Nu_massacre,Recommendation,0.0
asia,Marina Bay MRT station,https://en.wikipedia.org/wiki/Marina_Bay_MRT_station,Seed,0.29
asia,Bishan MRT station,https://en.wikipedia.org/wiki/Bishan_MRT_station,Recommendation,0.14
asia,Circle Line (Singapore),https://en.wikipedia.org/wiki/Circle_Line_%28Singapore%29,Recommendation,0.71
asia,Promenade MRT station,https://en.wikipedia.org/wiki/Promenade_MRT_station,Recommendation,0.0
asia,Andjar Asmara,https://en.wikipedia.org/wiki/Andjar_Asmara,Seed,0.0
asia,Noesa Penida,https://en.wikipedia.org/wiki/Noesa_Penida,Recommendation,0.0
asia,Gadis Desa,https://en.wikipedia.org/wiki/Gadis_Desa,Recommendation,0.0
asia,Rempo Urip,https://en.wikipedia.org/wiki/Rempo_Urip,Recommendation,0.0
asia,Gurian Republic,https://en.wikipedia.org/wiki/Gurian_Republic,Seed,0.0
asia,Nasakirali,https://en.wikipedia.org/wiki/Nasakirali,Recommendation,0.0
asia,Georgia within the Russian Empire,https://en.wikipedia.org/wiki/Georgia_within_the_Russian_Empire,Recommendation,0.0
asia,Guria,https://en.wikipedia.org/wiki/Guria,Recommendation,0.0
asia,Battle of Caishi,https://en.wikipedia.org/wiki/Battle_of_Caishi,Seed,0.0
asia,Jin–Song wars,https://en.wikipedia.org/wiki/Jin%E2%80%93Song_wars,Recommendation,0.0
asia,Jin dynasty (1115–1234),https://en.wikipedia.org/wiki/Jin_dynasty_%281115%E2%80%931234%29,Recommendation,0.0
asia,Siege of Kaifeng (1232),https://en.wikipedia.org/wiki/Siege_of_Kaifeng_%281232%29,Recommendation,0.0
asia,Ba Cụt,https://en.wikipedia.org/wiki/Ba_C%E1%BB%A5t,Seed,0.0
asia,Hòa Hảo,https://en.wikipedia.org/wiki/H%C3%B2a_H%E1%BA%A3o,Recommendation,0.0
asia,Trần Văn Soái,https://en.wikipedia.org/wiki/Tr%E1%BA%A7n_V%C4%83n_So%C3%A1i,Recommendation,0.0
asia,Nguyen Giac Ngo,https://en.wikipedia.org/wiki/Nguyen_Giac_Ngo,Recommendation,0.0
asia,Tai Lue people,https://en.wikipedia.org/wiki/Tai_Lue_people,Recommendation,0.0
asia,Yang people,https://en.wikipedia.org/wiki/Yang_people,Recommendation,0.0
asia,2021 Myanmar coup d'état,https://en.wikipedia.org/wiki/2021_Myanmar_coup_d%27%C3%A9tat,Recommendation,0.0
asia,Aung San Suu Kyi,https://en.wikipedia.org/wiki/Aung_San_Suu_Kyi,Recommendation,0.0
asia,2020 Myanmar general election,https://en.wikipedia.org/wiki/2020_Myanmar_general_election,Recommendation,0.0
asia,Socialist Soviet Republic of Abkhazia,https://en.wikipedia.org/wiki/Socialist_Soviet_Republic_of_Abkhazia,Seed,0.0
asia,Abkhaz Autonomous Soviet Socialist Republic,https://en.wikipedia.org/wiki/Abkhaz_Autonomous_Soviet_Socialist_Republic,Recommendation,0.0
asia,Nestor Lakoba,https://en.wikipedia.org/wiki/Nestor_Lakoba,Recommendation,0.0
asia,1989 Sukhumi riots,https://en.wikipedia.org/wiki/1989_Sukhumi_riots,Recommendation,0.0
asia,Phan Xích Long,https://en.wikipedia.org/wiki/Phan_X%C3%ADch_Long,Seed,0.0
asia,1916 Cochinchina uprising,https://en.wikipedia.org/wiki/1916_Cochinchina_uprising,Recommendation,0.0
asia,Nguyễn Thành,https://en.wikipedia.org/wiki/Nguy%E1%BB%85n_Th%C3%A0nh,Recommendation,0.0
asia,Phan Đình Phùng,https://en.wikipedia.org/wiki/Phan_%C4%90%C3%ACnh_Ph%C3%B9ng,Recommendation,0.0
asia,1678 Kediri campaign,https://en.wikipedia.org/wiki/1678_Kediri_campaign,Seed,0.0
asia,Trunajaya rebellion,https://en.wikipedia.org/wiki/Trunajaya_rebellion,Recommendation,0.0
asia,Fall of Plered,https://en.wikipedia.org/wiki/Fall_of_Plered,Recommendation,0.0
asia,Battle of Surabaya (1677),https://en.wikipedia.org/wiki/Battle_of_Surabaya_%281677%29,Recommendation,0.0
asia,Sha Tau Kok,https://en.wikipedia.org/wiki/Sha_Tau_Kok,Seed,0.0
asia,Chung Ying Street,https://en.wikipedia.org/wiki/Chung_Ying_Street,Recommendation,0.0
asia,Sha Tau Kok River,https://en.wikipedia.org/wiki/Sha_Tau_Kok_River,Recommendation,0.0
asia,Shatoujiao Subdistrict,https://en.wikipedia.org/wiki/Shatoujiao_Subdistrict,Recommendation,0.0
asia,Jianwen Emperor,https://en.wikipedia.org/wiki/Jianwen_Emperor,Seed,0.0
asia,Jingnan campaign,https://en.wikipedia.org/wiki/Jingnan_campaign,Recommendation,0.0
asia,Zhu Biao,https://en.wikipedia.org/wiki/Zhu_Biao,Recommendation,0.0
asia,Zhu Fu (prince),https://en.wikipedia.org/wiki/Zhu_Fu_%28prince%29,Recommendation,0.0
asia,Chinatown MRT station,https://en.wikipedia.org/wiki/Chinatown_MRT_station,Seed,0.14
asia,Little India MRT station,https://en.wikipedia.org/wiki/Little_India_MRT_station,Recommendation,0.0
asia,North East Line,https://en.wikipedia.org/wiki/North_East_Line,Recommendation,0.0
asia,Telok Ayer MRT station,https://en.wikipedia.org/wiki/Telok_Ayer_MRT_station,Recommendation,0.14
asia,Mount Bulusan,https://en.wikipedia.org/wiki/Mount_Bulusan,Seed,0.0
asia,Mayon,https://en.wikipedia.org/wiki/Mayon,Recommendation,0.14
asia,Taal Volcano,https://en.wikipedia.org/wiki/Taal_Volcano,Recommendation,0.0
asia,2017–2019 eruptions of Mount Agung,https://en.wikipedia.org/wiki/2017%E2%80%932019_eruptions_of_Mount_Agung,Recommendation,0.14
asia,Hu Zhengyan,https://en.wikipedia.org/wiki/Hu_Zhengyan,Seed,0.0
asia,Wu Faxiang,https://en.wikipedia.org/wiki/Wu_Faxiang,Recommendation,0.0
asia,Duo Yun Xuan,https://en.wikipedia.org/wiki/Duo_Yun_Xuan,Recommendation,0.0
asia,He Zhen (artist),https://en.wikipedia.org/wiki/He_Zhen_%28artist%29,Recommendation,0.0
asia,Boshin War,https://en.wikipedia.org/wiki/Boshin_War,Seed,0.0
asia,Battle of Toba–Fushimi,https://en.wikipedia.org/wiki/Battle_of_Toba%E2%80%93Fushimi,Recommendation,0.0
asia,Satchō Alliance,https://en.wikipedia.org/wiki/Satch%C5%8D_Alliance,Recommendation,0.0
asia,Tokugawa Yoshinobu,https://en.wikipedia.org/wiki/Tokugawa_Yoshinobu,Recommendation,0.0
asia,Eunos MRT station,https://en.wikipedia.org/wiki/Eunos_MRT_station,Seed,0.14
asia,Kembangan MRT station,https://en.wikipedia.org/wiki/Kembangan_MRT_station,Recommendation,0.0
asia,Paya Lebar MRT station,https://en.wikipedia.org/wiki/Paya_Lebar_MRT_station,Recommendation,0.0
asia,Kallang MRT station,https://en.wikipedia.org/wiki/Kallang_MRT_station,Recommendation,0.0
asia,Nguyễn Ngọc Thơ,https://en.wikipedia.org/wiki/Nguy%E1%BB%85n_Ng%E1%BB%8Dc_Th%C6%A1,Seed,0.0
asia,Đỗ Mậu,https://en.wikipedia.org/wiki/%C4%90%E1%BB%97_M%E1%BA%ADu,Recommendation,0.0
asia,Dương Văn Minh,https://en.wikipedia.org/wiki/D%C6%B0%C6%A1ng_V%C4%83n_Minh,Recommendation,0.0
asia,Tôn Thất Đính,https://en.wikipedia.org/wiki/T%C3%B4n_Th%E1%BA%A5t_%C4%90%C3%ADnh,Recommendation,0.0
asia,Gao Qifeng,https://en.wikipedia.org/wiki/Gao_Qifeng,Seed,0.0
asia,Lingnan School,https://en.wikipedia.org/wiki/Lingnan_School,Recommendation,0.0
asia,The True Record,https://en.wikipedia.org/wiki/The_True_Record,Recommendation,0.0
asia,Gao Jianfu,https://en.wikipedia.org/wiki/Gao_Jianfu,Recommendation,0.0
asia,Nguyễn Chánh Thi,https://en.wikipedia.org/wiki/Nguy%E1%BB%85n_Ch%C3%A1nh_Thi,Seed,0.0
asia,Phạm Ngọc Thảo,https://en.wikipedia.org/wiki/Ph%E1%BA%A1m_Ng%E1%BB%8Dc_Th%E1%BA%A3o,Recommendation,0.0
asia,Nguyễn Hữu Có,https://en.wikipedia.org/wiki/Nguy%E1%BB%85n_H%E1%BB%AFu_C%C3%B3,Recommendation,0.0
asia,Trần Thiện Khiêm,https://en.wikipedia.org/wiki/Tr%E1%BA%A7n_Thi%E1%BB%87n_Khi%C3%AAm,Recommendation,0.0
asia,"Xinwu, Wuxi",https://en.wikipedia.org/wiki/Xinwu%2C_Wuxi,Seed,0.0
asia,"Binhu, Wuxi",https://en.wikipedia.org/wiki/Binhu%2C_Wuxi,Recommendation,0.0
asia,"Wangcheng, Changsha",https://en.wikipedia.org/wiki/Wangcheng%2C_Changsha,Recommendation,0.0
asia,China Wu Culture Expo Park,https://en.wikipedia.org/wiki/China_Wu_Culture_Expo_Park,Recommendation,0.0
asia,Roekiah,https://en.wikipedia.org/wiki/Roekiah,Seed,0.0
asia,Siti Akbari,https://en.wikipedia.org/wiki/Siti_Akbari,Recommendation,0.0
asia,Djoemala,https://en.wikipedia.org/wiki/Djoemala,Recommendation,0.0
asia,Roekihati,https://en.wikipedia.org/wiki/Roekihati,Recommendation,0.0
asia,D. Djajakusuma,https://en.wikipedia.org/wiki/D._Djajakusuma,Seed,0.0
asia,Embun,https://en.wikipedia.org/wiki/Embun,Recommendation,0.0
asia,Tjambuk Api,https://en.wikipedia.org/wiki/Tjambuk_Api,Recommendation,0.0
asia,Lenong,https://en.wikipedia.org/wiki/Lenong,Recommendation,0.0
asia,Guoba cuisine,https://en.wikipedia.org/wiki/Guoba_cuisine,Seed,0.0
asia,Tianjin cuisine,https://en.wikipedia.org/wiki/Tianjin_cuisine,Recommendation,0.0
asia,Nanshi Cuisine Street,https://en.wikipedia.org/wiki/Nanshi_Cuisine_Street,Recommendation,0.0
asia,Hume MRT station,https://en.wikipedia.org/wiki/Hume_MRT_station,Seed,0.29
asia,Downtown Line,https://en.wikipedia.org/wiki/Downtown_Line,Recommendation,0.0
asia,Hillview MRT station,https://en.wikipedia.org/wiki/Hillview_MRT_station,Recommendation,0.14
asia,King Albert Park MRT station,https://en.wikipedia.org/wiki/King_Albert_Park_MRT_station,Recommendation,0.0
asia,Pudumadam,https://en.wikipedia.org/wiki/Pudumadam,Seed,0.0
asia,Pirappan Valasai,https://en.wikipedia.org/wiki/Pirappan_Valasai,Recommendation,0.0
asia,Devipattinam,https://en.wikipedia.org/wiki/Devipattinam,Recommendation,0.14
asia,Kilakarai,https://en.wikipedia.org/wiki/Kilakarai,Recommendation,0.14
asia,Western Ganga dynasty,https://en.wikipedia.org/wiki/Western_Ganga_dynasty,Seed,0.0
asia,Western Ganga literature,https://en.wikipedia.org/wiki/Western_Ganga_literature,Recommendation,0.14
asia,Religion in Western Ganga kingdom,https://en.wikipedia.org/wiki/Religion_in_Western_Ganga_kingdom,Recommendation,0.0
asia,Chavundaraya,https://en.wikipedia.org/wiki/Chavundaraya,Recommendation,0.0
asia,Tiruchirappalli,https://en.wikipedia.org/wiki/Tiruchirappalli,Seed,0.0
asia,Tiruchirappalli City Municipal Corporation,https://en.wikipedia.org/wiki/Tiruchirappalli_City_Municipal_Corporation,Recommendation,0.0
asia,Tiruchirappalli railway division,https://en.wikipedia.org/wiki/Tiruchirappalli_railway_division,Recommendation,0.0
asia,Economy of Tiruchirappalli,https://en.wikipedia.org/wiki/Economy_of_Tiruchirappalli,Recommendation,0.0
asia,Battle of Red Cliffs,https://en.wikipedia.org/wiki/Battle_of_Red_Cliffs,Seed,0.0
asia,Cao Pi's invasions of Eastern Wu,https://en.wikipedia.org/wiki/Cao_Pi%27s_invasions_of_Eastern_Wu,Recommendation,0.0
asia,Battle of Jiangling (208),https://en.wikipedia.org/wiki/Battle_of_Jiangling_%28208%29,Recommendation,0.0
asia,Battle of Changban,https://en.wikipedia.org/wiki/Battle_of_Changban,Recommendation,0.0
asia,Garegin Apresov,https://en.wikipedia.org/wiki/Garegin_Apresov,Seed,0.29
asia,Sheng Shicai,https://en.wikipedia.org/wiki/Sheng_Shicai,Recommendation,0.0
asia,1937 Islamic rebellion in Xinjiang,https://en.wikipedia.org/wiki/1937_Islamic_rebellion_in_Xinjiang,Recommendation,0.0
asia,Zhao Chongguo,https://en.wikipedia.org/wiki/Zhao_Chongguo,Seed,0.0
asia,Yizhixie,https://en.wikipedia.org/wiki/Yizhixie,Recommendation,0.0
asia,Junchen,https://en.wikipedia.org/wiki/Junchen,Recommendation,0.0
asia,Wei Qing,https://en.wikipedia.org/wiki/Wei_Qing,Recommendation,0.0
central-america,Tragic Week (Guatemala),https://en.wikipedia.org/wiki/Tragic_Week_%28Guatemala%29,Seed,0.0
central-america,Manuel Estrada Cabrera,https://en.wikipedia.org/wiki/Manuel_Estrada_Cabrera,Recommendation,0.0
central-america,"Unionist Party (Guatemala, 1920)",https://en.wikipedia.org/wiki/Unionist_Party_%28Guatemala%2C_1920%29,Recommendation,0.0
central-america,San José Castle (Guatemala City),https://en.wikipedia.org/wiki/San_Jos%C3%A9_Castle_%28Guatemala_City%29,Recommendation,0.0
central-america,Carlos Herrera,https://en.wikipedia.org/wiki/Carlos_Herrera,Recommendation,0.0
central-america,José María Orellana,https://en.wikipedia.org/wiki/Jos%C3%A9_Mar%C3%ADa_Orellana,Recommendation,0.0
central-america,Salamá,https://en.wikipedia.org/wiki/Salam%C3%A1,Seed,0.0
central-america,Mariano Rivera Paz,https://en.wikipedia.org/wiki/Mariano_Rivera_Paz,Recommendation,0.0
central-america,History of Guatemala,https://en.wikipedia.org/wiki/History_of_Guatemala,Recommendation,0.0
central-america,Juan José de Aycinena y Piñol,https://en.wikipedia.org/wiki/Juan_Jos%C3%A9_de_Aycinena_y_Pi%C3%B1ol,Recommendation,0.0
central-america,Manuel Barillas,https://en.wikipedia.org/wiki/Manuel_Barillas,Recommendation,0.0
central-america,"San Jerónimo, Baja Verapaz",https://en.wikipedia.org/wiki/San_Jer%C3%B3nimo%2C_Baja_Verapaz,Recommendation,0.0
central-america,Román Baldorioty de Castro,https://en.wikipedia.org/wiki/Rom%C3%A1n_Baldorioty_de_Castro,Seed,0.0
central-america,Roberto Sánchez Vilella,https://en.wikipedia.org/wiki/Roberto_S%C3%A1nchez_Vilella,Recommendation,0.0
central-america,Luis Vega Ramos,https://en.wikipedia.org/wiki/Luis_Vega_Ramos,Recommendation,0.0
central-america,Puerto Rican Autonomist Party,https://en.wikipedia.org/wiki/Puerto_Rican_Autonomist_Party,Recommendation,0.0
central-america,José Celso Barbosa,https://en.wikipedia.org/wiki/Jos%C3%A9_Celso_Barbosa,Recommendation,0.29
central-america,Liberal Reformist Party (Puerto Rico),https://en.wikipedia.org/wiki/Liberal_Reformist_Party_%28Puerto_Rico%29,Recommendation,0.0
central-america,Santa Cruz del Quiché,https://en.wikipedia.org/wiki/Santa_Cruz_del_Quich%C3%A9,Seed,0.0
central-america,Sacapulas,https://en.wikipedia.org/wiki/Sacapulas,Recommendation,0.0
central-america,Cunén,https://en.wikipedia.org/wiki/Cun%C3%A9n,Recommendation,0.0
central-america,"Chahal, Guatemala",https://en.wikipedia.org/wiki/Chahal%2C_Guatemala,Recommendation,0.0
central-america,Zacualpa,https://en.wikipedia.org/wiki/Zacualpa,Recommendation,0.0
central-america,Rabinal,https://en.wikipedia.org/wiki/Rabinal,Recommendation,0.0
central-america,Geography of Dominica,https://en.wikipedia.org/wiki/Geography_of_Dominica,Seed,0.0
central-america,Morne Diablotins,https://en.wikipedia.org/wiki/Morne_Diablotins,Recommendation,0.0
central-america,Geography of Saint Lucia,https://en.wikipedia.org/wiki/Geography_of_Saint_Lucia,Recommendation,0.0
central-america,Geography of Nicaragua,https://en.wikipedia.org/wiki/Geography_of_Nicaragua,Recommendation,0.0
central-america,Geography of the Solomon Islands,https://en.wikipedia.org/wiki/Geography_of_the_Solomon_Islands,Recommendation,0.0
central-america,Dominica,https://en.wikipedia.org/wiki/Dominica,Recommendation,0.29
central-america,Ricardo Alegría,https://en.wikipedia.org/wiki/Ricardo_Alegr%C3%ADa,Seed,0.0
central-america,Instituto de Cultura Puertorriqueña,https://en.wikipedia.org/wiki/Instituto_de_Cultura_Puertorrique%C3%B1a,Recommendation,0.0
central-america,Center for Advanced Studies on Puerto Rico and the Caribbean,https://en.wikipedia.org/wiki/Center_for_Advanced_Studies_on_Puerto_Rico_and_the_Caribbean,Recommendation,0.0
central-america,José S. Alegría,https://en.wikipedia.org/wiki/Jos%C3%A9_S._Alegr%C3%ADa,Recommendation,0.0
central-america,Casals Festival,https://en.wikipedia.org/wiki/Casals_Festival,Recommendation,0.0
central-america,Casa Blanca (San Juan),https://en.wikipedia.org/wiki/Casa_Blanca_%28San_Juan%29,Recommendation,0.0
central-america,1871 Guatemalan Revolution,https://en.wikipedia.org/wiki/1871_Guatemalan_Revolution,Seed,0.0
central-america,La Ilustración Guatemalteca,https://en.wikipedia.org/wiki/La_Ilustraci%C3%B3n_Guatemalteca,Recommendation,0.0
central-america,Próspero Morales,https://en.wikipedia.org/wiki/Pr%C3%B3spero_Morales,Recommendation,0.0
central-america,Celia Barrios de Reyna,https://en.wikipedia.org/wiki/Celia_Barrios_de_Reyna,Recommendation,0.0
central-america,José María Reina Barrios,https://en.wikipedia.org/wiki/Jos%C3%A9_Mar%C3%ADa_Reina_Barrios,Recommendation,0.0
central-america,Temple of Minerva (Guatemala),https://en.wikipedia.org/wiki/Temple_of_Minerva_%28Guatemala%29,Recommendation,0.0
central-america,Carlos Castillo Armas,https://en.wikipedia.org/wiki/Carlos_Castillo_Armas,Seed,0.0
central-america,Carlos Enrique Díaz de León,https://en.wikipedia.org/wiki/Carlos_Enrique_D%C3%ADaz_de_Le%C3%B3n,Recommendation,0.0
central-america,Elfego Hernán Monzón Aguirre,https://en.wikipedia.org/wiki/Elfego_Hern%C3%A1n_Monz%C3%B3n_Aguirre,Recommendation,0.0
central-america,1954 Guatemalan coup d'état,https://en.wikipedia.org/wiki/1954_Guatemalan_coup_d%27%C3%A9tat,Recommendation,0.0
central-america,Operation PBFortune,https://en.wikipedia.org/wiki/Operation_PBFortune,Recommendation,0.0
central-america,Guatemalan Revolution,https://en.wikipedia.org/wiki/Guatemalan_Revolution,Recommendation,0.0
central-america,Mataquescuintla,https://en.wikipedia.org/wiki/Mataquescuintla,Seed,0.0
central-america,Luis Batres Juarros,https://en.wikipedia.org/wiki/Luis_Batres_Juarros,Recommendation,0.0
central-america,Vicente Cerna y Cerna,https://en.wikipedia.org/wiki/Vicente_Cerna_y_Cerna,Recommendation,0.0
central-america,Manuel Francisco Pavón Aycinena,https://en.wikipedia.org/wiki/Manuel_Francisco_Pav%C3%B3n_Aycinena,Recommendation,0.0
central-america,Carrera Theater (Guatemala),https://en.wikipedia.org/wiki/Carrera_Theater_%28Guatemala%29,Recommendation,0.0
central-america,Mariano de Aycinena y Piñol,https://en.wikipedia.org/wiki/Mariano_de_Aycinena_y_Pi%C3%B1ol,Recommendation,0.0
central-america,2014 Antiguan general election,https://en.wikipedia.org/wiki/2014_Antiguan_general_election,Seed,0.0
central-america,Lester Bird,https://en.wikipedia.org/wiki/Lester_Bird,Recommendation,0.0
central-america,Antigua and Barbuda Labour Party,https://en.wikipedia.org/wiki/Antigua_and_Barbuda_Labour_Party,Recommendation,0.0
central-america,Baldwin Spencer,https://en.wikipedia.org/wiki/Baldwin_Spencer,Recommendation,0.0
central-america,2004 Antiguan general election,https://en.wikipedia.org/wiki/2004_Antiguan_general_election,Recommendation,0.0
central-america,Politics of Antigua and Barbuda,https://en.wikipedia.org/wiki/Politics_of_Antigua_and_Barbuda,Recommendation,0.0
central-america,Agustín Guzmán,https://en.wikipedia.org/wiki/Agust%C3%ADn_Guzm%C3%A1n,Seed,0.0
central-america,Rafael Carrera,https://en.wikipedia.org/wiki/Rafael_Carrera,Recommendation,0.0
central-america,Doroteo Vasconcelos,https://en.wikipedia.org/wiki/Doroteo_Vasconcelos,Recommendation,0.0
central-america,Mariano Paredes (Guatemalan politician),https://en.wikipedia.org/wiki/Mariano_Paredes_%28Guatemalan_politician%29,Recommendation,0.0
central-america,Francisco Malespín,https://en.wikipedia.org/wiki/Francisco_Malesp%C3%ADn,Recommendation,0.0
central-america,Mariano Gálvez,https://en.wikipedia.org/wiki/Mariano_G%C3%A1lvez,Recommendation,0.0
central-america,1969 Curaçao uprising,https://en.wikipedia.org/wiki/1969_Cura%C3%A7ao_uprising,Seed,0.0
central-america,Netherlands Antilles,https://en.wikipedia.org/wiki/Netherlands_Antilles,Recommendation,0.14
central-america,Dissolution of the Netherlands Antilles,https://en.wikipedia.org/wiki/Dissolution_of_the_Netherlands_Antilles,Recommendation,0.0
central-america,Colony of Curaçao and Dependencies,https://en.wikipedia.org/wiki/Colony_of_Cura%C3%A7ao_and_Dependencies,Recommendation,0.0
central-america,Suriname (Kingdom of the Netherlands),https://en.wikipedia.org/wiki/Suriname_%28Kingdom_of_the_Netherlands%29,Recommendation,0.0
central-america,Ben Leito,https://en.wikipedia.org/wiki/Ben_Leito,Recommendation,0.0
central-america,Hurricane Nana (2020),https://en.wikipedia.org/wiki/Hurricane_Nana_%282020%29,Seed,0.0
central-america,Tropical Storm Nadine (2024),https://en.wikipedia.org/wiki/Tropical_Storm_Nadine_%282024%29,Recommendation,0.0
central-america,Tropical storms Amanda and Cristobal,https://en.wikipedia.org/wiki/Tropical_storms_Amanda_and_Cristobal,Recommendation,0.0
central-america,Hurricane Gamma,https://en.wikipedia.org/wiki/Hurricane_Gamma,Recommendation,0.0
central-america,2021 Pacific hurricane season,https://en.wikipedia.org/wiki/2021_Pacific_hurricane_season,Recommendation,0.0
central-america,Tropical Storm Trudy (2014),https://en.wikipedia.org/wiki/Tropical_Storm_Trudy_%282014%29,Recommendation,0.0
central-america,Maya stelae,https://en.wikipedia.org/wiki/Maya_stelae,Seed,0.0
central-america,Copán,https://en.wikipedia.org/wiki/Cop%C3%A1n,Recommendation,0.0
central-america,Seibal,https://en.wikipedia.org/wiki/Seibal,Recommendation,0.0
central-america,Calakmul,https://en.wikipedia.org/wiki/Calakmul,Recommendation,0.0
central-america,Twin-pyramid complex,https://en.wikipedia.org/wiki/Twin-pyramid_complex,Recommendation,0.0
central-america,Río Azul,https://en.wikipedia.org/wiki/R%C3%ADo_Azul,Recommendation,0.0
central-america,Tamarindito,https://en.wikipedia.org/wiki/Tamarindito,Seed,0.0
central-america,La Amelia,https://en.wikipedia.org/wiki/La_Amelia,Recommendation,0.0
central-america,Chanal Balam,https://en.wikipedia.org/wiki/Chanal_Balam,Recommendation,0.0
central-america,Dos Pilas,https://en.wikipedia.org/wiki/Dos_Pilas,Recommendation,0.0
central-america,Itzan,https://en.wikipedia.org/wiki/Itzan,Recommendation,0.0
central-america,Ixtutz,https://en.wikipedia.org/wiki/Ixtutz,Recommendation,0.0
central-america,Takalik Abaj,https://en.wikipedia.org/wiki/Takalik_Abaj,Seed,0.0
central-america,Potbelly sculpture,https://en.wikipedia.org/wiki/Potbelly_sculpture,Recommendation,0.0
central-america,Monte Alto culture,https://en.wikipedia.org/wiki/Monte_Alto_culture,Recommendation,0.0
central-america,El Tintal,https://en.wikipedia.org/wiki/El_Tintal,Recommendation,0.0
central-america,Bilbao (Mesoamerican site),https://en.wikipedia.org/wiki/Bilbao_%28Mesoamerican_site%29,Recommendation,0.0
central-america,2013 Honduran general election,https://en.wikipedia.org/wiki/2013_Honduran_general_election,Seed,0.0
central-america,Salvador Nasralla,https://en.wikipedia.org/wiki/Salvador_Nasralla,Recommendation,0.0
central-america,Liberty and Refoundation,https://en.wikipedia.org/wiki/Liberty_and_Refoundation,Recommendation,0.0
central-america,2017 Honduran general election,https://en.wikipedia.org/wiki/2017_Honduran_general_election,Recommendation,0.14
central-america,2021 Honduran general election,https://en.wikipedia.org/wiki/2021_Honduran_general_election,Recommendation,0.0
central-america,Quiriguá,https://en.wikipedia.org/wiki/Quirigu%C3%A1,Seed,0.0
central-america,Uaxaclajuun Ubʼaah Kʼawiil,https://en.wikipedia.org/wiki/Uaxaclajuun_Ub%CA%BCaah_K%CA%BCawiil,Recommendation,0.0
central-america,Kʼakʼ Tiliw Chan Yopaat,https://en.wikipedia.org/wiki/K%CA%BCak%CA%BC_Tiliw_Chan_Yopaat,Recommendation,0.0
central-america,Third Tikal–Calakmul War,https://en.wikipedia.org/wiki/Third_Tikal%E2%80%93Calakmul_War,Recommendation,0.0
central-america,Tikal,https://en.wikipedia.org/wiki/Tikal,Recommendation,0.0
central-america,Peralta (Mesoamerican site),https://en.wikipedia.org/wiki/Peralta_%28Mesoamerican_site%29,Seed,0.0
central-america,Plazuelas,https://en.wikipedia.org/wiki/Plazuelas,Recommendation,0.0
central-america,Chichimeca,https://en.wikipedia.org/wiki/Chichimeca,Recommendation,0.0
central-america,Huandacareo,https://en.wikipedia.org/wiki/Huandacareo,Recommendation,0.0
central-america,El Teúl,https://en.wikipedia.org/wiki/El_Te%C3%BAl,Recommendation,0.0
central-america,National Union of Freedom Fighters,https://en.wikipedia.org/wiki/National_Union_of_Freedom_Fighters,Seed,0.14
central-america,Black Power Revolution,https://en.wikipedia.org/wiki/Black_Power_Revolution,Recommendation,0.0
central-america,Makandal Daaga,https://en.wikipedia.org/wiki/Makandal_Daaga,Recommendation,0.0
central-america,History of Trinidad and Tobago,https://en.wikipedia.org/wiki/History_of_Trinidad_and_Tobago,Recommendation,0.14
central-america,Racism in Trinidad and Tobago,https://en.wikipedia.org/wiki/Racism_in_Trinidad_and_Tobago,Recommendation,0.0
central-america,Spanish conquest of Guatemala,https://en.wikipedia.org/wiki/Spanish_conquest_of_Guatemala,Seed,0.0
central-america,Spanish conquest of the Maya,https://en.wikipedia.org/wiki/Spanish_conquest_of_the_Maya,Recommendation,0.0
central-america,Pedro de Alvarado,https://en.wikipedia.org/wiki/Pedro_de_Alvarado,Recommendation,0.0
central-america,Tecun Uman,https://en.wikipedia.org/wiki/Tecun_Uman,Recommendation,0.0
central-america,Indian auxiliaries,https://en.wikipedia.org/wiki/Indian_auxiliaries,Recommendation,0.0
central-america,La Demajagua National Park,https://en.wikipedia.org/wiki/La_Demajagua_National_Park,Seed,0.0
central-america,Bell of La Demajagua,https://en.wikipedia.org/wiki/Bell_of_La_Demajagua,Recommendation,0.14
central-america,La Demajagua (newspaper),https://en.wikipedia.org/wiki/La_Demajagua_%28newspaper%29,Recommendation,0.0
central-america,Cry of Yara,https://en.wikipedia.org/wiki/Cry_of_Yara,Recommendation,0.0
central-america,"La Demajagua, Isle of Youth",https://en.wikipedia.org/wiki/La_Demajagua%2C_Isle_of_Youth,Recommendation,0.14
central-america,Hurricane Paloma,https://en.wikipedia.org/wiki/Hurricane_Paloma,Seed,0.43
central-america,1999 Atlantic hurricane season,https://en.wikipedia.org/wiki/1999_Atlantic_hurricane_season,Recommendation,0.0
central-america,Hurricane Katrina (1981),https://en.wikipedia.org/wiki/Hurricane_Katrina_%281981%29,Recommendation,0.0
central-america,2004 Atlantic hurricane season,https://en.wikipedia.org/wiki/2004_Atlantic_hurricane_season,Recommendation,0.0
central-america,Tropical Storm Fay (2008),https://en.wikipedia.org/wiki/Tropical_Storm_Fay_%282008%29,Recommendation,0.29
central-america,Tropical Storm Chantal (2001),https://en.wikipedia.org/wiki/Tropical_Storm_Chantal_%282001%29,Seed,0.0
central-america,Hurricane Ernesto (2012),https://en.wikipedia.org/wiki/Hurricane_Ernesto_%282012%29,Recommendation,0.0
central-america,2001 Atlantic hurricane season,https://en.wikipedia.org/wiki/2001_Atlantic_hurricane_season,Recommendation,0.29
central-america,Meteorological history of Hurricane Mitch,https://en.wikipedia.org/wiki/Meteorological_history_of_Hurricane_Mitch,Recommendation,0.0
central-america,Tropical storms Alma and Arthur,https://en.wikipedia.org/wiki/Tropical_storms_Alma_and_Arthur,Recommendation,0.14
central-america,Elfin woods warbler,https://en.wikipedia.org/wiki/Elfin_woods_warbler,Seed,0.0
central-america,Carite State Forest,https://en.wikipedia.org/wiki/Carite_State_Forest,Recommendation,0.0
central-america,Arrowhead warbler,https://en.wikipedia.org/wiki/Arrowhead_warbler,Recommendation,0.0
central-america,Plumbeous warbler,https://en.wikipedia.org/wiki/Plumbeous_warbler,Recommendation,0.0
central-america,Angela Kepler,https://en.wikipedia.org/wiki/Angela_Kepler,Recommendation,0.0
central-america,Maya civilization,https://en.wikipedia.org/wiki/Maya_civilization,Seed,0.0
central-america,History of the Maya civilization,https://en.wikipedia.org/wiki/History_of_the_Maya_civilization,Recommendation,0.0
central-america,Ixlu,https://en.wikipedia.org/wiki/Ixlu,Recommendation,0.0
central-america,Mayan cities,https://en.wikipedia.org/wiki/Mayan_cities,Recommendation,0.0
central-america,Triadic pyramid,https://en.wikipedia.org/wiki/Triadic_pyramid,Recommendation,0.0
central-america,Hurricane Hattie,https://en.wikipedia.org/wiki/Hurricane_Hattie,Seed,0.0
central-america,1961 Atlantic hurricane season,https://en.wikipedia.org/wiki/1961_Atlantic_hurricane_season,Recommendation,0.0
central-america,1931 British Honduras hurricane,https://en.wikipedia.org/wiki/1931_British_Honduras_hurricane,Recommendation,0.0
central-america,Hurricane Anna (1961),https://en.wikipedia.org/wiki/Hurricane_Anna_%281961%29,Recommendation,0.0
central-america,Hurricane Abby (1960),https://en.wikipedia.org/wiki/Hurricane_Abby_%281960%29,Recommendation,0.0
central-america,Cuban macaw,https://en.wikipedia.org/wiki/Cuban_macaw,Seed,0.0
central-america,Lesser Antillean macaw,https://en.wikipedia.org/wiki/Lesser_Antillean_macaw,Recommendation,0.0
central-america,Ara (bird),https://en.wikipedia.org/wiki/Ara_%28bird%29,Recommendation,0.14
central-america,Red-headed macaw,https://en.wikipedia.org/wiki/Red-headed_macaw,Recommendation,0.0
central-america,Macaw,https://en.wikipedia.org/wiki/Macaw,Recommendation,0.14
central-america,Spanish conquest of Petén,https://en.wikipedia.org/wiki/Spanish_conquest_of_Pet%C3%A9n,Seed,0.0
central-america,Peten Itza kingdom,https://en.wikipedia.org/wiki/Peten_Itza_kingdom,Recommendation,0.0
central-america,Spanish conquest of Yucatán,https://en.wikipedia.org/wiki/Spanish_conquest_of_Yucat%C3%A1n,Recommendation,0.0
central-america,Yalain,https://en.wikipedia.org/wiki/Yalain,Recommendation,0.0
central-america,Nojpetén,https://en.wikipedia.org/wiki/Nojpet%C3%A9n,Recommendation,0.0
central-america,Juan R. Torruella,https://en.wikipedia.org/wiki/Juan_R._Torruella,Seed,0.0
central-america,William J. Kayatta Jr.,https://en.wikipedia.org/wiki/William_J._Kayatta_Jr.,Recommendation,0.0
central-america,O. Rogeriee Thompson,https://en.wikipedia.org/wiki/O._Rogeriee_Thompson,Recommendation,0.0
central-america,Federal voting rights in Puerto Rico,https://en.wikipedia.org/wiki/Federal_voting_rights_in_Puerto_Rico,Recommendation,0.29
central-america,Juan Ramon Sánchez (judge),https://en.wikipedia.org/wiki/Juan_Ramon_S%C3%A1nchez_%28judge%29,Recommendation,0.0
central-america,Olmec colossal heads,https://en.wikipedia.org/wiki/Olmec_colossal_heads,Seed,0.0
central-america,Tres Zapotes,https://en.wikipedia.org/wiki/Tres_Zapotes,Recommendation,0.0
central-america,San Lorenzo Tenochtitlán,https://en.wikipedia.org/wiki/San_Lorenzo_Tenochtitl%C3%A1n,Recommendation,0.0
central-america,Epi-Olmec culture,https://en.wikipedia.org/wiki/Epi-Olmec_culture,Recommendation,0.0
central-america,Olmecs,https://en.wikipedia.org/wiki/Olmecs,Recommendation,0.14
central-america,Hurricane Joaquin,https://en.wikipedia.org/wiki/Hurricane_Joaquin,Seed,0.0
central-america,Hurricanes in the Lucayan Archipelago,https://en.wikipedia.org/wiki/Hurricanes_in_the_Lucayan_Archipelago,Recommendation,0.0
central-america,2015 Atlantic hurricane season,https://en.wikipedia.org/wiki/2015_Atlantic_hurricane_season,Recommendation,0.0
central-america,SS El Faro,https://en.wikipedia.org/wiki/SS_El_Faro,Recommendation,0.29
central-america,Hurricane Andrew,https://en.wikipedia.org/wiki/Hurricane_Andrew,Recommendation,0.71
central-america,St. Croix macaw,https://en.wikipedia.org/wiki/St._Croix_macaw,Seed,0.0
central-america,Martinique macaw,https://en.wikipedia.org/wiki/Martinique_macaw,Recommendation,0.0
central-america,Guadeloupe amazon,https://en.wikipedia.org/wiki/Guadeloupe_amazon,Recommendation,0.0
central-america,Tachornis uranoceles,https://en.wikipedia.org/wiki/Tachornis_uranoceles,Recommendation,0.0
central-america,Jamaican ibis,https://en.wikipedia.org/wiki/Jamaican_ibis,Recommendation,0.0
central-america,Exposición Centroamericana,https://en.wikipedia.org/wiki/Exposici%C3%B3n_Centroamericana,Seed,0.0
central-america,Rafael Spinola,https://en.wikipedia.org/wiki/Rafael_Spinola,Recommendation,0.0
central-america,Antonio Macías del Real,https://en.wikipedia.org/wiki/Antonio_Mac%C3%ADas_del_Real,Recommendation,0.0
central-america,Natalia Górriz,https://en.wikipedia.org/wiki/Natalia_G%C3%B3rriz,Recommendation,0.0
central-america,Ricardo Casanova y Estrada,https://en.wikipedia.org/wiki/Ricardo_Casanova_y_Estrada,Recommendation,0.0
central-america,Cyclura ricordii,https://en.wikipedia.org/wiki/Cyclura_ricordii,Seed,0.0
central-america,Rhinoceros iguana,https://en.wikipedia.org/wiki/Rhinoceros_iguana,Recommendation,0.0
central-america,Melocactus lemairei,https://en.wikipedia.org/wiki/Melocactus_lemairei,Recommendation,0.0
central-america,Lake Enriquillo,https://en.wikipedia.org/wiki/Lake_Enriquillo,Recommendation,0.0
central-america,Hispaniola racer,https://en.wikipedia.org/wiki/Hispaniola_racer,Recommendation,0.0
central-america,Hurricane Iris,https://en.wikipedia.org/wiki/Hurricane_Iris,Seed,0.0
central-america,Hurricane Keith,https://en.wikipedia.org/wiki/Hurricane_Keith,Recommendation,0.0
central-america,Hurricane Earl (2016),https://en.wikipedia.org/wiki/Hurricane_Earl_%282016%29,Recommendation,0.0
central-america,Hurricane Ingrid,https://en.wikipedia.org/wiki/Hurricane_Ingrid,Recommendation,0.0
central-america,Tropical Storm Agatha,https://en.wikipedia.org/wiki/Tropical_Storm_Agatha,Recommendation,0.0
central-america,Blue iguana,https://en.wikipedia.org/wiki/Blue_iguana,Seed,0.0
central-america,Cyclura nubila caymanensis,https://en.wikipedia.org/wiki/Cyclura_nubila_caymanensis,Recommendation,0.43
central-america,Cyclura nubila,https://en.wikipedia.org/wiki/Cyclura_nubila,Recommendation,0.0
central-america,Cyclura,https://en.wikipedia.org/wiki/Cyclura,Recommendation,0.0
central-america,Northern Bahamian rock iguana,https://en.wikipedia.org/wiki/Northern_Bahamian_rock_iguana,Recommendation,0.0
europe,History of Lithuania (1219–1295),https://en.wikipedia.org/wiki/History_of_Lithuania_%281219%E2%80%931295%29,Seed,0.0
europe,Vykintas,https://en.wikipedia.org/wiki/Vykintas,Recommendation,0.0
europe,House of Mindaugas,https://en.wikipedia.org/wiki/House_of_Mindaugas,Recommendation,0.0
europe,Treniota,https://en.wikipedia.org/wiki/Treniota,Recommendation,0.0
europe,Act of Independence of Lithuania,https://en.wikipedia.org/wiki/Act_of_Independence_of_Lithuania,Seed,0.0
europe,Vilnius Conference,https://en.wikipedia.org/wiki/Vilnius_Conference,Recommendation,0.0
europe,Lietuvos aidas,https://en.wikipedia.org/wiki/Lietuvos_aidas,Recommendation,0.0
europe,Jurgis Šaulys,https://en.wikipedia.org/wiki/Jurgis_%C5%A0aulys,Recommendation,0.0
europe,Frýdlant,https://en.wikipedia.org/wiki/Fr%C3%BDdlant,Seed,0.0
europe,Liberec District,https://en.wikipedia.org/wiki/Liberec_District,Recommendation,0.0
europe,Nová Ves (Liberec District),https://en.wikipedia.org/wiki/Nov%C3%A1_Ves_%28Liberec_District%29,Recommendation,0.0
europe,Smrk (Jizera Mountains),https://en.wikipedia.org/wiki/Smrk_%28Jizera_Mountains%29,Recommendation,0.0
europe,Geography of Ireland,https://en.wikipedia.org/wiki/Geography_of_Ireland,Seed,0.0
europe,Energy in Ireland,https://en.wikipedia.org/wiki/Energy_in_Ireland,Recommendation,0.0
europe,Wind power in Ireland,https://en.wikipedia.org/wiki/Wind_power_in_Ireland,Recommendation,0.0
europe,Ervia,https://en.wikipedia.org/wiki/Ervia,Recommendation,0.0
europe,Trafford Park,https://en.wikipedia.org/wiki/Trafford_Park,Seed,0.0
europe,Barton Road Swing Bridge,https://en.wikipedia.org/wiki/Barton_Road_Swing_Bridge,Recommendation,0.0
europe,Old Trafford (area),https://en.wikipedia.org/wiki/Old_Trafford_%28area%29,Recommendation,0.0
europe,Trafford Park Development Corporation,https://en.wikipedia.org/wiki/Trafford_Park_Development_Corporation,Recommendation,0.0
europe,Chew Stoke,https://en.wikipedia.org/wiki/Chew_Stoke,Seed,0.0
europe,Chew Magna,https://en.wikipedia.org/wiki/Chew_Magna,Recommendation,0.0
europe,"St Andrew's Church, Chew Stoke",https://en.wikipedia.org/wiki/St_Andrew%27s_Church%2C_Chew_Stoke,Recommendation,0.0
europe,Chelwood,https://en.wikipedia.org/wiki/Chelwood,Recommendation,0.0
europe,Hungarian occupation of Yugoslav territories,https://en.wikipedia.org/wiki/Hungarian_occupation_of_Yugoslav_territories,Seed,0.0
europe,Commissioner Government,https://en.wikipedia.org/wiki/Commissioner_Government,Recommendation,0.0
europe,Délvidék,https://en.wikipedia.org/wiki/D%C3%A9lvid%C3%A9k,Recommendation,0.0
europe,Byzantine civil war of 1341–1347,https://en.wikipedia.org/wiki/Byzantine_civil_war_of_1341%E2%80%931347,Seed,0.0
europe,Alexios Apokaukos,https://en.wikipedia.org/wiki/Alexios_Apokaukos,Recommendation,0.0
europe,Theodore Synadenos,https://en.wikipedia.org/wiki/Theodore_Synadenos,Recommendation,0.0
europe,Syrgiannes Palaiologos,https://en.wikipedia.org/wiki/Syrgiannes_Palaiologos,Recommendation,0.0
europe,Władysław II Jagiełło,https://en.wikipedia.org/wiki/W%C5%82adys%C5%82aw_II_Jagie%C5%82%C5%82o,Seed,0.14
europe,Vytautas the Great,https://en.wikipedia.org/wiki/Vytautas_the_Great,Recommendation,0.0
europe,Names and titles of Władysław II Jagiełło,https://en.wikipedia.org/wiki/Names_and_titles_of_W%C5%82adys%C5%82aw_II_Jagie%C5%82%C5%82o,Recommendation,0.0
europe,Lithuanian Civil War (1389–1392),https://en.wikipedia.org/wiki/Lithuanian_Civil_War_%281389%E2%80%931392%29,Recommendation,0.0
europe,Family of Gediminas,https://en.wikipedia.org/wiki/Family_of_Gediminas,Seed,0.14
europe,Jaunutis,https://en.wikipedia.org/wiki/Jaunutis,Recommendation,0.0
europe,Narimantas,https://en.wikipedia.org/wiki/Narimantas,Recommendation,0.0
europe,Jaunė,https://en.wikipedia.org/wiki/Jaun%C4%97,Recommendation,0.0
europe,Scremerston,https://en.wikipedia.org/wiki/Scremerston,Seed,0.0
europe,Islandshire,https://en.wikipedia.org/wiki/Islandshire,Recommendation,0.0
europe,Tweedmouth,https://en.wikipedia.org/wiki/Tweedmouth,Recommendation,0.0
europe,Ancroft,https://en.wikipedia.org/wiki/Ancroft,Recommendation,0.0
europe,Karolis Požela,https://en.wikipedia.org/wiki/Karolis_Po%C5%BEela,Seed,0.0
europe,Tiesa,https://en.wikipedia.org/wiki/Tiesa,Recommendation,0.0
europe,Zigmas Angarietis,https://en.wikipedia.org/wiki/Zigmas_Angarietis,Recommendation,0.0
europe,Pranas Eidukevičius,https://en.wikipedia.org/wiki/Pranas_Eidukevi%C4%8Dius,Recommendation,0.0
europe,Union of Bulgaria and Romania,https://en.wikipedia.org/wiki/Union_of_Bulgaria_and_Romania,Seed,0.0
europe,Badushtnost,https://en.wikipedia.org/wiki/Badushtnost,Recommendation,0.0
europe,Ion C. Brătianu,https://en.wikipedia.org/wiki/Ion_C._Br%C4%83tianu,Recommendation,0.0
europe,Carol I of Romania,https://en.wikipedia.org/wiki/Carol_I_of_Romania,Recommendation,0.0
europe,Freedom Monument,https://en.wikipedia.org/wiki/Freedom_Monument,Seed,0.0
europe,Day of the Restoration of Latvian Independence,https://en.wikipedia.org/wiki/Day_of_the_Restoration_of_Latvian_Independence,Recommendation,0.0
europe,Helsinki-86,https://en.wikipedia.org/wiki/Helsinki-86,Recommendation,0.0
europe,Brīvības iela,https://en.wikipedia.org/wiki/Br%C4%ABv%C4%ABbas_iela,Recommendation,0.0
europe,Dmitry Grigorovich (writer),https://en.wikipedia.org/wiki/Dmitry_Grigorovich_%28writer%29,Seed,0.0
europe,Anton Goremyka,https://en.wikipedia.org/wiki/Anton_Goremyka,Recommendation,0.0
europe,Nikolay Nekrasov,https://en.wikipedia.org/wiki/Nikolay_Nekrasov,Recommendation,0.0
europe,The Village (Grigorovich novel),https://en.wikipedia.org/wiki/The_Village_%28Grigorovich_novel%29,Recommendation,0.0
europe,Theodore Komnenos Doukas,https://en.wikipedia.org/wiki/Theodore_Komnenos_Doukas,Seed,0.57
europe,Michael II Komnenos Doukas,https://en.wikipedia.org/wiki/Michael_II_Komnenos_Doukas,Recommendation,0.0
europe,Demetrios Angelos Doukas,https://en.wikipedia.org/wiki/Demetrios_Angelos_Doukas,Recommendation,0.0
europe,Empire of Thessalonica,https://en.wikipedia.org/wiki/Empire_of_Thessalonica,Recommendation,0.14
europe,Gudovac massacre,https://en.wikipedia.org/wiki/Gudovac_massacre,Seed,0.0
europe,Blagaj massacre,https://en.wikipedia.org/wiki/Blagaj_massacre,Recommendation,0.0
europe,Glina massacres,https://en.wikipedia.org/wiki/Glina_massacres,Recommendation,0.0
europe,Mladen Lorković,https://en.wikipedia.org/wiki/Mladen_Lorkovi%C4%87,Recommendation,0.0
europe,Olga Constantinovna of Russia,https://en.wikipedia.org/wiki/Olga_Constantinovna_of_Russia,Seed,0.0
europe,Aspasia Manos,https://en.wikipedia.org/wiki/Aspasia_Manos,Recommendation,0.0
europe,Princess Olga of Greece and Denmark,https://en.wikipedia.org/wiki/Princess_Olga_of_Greece_and_Denmark,Recommendation,0.0
europe,Alexandra of Yugoslavia,https://en.wikipedia.org/wiki/Alexandra_of_Yugoslavia,Recommendation,0.0
europe,George I of Greece,https://en.wikipedia.org/wiki/George_I_of_Greece,Seed,0.0
europe,Constantine I of Greece,https://en.wikipedia.org/wiki/Constantine_I_of_Greece,Recommendation,0.0
europe,George II of Greece,https://en.wikipedia.org/wiki/George_II_of_Greece,Recommendation,0.0
europe,Princess Alice of Battenberg,https://en.wikipedia.org/wiki/Princess_Alice_of_Battenberg,Recommendation,0.0
europe,Kylfings,https://en.wikipedia.org/wiki/Kylfings,Seed,0.0
europe,Rus' people,https://en.wikipedia.org/wiki/Rus%27_people,Recommendation,0.0
europe,Varangians,https://en.wikipedia.org/wiki/Varangians,Recommendation,0.0
europe,Anti-Normanism,https://en.wikipedia.org/wiki/Anti-Normanism,Recommendation,0.0
europe,Ludvík Krejčí,https://en.wikipedia.org/wiki/Ludv%C3%ADk_Krej%C4%8D%C3%AD,Seed,0.0
europe,Ludvík Svoboda,https://en.wikipedia.org/wiki/Ludv%C3%ADk_Svoboda,Recommendation,0.0
europe,Karel Klapálek,https://en.wikipedia.org/wiki/Karel_Klap%C3%A1lek,Recommendation,0.0
europe,Sergey Voytsekhovsky,https://en.wikipedia.org/wiki/Sergey_Voytsekhovsky,Recommendation,0.0
europe,Brownhills,https://en.wikipedia.org/wiki/Brownhills,Seed,0.0
europe,Chasetown,https://en.wikipedia.org/wiki/Chasetown,Recommendation,0.0
europe,Brownhills West,https://en.wikipedia.org/wiki/Brownhills_West,Recommendation,0.0
europe,Pelsall,https://en.wikipedia.org/wiki/Pelsall,Recommendation,0.29
europe,Eastern Østfold Line,https://en.wikipedia.org/wiki/Eastern_%C3%98stfold_Line,Seed,0.0
europe,Mysen Station,https://en.wikipedia.org/wiki/Mysen_Station,Recommendation,0.0
europe,Østfold Line,https://en.wikipedia.org/wiki/%C3%98stfold_Line,Recommendation,0.0
europe,Skotbu Station,https://en.wikipedia.org/wiki/Skotbu_Station,Recommendation,0.0
europe,Chat Moss,https://en.wikipedia.org/wiki/Chat_Moss,Seed,0.0
europe,Astley and Bedford Mosses,https://en.wikipedia.org/wiki/Astley_and_Bedford_Mosses,Recommendation,0.0
europe,"Astley, Greater Manchester",https://en.wikipedia.org/wiki/Astley%2C_Greater_Manchester,Recommendation,0.0
europe,Cadishead and Little Woolden Moss,https://en.wikipedia.org/wiki/Cadishead_and_Little_Woolden_Moss,Recommendation,0.0
europe,Alexander of Greece,https://en.wikipedia.org/wiki/Alexander_of_Greece,Seed,0.0
europe,Investiture of the kings of Greece,https://en.wikipedia.org/wiki/Investiture_of_the_kings_of_Greece,Recommendation,0.0
europe,Assassination of George I of Greece,https://en.wikipedia.org/wiki/Assassination_of_George_I_of_Greece,Recommendation,0.0
europe,Tatoi Palace,https://en.wikipedia.org/wiki/Tatoi_Palace,Recommendation,0.0
europe,"Komm, du süße Todesstunde, BWV 161",https://en.wikipedia.org/wiki/Komm%2C_du_s%C3%BC%C3%9Fe_Todesstunde%2C_BWV_161,Seed,0.0
europe,"Christus, der ist mein Leben, BWV 95",https://en.wikipedia.org/wiki/Christus%2C_der_ist_mein_Leben%2C_BWV_95,Recommendation,0.0
europe,"Alles, was von Gott geboren, BWV 80a",https://en.wikipedia.org/wiki/Alles%2C_was_von_Gott_geboren%2C_BWV_80a,Recommendation,0.0
europe,"Tue Rechnung! Donnerwort, BWV 168",https://en.wikipedia.org/wiki/Tue_Rechnung%21_Donnerwort%2C_BWV_168,Recommendation,0.0
europe,History of Gibraltar,https://en.wikipedia.org/wiki/History_of_Gibraltar,Seed,0.0
europe,Twelfth siege of Gibraltar,https://en.wikipedia.org/wiki/Twelfth_siege_of_Gibraltar,Recommendation,0.0
europe,Timeline of the history of Gibraltar,https://en.wikipedia.org/wiki/Timeline_of_the_history_of_Gibraltar,Recommendation,0.0
europe,Capture of Gibraltar,https://en.wikipedia.org/wiki/Capture_of_Gibraltar,Recommendation,0.0
europe,"O heilges Geist- und Wasserbad, BWV 165",https://en.wikipedia.org/wiki/O_heilges_Geist-_und_Wasserbad%2C_BWV_165,Seed,0.0
europe,"Mache dich, mein Geist, bereit, BWV 115",https://en.wikipedia.org/wiki/Mache_dich%2C_mein_Geist%2C_bereit%2C_BWV_115,Recommendation,0.0
europe,"Geist und Seele wird verwirret, BWV 35",https://en.wikipedia.org/wiki/Geist_und_Seele_wird_verwirret%2C_BWV_35,Recommendation,0.14
europe,"Erhalt uns, Herr, bei deinem Wort, BWV 126",https://en.wikipedia.org/wiki/Erhalt_uns%2C_Herr%2C_bei_deinem_Wort%2C_BWV_126,Recommendation,0.0
europe,Corleck Head,https://en.wikipedia.org/wiki/Corleck_Head,Seed,0.0
europe,Corleck Hill,https://en.wikipedia.org/wiki/Corleck_Hill,Recommendation,0.0
europe,Celtic stone idols,https://en.wikipedia.org/wiki/Celtic_stone_idols,Recommendation,0.0
europe,Tandragee Idol,https://en.wikipedia.org/wiki/Tandragee_Idol,Recommendation,0.0
europe,George I Rákóczi,https://en.wikipedia.org/wiki/George_I_R%C3%A1k%C3%B3czi,Seed,0.0
europe,Battle of Humenné,https://en.wikipedia.org/wiki/Battle_of_Humenn%C3%A9,Recommendation,0.0
europe,Transylvanian invasion of Hungary (1644–1645),https://en.wikipedia.org/wiki/Transylvanian_invasion_of_Hungary_%281644%E2%80%931645%29,Recommendation,0.0
europe,George II Rákóczi,https://en.wikipedia.org/wiki/George_II_R%C3%A1k%C3%B3czi,Recommendation,0.0
europe,Nelson's Pillar,https://en.wikipedia.org/wiki/Nelson%27s_Pillar,Seed,0.0
europe,Nelson's Column (Montreal),https://en.wikipedia.org/wiki/Nelson%27s_Column_%28Montreal%29,Recommendation,0.0
europe,O'Connell Street,https://en.wikipedia.org/wiki/O%27Connell_Street,Recommendation,0.14
europe,"General Post Office, Dublin",https://en.wikipedia.org/wiki/General_Post_Office%2C_Dublin,Recommendation,0.0
europe,Trafford,https://en.wikipedia.org/wiki/Trafford,Seed,0.0
europe,Altrincham,https://en.wikipedia.org/wiki/Altrincham,Recommendation,0.0
europe,"Bowdon, Greater Manchester",https://en.wikipedia.org/wiki/Bowdon%2C_Greater_Manchester,Recommendation,0.0
europe,"Hale, Greater Manchester",https://en.wikipedia.org/wiki/Hale%2C_Greater_Manchester,Recommendation,0.0
europe,Bayern-class battleship,https://en.wikipedia.org/wiki/Bayern-class_battleship,Seed,0.57
europe,SMS Baden,https://en.wikipedia.org/wiki/SMS_Baden,Recommendation,0.14
europe,SMS Württemberg (1917),https://en.wikipedia.org/wiki/SMS_W%C3%BCrttemberg_%281917%29,Recommendation,0.0
europe,SMS Sachsen (1916),https://en.wikipedia.org/wiki/SMS_Sachsen_%281916%29,Recommendation,0.0
europe,Józef Piłsudski,https://en.wikipedia.org/wiki/J%C3%B3zef_Pi%C5%82sudski,Seed,0.0
europe,Polish–Soviet War,https://en.wikipedia.org/wiki/Polish%E2%80%93Soviet_War,Recommendation,0.0
europe,Vilna offensive,https://en.wikipedia.org/wiki/Vilna_offensive,Recommendation,0.0
europe,Treaty of Warsaw (1920),https://en.wikipedia.org/wiki/Treaty_of_Warsaw_%281920%29,Recommendation,0.0
europe,Ossolineum,https://en.wikipedia.org/wiki/Ossolineum,Seed,0.0
europe,Mieczysław Gębarowicz,https://en.wikipedia.org/wiki/Mieczys%C5%82aw_G%C4%99barowicz,Recommendation,0.0
europe,Roman Aftanazy,https://en.wikipedia.org/wiki/Roman_Aftanazy,Recommendation,0.0
europe,Józef Maksymilian Ossoliński,https://en.wikipedia.org/wiki/J%C3%B3zef_Maksymilian_Ossoli%C5%84ski,Recommendation,0.0
europe,"Sale, Greater Manchester",https://en.wikipedia.org/wiki/Sale%2C_Greater_Manchester,Seed,0.0
europe,Ashton upon Mersey,https://en.wikipedia.org/wiki/Ashton_upon_Mersey,Recommendation,0.0
europe,Sale Town Hall,https://en.wikipedia.org/wiki/Sale_Town_Hall,Recommendation,0.0
europe,Urmston,https://en.wikipedia.org/wiki/Urmston,Recommendation,0.0
europe,Ba Congress,https://en.wikipedia.org/wiki/Ba_Congress,Seed,0.0
europe,Stevan Moljević,https://en.wikipedia.org/wiki/Stevan_Moljevi%C4%87,Recommendation,0.0
europe,Attack on Kruševac,https://en.wikipedia.org/wiki/Attack_on_Kru%C5%A1evac,Recommendation,0.0
europe,Živko Topalović,https://en.wikipedia.org/wiki/%C5%BDivko_Topalovi%C4%87,Recommendation,0.0
europe,Old Exe Bridge,https://en.wikipedia.org/wiki/Old_Exe_Bridge,Seed,0.0
europe,Elvet Bridge,https://en.wikipedia.org/wiki/Elvet_Bridge,Recommendation,0.0
europe,Walter Gervais,https://en.wikipedia.org/wiki/Walter_Gervais,Recommendation,0.0
europe,Stopham Bridge,https://en.wikipedia.org/wiki/Stopham_Bridge,Recommendation,0.0
europe,"Gott der Herr ist Sonn und Schild, BWV 79",https://en.wikipedia.org/wiki/Gott_der_Herr_ist_Sonn_und_Schild%2C_BWV_79,Seed,0.0
europe,"Wo Gott der Herr nicht bei uns hält, BWV 178",https://en.wikipedia.org/wiki/Wo_Gott_der_Herr_nicht_bei_uns_h%C3%A4lt%2C_BWV_178,Recommendation,0.0
europe,"Wär Gott nicht mit uns diese Zeit, BWV 14",https://en.wikipedia.org/wiki/W%C3%A4r_Gott_nicht_mit_uns_diese_Zeit%2C_BWV_14,Recommendation,0.0
europe,"Nun danket alle Gott, BWV 192",https://en.wikipedia.org/wiki/Nun_danket_alle_Gott%2C_BWV_192,Recommendation,0.0
europe,Carrington Moss,https://en.wikipedia.org/wiki/Carrington_Moss,Seed,0.0
europe,Risley Moss,https://en.wikipedia.org/wiki/Risley_Moss,Recommendation,0.0
europe,Lindow Moss,https://en.wikipedia.org/wiki/Lindow_Moss,Recommendation,0.0
europe,Holcroft Moss,https://en.wikipedia.org/wiki/Holcroft_Moss,Recommendation,0.0
europe,"Keswick, Cumbria",https://en.wikipedia.org/wiki/Keswick%2C_Cumbria,Seed,0.0
europe,Portinscale,https://en.wikipedia.org/wiki/Portinscale,Recommendation,0.0
europe,Great Crosthwaite,https://en.wikipedia.org/wiki/Great_Crosthwaite,Recommendation,0.0
europe,"River Greta, Cumbria",https://en.wikipedia.org/wiki/River_Greta%2C_Cumbria,Recommendation,0.0
europe,"Madrid, Zaragoza and Alicante railway",https://en.wikipedia.org/wiki/Madrid%2C_Zaragoza_and_Alicante_railway,Seed,0.0
europe,Compañía de los Caminos de Hierro del Norte de España,https://en.wikipedia.org/wiki/Compa%C3%B1%C3%ADa_de_los_Caminos_de_Hierro_del_Norte_de_Espa%C3%B1a,Recommendation,0.0
europe,Red Nacional de los Ferrocarriles Españoles,https://en.wikipedia.org/wiki/Red_Nacional_de_los_Ferrocarriles_Espa%C3%B1oles,Recommendation,0.0
europe,Railway Museum (Madrid),https://en.wikipedia.org/wiki/Railway_Museum_%28Madrid%29,Recommendation,0.0
europe,Covent Garden,https://en.wikipedia.org/wiki/Covent_Garden,Seed,0.0
europe,"St Paul's, Covent Garden",https://en.wikipedia.org/wiki/St_Paul%27s%2C_Covent_Garden,Recommendation,0.0
europe,"Henrietta Street, Covent Garden",https://en.wikipedia.org/wiki/Henrietta_Street%2C_Covent_Garden,Recommendation,0.0
europe,Long Acre,https://en.wikipedia.org/wiki/Long_Acre,Recommendation,0.0
europe,Noemvriana,https://en.wikipedia.org/wiki/Noemvriana,Seed,0.14
europe,Fort Roupel,https://en.wikipedia.org/wiki/Fort_Roupel,Recommendation,0.0
europe,National Schism,https://en.wikipedia.org/wiki/National_Schism,Recommendation,0.0
europe,Provisional Government of National Defence,https://en.wikipedia.org/wiki/Provisional_Government_of_National_Defence,Recommendation,0.0
europe,Ashton-under-Lyne,https://en.wikipedia.org/wiki/Ashton-under-Lyne,Seed,0.14
europe,Tameside,https://en.wikipedia.org/wiki/Tameside,Recommendation,0.14
europe,Dukinfield,https://en.wikipedia.org/wiki/Dukinfield,Recommendation,0.0
europe,Audenshaw,https://en.wikipedia.org/wiki/Audenshaw,Recommendation,0.0
europe,June 1941 uprising in eastern Herzegovina,https://en.wikipedia.org/wiki/June_1941_uprising_in_eastern_Herzegovina,Seed,0.0
europe,Herzegovina uprising (1875–1877),https://en.wikipedia.org/wiki/Herzegovina_uprising_%281875%E2%80%931877%29,Recommendation,0.29
europe,Herzegovina,https://en.wikipedia.org/wiki/Herzegovina,Recommendation,0.14
europe,Gacko,https://en.wikipedia.org/wiki/Gacko,Recommendation,0.0
europe,Derfflinger-class battlecruiser,https://en.wikipedia.org/wiki/Derfflinger-class_battlecruiser,Seed,0.0
europe,SMS Lützow,https://en.wikipedia.org/wiki/SMS_L%C3%BCtzow,Recommendation,0.14
europe,SMS Seydlitz,https://en.wikipedia.org/wiki/SMS_Seydlitz,Recommendation,0.14
europe,SMS Derfflinger,https://en.wikipedia.org/wiki/SMS_Derfflinger,Recommendation,0.14
europe,Ælle of Sussex,https://en.wikipedia.org/wiki/%C3%86lle_of_Sussex,Seed,0.0
europe,Cissa of Sussex,https://en.wikipedia.org/wiki/Cissa_of_Sussex,Recommendation,0.0
europe,Cymenshore,https://en.wikipedia.org/wiki/Cymenshore,Recommendation,0.0
europe,Battle of Mercredesburne,https://en.wikipedia.org/wiki/Battle_of_Mercredesburne,Recommendation,0.0
europe,Diocese of Digne,https://en.wikipedia.org/wiki/Diocese_of_Digne,Seed,0.0
europe,Diocese of Bayeux and Lisieux,https://en.wikipedia.org/wiki/Diocese_of_Bayeux_and_Lisieux,Recommendation,0.0
europe,Archdiocese of Bordeaux,https://en.wikipedia.org/wiki/Archdiocese_of_Bordeaux,Recommendation,0.0
europe,Diocese of Gap-Embrun,https://en.wikipedia.org/wiki/Diocese_of_Gap-Embrun,Recommendation,0.0
europe,Croatian Spring,https://en.wikipedia.org/wiki/Croatian_Spring,Seed,0.0
europe,League of Communists of Croatia,https://en.wikipedia.org/wiki/League_of_Communists_of_Croatia,Recommendation,0.0
europe,Savka Dabčević-Kučar,https://en.wikipedia.org/wiki/Savka_Dab%C4%8Devi%C4%87-Ku%C4%8Dar,Recommendation,0.14
europe,Marko Koprtla,https://en.wikipedia.org/wiki/Marko_Koprtla,Recommendation,0.0
north-america,"Jasper County, Indiana",https://en.wikipedia.org/wiki/Jasper_County%2C_Indiana,Seed,0.0
north-america,"Newton County, Indiana",https://en.wikipedia.org/wiki/Newton_County%2C_Indiana,Recommendation,0.0
north-america,"Benton County, Indiana",https://en.wikipedia.org/wiki/Benton_County%2C_Indiana,Recommendation,0.0
north-america,"Rensselaer, Indiana",https://en.wikipedia.org/wiki/Rensselaer%2C_Indiana,Recommendation,0.14
north-america,"Milan, Tennessee",https://en.wikipedia.org/wiki/Milan%2C_Tennessee,Seed,0.0
north-america,"Trenton, Tennessee",https://en.wikipedia.org/wiki/Trenton%2C_Tennessee,Recommendation,0.0
north-america,"Humboldt, Tennessee",https://en.wikipedia.org/wiki/Humboldt%2C_Tennessee,Recommendation,0.14
north-america,"McKenzie, Tennessee",https://en.wikipedia.org/wiki/McKenzie%2C_Tennessee,Recommendation,0.0
north-america,"Craftsbury, Vermont",https://en.wikipedia.org/wiki/Craftsbury%2C_Vermont,Seed,0.0
north-america,Black River (Lake Memphremagog),https://en.wikipedia.org/wiki/Black_River_%28Lake_Memphremagog%29,Recommendation,0.0
north-america,"Orleans County, Vermont",https://en.wikipedia.org/wiki/Orleans_County%2C_Vermont,Recommendation,0.0
north-america,"Albany, Vermont",https://en.wikipedia.org/wiki/Albany%2C_Vermont,Recommendation,0.14
north-america,Interstate 68,https://en.wikipedia.org/wiki/Interstate_68,Seed,0.0
north-america,"U.S. Route 40 Alternate (Keysers Ridge–Cumberland, Maryland)",https://en.wikipedia.org/wiki/U.S._Route_40_Alternate_%28Keysers_Ridge%E2%80%93Cumberland%2C_Maryland%29,Recommendation,0.0
north-america,U.S. Route 40 Scenic,https://en.wikipedia.org/wiki/U.S._Route_40_Scenic,Recommendation,0.0
north-america,U.S. Route 40 in Maryland,https://en.wikipedia.org/wiki/U.S._Route_40_in_Maryland,Recommendation,0.0
north-america,Interstate 205 (Oregon–Washington),https://en.wikipedia.org/wiki/Interstate_205_%28Oregon%E2%80%93Washington%29,Seed,0.29
north-america,Abernethy Bridge,https://en.wikipedia.org/wiki/Abernethy_Bridge,Recommendation,0.0
north-america,Oregon Route 43,https://en.wikipedia.org/wiki/Oregon_Route_43,Recommendation,0.14
north-america,Interstate 5 in Oregon,https://en.wikipedia.org/wiki/Interstate_5_in_Oregon,Recommendation,0.0
north-america,Interstate 90,https://en.wikipedia.org/wiki/Interstate_90,Seed,0.0
north-america,Interstate 90 in New York,https://en.wikipedia.org/wiki/Interstate_90_in_New_York,Recommendation,0.0
north-america,Interstate 95,https://en.wikipedia.org/wiki/Interstate_95,Recommendation,0.29
north-america,New York State Thruway,https://en.wikipedia.org/wiki/New_York_State_Thruway,Recommendation,0.0
north-america,Jean Baptiste Point du Sable,https://en.wikipedia.org/wiki/Jean_Baptiste_Point_du_Sable,Seed,0.0
north-america,Jean Baptiste Point Du Sable Homesite,https://en.wikipedia.org/wiki/Jean_Baptiste_Point_Du_Sable_Homesite,Recommendation,0.0
north-america,Fort Dearborn,https://en.wikipedia.org/wiki/Fort_Dearborn,Recommendation,0.0
north-america,John Kinzie,https://en.wikipedia.org/wiki/John_Kinzie,Recommendation,0.0
north-america,"Hillsboro, Oregon",https://en.wikipedia.org/wiki/Hillsboro%2C_Oregon,Seed,0.0
north-america,"Tanasbourne, Oregon",https://en.wikipedia.org/wiki/Tanasbourne%2C_Oregon,Recommendation,0.0
north-america,Tualatin Valley Fire and Rescue,https://en.wikipedia.org/wiki/Tualatin_Valley_Fire_and_Rescue,Recommendation,0.0
north-america,Washington County Fire District 2,https://en.wikipedia.org/wiki/Washington_County_Fire_District_2,Recommendation,0.0
north-america,"Bethel Heights, Arkansas",https://en.wikipedia.org/wiki/Bethel_Heights%2C_Arkansas,Seed,0.0
north-america,"Springdale, Arkansas",https://en.wikipedia.org/wiki/Springdale%2C_Arkansas,Recommendation,0.0
north-america,"Elm Springs, Arkansas",https://en.wikipedia.org/wiki/Elm_Springs%2C_Arkansas,Recommendation,0.0
north-america,"Goshen, Arkansas",https://en.wikipedia.org/wiki/Goshen%2C_Arkansas,Recommendation,0.0
north-america,"Saukville, Wisconsin",https://en.wikipedia.org/wiki/Saukville%2C_Wisconsin,Seed,0.0
north-america,"Saukville (town), Wisconsin",https://en.wikipedia.org/wiki/Saukville_%28town%29%2C_Wisconsin,Recommendation,0.0
north-america,"Ozaukee County, Wisconsin",https://en.wikipedia.org/wiki/Ozaukee_County%2C_Wisconsin,Recommendation,0.0
north-america,"Grafton (town), Wisconsin",https://en.wikipedia.org/wiki/Grafton_%28town%29%2C_Wisconsin,Recommendation,0.0
north-america,New York State Route 174,https://en.wikipedia.org/wiki/New_York_State_Route_174,Seed,0.0
north-america,New York State Route 175,https://en.wikipedia.org/wiki/New_York_State_Route_175,Recommendation,0.0
north-america,New York State Route 321,https://en.wikipedia.org/wiki/New_York_State_Route_321,Recommendation,0.0
north-america,New York State Route 173,https://en.wikipedia.org/wiki/New_York_State_Route_173,Recommendation,0.0
north-america,James Thompson (surveyor),https://en.wikipedia.org/wiki/James_Thompson_%28surveyor%29,Seed,0.0
north-america,Thomas Jefferson Vance Owen,https://en.wikipedia.org/wiki/Thomas_Jefferson_Vance_Owen,Recommendation,0.0
north-america,Battle of Fort Dearborn,https://en.wikipedia.org/wiki/Battle_of_Fort_Dearborn,Recommendation,0.0
north-america,Chicago River,https://en.wikipedia.org/wiki/Chicago_River,Recommendation,0.14
north-america,"Holdenville, Oklahoma",https://en.wikipedia.org/wiki/Holdenville%2C_Oklahoma,Seed,0.0
north-america,"Hughes County, Oklahoma",https://en.wikipedia.org/wiki/Hughes_County%2C_Oklahoma,Recommendation,0.0
north-america,"Stuart, Oklahoma",https://en.wikipedia.org/wiki/Stuart%2C_Oklahoma,Recommendation,0.14
north-america,"Weleetka, Oklahoma",https://en.wikipedia.org/wiki/Weleetka%2C_Oklahoma,Recommendation,0.0
north-america,"Lock Haven, Pennsylvania",https://en.wikipedia.org/wiki/Lock_Haven%2C_Pennsylvania,Seed,0.14
north-america,West Branch Susquehanna Valley,https://en.wikipedia.org/wiki/West_Branch_Susquehanna_Valley,Recommendation,0.0
north-america,Pennsylvania Canal (West Branch Division),https://en.wikipedia.org/wiki/Pennsylvania_Canal_%28West_Branch_Division%29,Recommendation,0.0
north-america,West Branch Susquehanna River,https://en.wikipedia.org/wiki/West_Branch_Susquehanna_River,Recommendation,0.0
north-america,U.S. Route 101,https://en.wikipedia.org/wiki/U.S._Route_101,Seed,0.0
north-america,U.S. Route 101 in California,https://en.wikipedia.org/wiki/U.S._Route_101_in_California,Recommendation,0.71
north-america,California State Route 1,https://en.wikipedia.org/wiki/California_State_Route_1,Recommendation,0.0
north-america,Interstate 5,https://en.wikipedia.org/wiki/Interstate_5,Recommendation,0.0
north-america,"Jerome, Arizona",https://en.wikipedia.org/wiki/Jerome%2C_Arizona,Seed,0.0
north-america,"Clemenceau, Cottonwood",https://en.wikipedia.org/wiki/Clemenceau%2C_Cottonwood,Recommendation,0.0
north-america,Jerome Historic District,https://en.wikipedia.org/wiki/Jerome_Historic_District,Recommendation,0.0
north-america,"Perkinsville, Arizona",https://en.wikipedia.org/wiki/Perkinsville%2C_Arizona,Recommendation,0.0
north-america,"St. Matthews, Kentucky",https://en.wikipedia.org/wiki/St._Matthews%2C_Kentucky,Seed,0.0
north-america,"Lyndon, Kentucky",https://en.wikipedia.org/wiki/Lyndon%2C_Kentucky,Recommendation,0.0
north-america,"Pewee Valley, Kentucky",https://en.wikipedia.org/wiki/Pewee_Valley%2C_Kentucky,Recommendation,0.0
north-america,"Bellewood, Kentucky",https://en.wikipedia.org/wiki/Bellewood%2C_Kentucky,Recommendation,0.0
north-america,California State Route 78,https://en.wikipedia.org/wiki/California_State_Route_78,Seed,0.0
north-america,California State Route 76,https://en.wikipedia.org/wiki/California_State_Route_76,Recommendation,0.0
north-america,California State Route 79,https://en.wikipedia.org/wiki/California_State_Route_79,Recommendation,0.0
north-america,Interstate 15 in California,https://en.wikipedia.org/wiki/Interstate_15_in_California,Recommendation,0.29
north-america,James Garrard,https://en.wikipedia.org/wiki/James_Garrard,Seed,0.0
north-america,Christopher Greenup,https://en.wikipedia.org/wiki/Christopher_Greenup,Recommendation,0.0
north-america,1800 Kentucky gubernatorial election,https://en.wikipedia.org/wiki/1800_Kentucky_gubernatorial_election,Recommendation,0.0
north-america,1796 Kentucky gubernatorial election,https://en.wikipedia.org/wiki/1796_Kentucky_gubernatorial_election,Recommendation,0.0
north-america,"Shiloh, New Jersey",https://en.wikipedia.org/wiki/Shiloh%2C_New_Jersey,Seed,0.0
north-america,"Stow Creek Township, New Jersey",https://en.wikipedia.org/wiki/Stow_Creek_Township%2C_New_Jersey,Recommendation,0.0
north-america,"Hopewell Township, Cumberland County, New Jersey",https://en.wikipedia.org/wiki/Hopewell_Township%2C_Cumberland_County%2C_New_Jersey,Recommendation,0.0
north-america,Hopewell Township School District,https://en.wikipedia.org/wiki/Hopewell_Township_School_District,Recommendation,0.0
north-america,M-35 (Michigan highway),https://en.wikipedia.org/wiki/M-35_%28Michigan_highway%29,Seed,0.0
north-america,"County Road 510 (Marquette County, Michigan)",https://en.wikipedia.org/wiki/County_Road_510_%28Marquette_County%2C_Michigan%29,Recommendation,0.0
north-america,M-38 (Michigan highway),https://en.wikipedia.org/wiki/M-38_%28Michigan_highway%29,Recommendation,0.0
north-america,M-28 (Michigan highway),https://en.wikipedia.org/wiki/M-28_%28Michigan_highway%29,Recommendation,0.0
north-america,"Ann Arbor, Michigan",https://en.wikipedia.org/wiki/Ann_Arbor%2C_Michigan,Seed,0.14
north-america,"History of Ann Arbor, Michigan",https://en.wikipedia.org/wiki/History_of_Ann_Arbor%2C_Michigan,Recommendation,0.0
north-america,Ann Arbor Area Transportation Authority,https://en.wikipedia.org/wiki/Ann_Arbor_Area_Transportation_Authority,Recommendation,0.0
north-america,"Transportation in Ann Arbor, Michigan",https://en.wikipedia.org/wiki/Transportation_in_Ann_Arbor%2C_Michigan,Recommendation,0.0
north-america,Interstate 8,https://en.wikipedia.org/wiki/Interstate_8,Seed,0.14
north-america,California State Route 52,https://en.wikipedia.org/wiki/California_State_Route_52,Recommendation,0.14
north-america,California State Route 56,https://en.wikipedia.org/wiki/California_State_Route_56,Recommendation,0.0
north-america,U.S. Route 80 in California,https://en.wikipedia.org/wiki/U.S._Route_80_in_California,Recommendation,0.0
north-america,Interstate 82,https://en.wikipedia.org/wiki/Interstate_82,Seed,0.14
north-america,Interstate 182,https://en.wikipedia.org/wiki/Interstate_182,Recommendation,0.14
north-america,Washington State Route 241,https://en.wikipedia.org/wiki/Washington_State_Route_241,Recommendation,0.0
north-america,Washington State Route 240,https://en.wikipedia.org/wiki/Washington_State_Route_240,Recommendation,0.0
north-america,Interstate 96,https://en.wikipedia.org/wiki/Interstate_96,Seed,0.0
north-america,Business routes of Interstate 96,https://en.wikipedia.org/wiki/Business_routes_of_Interstate_96,Recommendation,0.0
north-america,U.S. Route 16 in Michigan,https://en.wikipedia.org/wiki/U.S._Route_16_in_Michigan,Recommendation,0.0
north-america,Interstate 296,https://en.wikipedia.org/wiki/Interstate_296,Recommendation,0.0
north-america,Capitol Loop,https://en.wikipedia.org/wiki/Capitol_Loop,Seed,0.0
north-america,Interstate 496,https://en.wikipedia.org/wiki/Interstate_496,Recommendation,0.0
north-america,M-143 (Michigan highway),https://en.wikipedia.org/wiki/M-143_%28Michigan_highway%29,Recommendation,0.0
north-america,M-99 (Michigan highway),https://en.wikipedia.org/wiki/M-99_%28Michigan_highway%29,Recommendation,0.0
north-america,California State Route 57,https://en.wikipedia.org/wiki/California_State_Route_57,Seed,0.0
north-america,California State Route 133,https://en.wikipedia.org/wiki/California_State_Route_133,Recommendation,0.0
north-america,California State Route 91,https://en.wikipedia.org/wiki/California_State_Route_91,Recommendation,0.0
north-america,Santa Ana Freeway,https://en.wikipedia.org/wiki/Santa_Ana_Freeway,Recommendation,0.0
north-america,"Stephens City, Virginia",https://en.wikipedia.org/wiki/Stephens_City%2C_Virginia,Seed,0.0
north-america,Virginia State Route 277,https://en.wikipedia.org/wiki/Virginia_State_Route_277,Recommendation,0.0
north-america,Newtown–Stephensburg Historic District,https://en.wikipedia.org/wiki/Newtown%E2%80%93Stephensburg_Historic_District,Recommendation,0.0
north-america,"Frederick County, Virginia",https://en.wikipedia.org/wiki/Frederick_County%2C_Virginia,Recommendation,0.0
north-america,California State Route 94,https://en.wikipedia.org/wiki/California_State_Route_94,Seed,0.0
north-america,California State Route 54,https://en.wikipedia.org/wiki/California_State_Route_54,Recommendation,0.0
north-america,California State Route 125,https://en.wikipedia.org/wiki/California_State_Route_125,Recommendation,0.0
north-america,California State Route 163,https://en.wikipedia.org/wiki/California_State_Route_163,Recommendation,0.0
north-america,Fort Vancouver Centennial half dollar,https://en.wikipedia.org/wiki/Fort_Vancouver_Centennial_half_dollar,Seed,0.0
north-america,California Diamond Jubilee half dollar,https://en.wikipedia.org/wiki/California_Diamond_Jubilee_half_dollar,Recommendation,0.0
north-america,Alabama Centennial half dollar,https://en.wikipedia.org/wiki/Alabama_Centennial_half_dollar,Recommendation,0.0
north-america,Missouri Centennial half dollar,https://en.wikipedia.org/wiki/Missouri_Centennial_half_dollar,Recommendation,0.0
north-america,Interstate 196,https://en.wikipedia.org/wiki/Interstate_196,Seed,0.0
north-america,M-21 (Michigan highway),https://en.wikipedia.org/wiki/M-21_%28Michigan_highway%29,Recommendation,0.0
north-america,U.S. Route 31 in Michigan,https://en.wikipedia.org/wiki/U.S._Route_31_in_Michigan,Recommendation,0.0
north-america,A-2 (Michigan county highway),https://en.wikipedia.org/wiki/A-2_%28Michigan_county_highway%29,Recommendation,0.0
north-america,Tumbler Ridge,https://en.wikipedia.org/wiki/Tumbler_Ridge,Seed,0.0
north-america,"Chetwynd, British Columbia",https://en.wikipedia.org/wiki/Chetwynd%2C_British_Columbia,Recommendation,0.0
north-america,BC Rail,https://en.wikipedia.org/wiki/BC_Rail,Recommendation,0.0
north-america,Hart Ranges,https://en.wikipedia.org/wiki/Hart_Ranges,Recommendation,0.0
north-america,Lawrence Wetherby,https://en.wikipedia.org/wiki/Lawrence_Wetherby,Seed,0.0
north-america,Earle Clements,https://en.wikipedia.org/wiki/Earle_Clements,Recommendation,0.0
north-america,Happy Chandler,https://en.wikipedia.org/wiki/Happy_Chandler,Recommendation,0.0
north-america,Bert Combs,https://en.wikipedia.org/wiki/Bert_Combs,Recommendation,0.0
north-america,"Warren County, Indiana",https://en.wikipedia.org/wiki/Warren_County%2C_Indiana,Seed,0.0
north-america,"Washington Township, Warren County, Indiana",https://en.wikipedia.org/wiki/Washington_Township%2C_Warren_County%2C_Indiana,Recommendation,0.0
north-america,"West Lebanon, Indiana",https://en.wikipedia.org/wiki/West_Lebanon%2C_Indiana,Recommendation,0.0
north-america,"Mound Township, Warren County, Indiana",https://en.wikipedia.org/wiki/Mound_Township%2C_Warren_County%2C_Indiana,Recommendation,0.0
north-america,Louie Nunn,https://en.wikipedia.org/wiki/Louie_Nunn,Seed,0.0
north-america,Ned Breathitt,https://en.wikipedia.org/wiki/Ned_Breathitt,Recommendation,0.29
north-america,Wendell Ford,https://en.wikipedia.org/wiki/Wendell_Ford,Recommendation,0.0
north-america,1963 Kentucky gubernatorial election,https://en.wikipedia.org/wiki/1963_Kentucky_gubernatorial_election,Recommendation,0.0
north-america,U.S. Route 8,https://en.wikipedia.org/wiki/U.S._Route_8,Seed,0.0
north-america,Wisconsin Highway 89,https://en.wikipedia.org/wiki/Wisconsin_Highway_89,Recommendation,0.0
north-america,U.S. Route 65 in Minnesota,https://en.wikipedia.org/wiki/U.S._Route_65_in_Minnesota,Recommendation,0.0
north-america,Wisconsin Highway 91,https://en.wikipedia.org/wiki/Wisconsin_Highway_91,Recommendation,0.0
north-america,Interstate 805,https://en.wikipedia.org/wiki/Interstate_805,Seed,0.0
north-america,California State Route 67,https://en.wikipedia.org/wiki/California_State_Route_67,Recommendation,0.0
north-america,California State Route 905,https://en.wikipedia.org/wiki/California_State_Route_905,Recommendation,0.29
north-america,Interstate 5 in California,https://en.wikipedia.org/wiki/Interstate_5_in_California,Recommendation,0.0
north-america,M-6 (Michigan highway),https://en.wikipedia.org/wiki/M-6_%28Michigan_highway%29,Seed,0.0
north-america,U.S. Route 131,https://en.wikipedia.org/wiki/U.S._Route_131,Recommendation,0.0
north-america,Business routes of U.S. Route 131,https://en.wikipedia.org/wiki/Business_routes_of_U.S._Route_131,Recommendation,0.0
north-america,Michigan State Trunkline Highway System,https://en.wikipedia.org/wiki/Michigan_State_Trunkline_Highway_System,Recommendation,0.0
north-america,Willamette River,https://en.wikipedia.org/wiki/Willamette_River,Seed,0.14
north-america,Johnson Creek (Willamette River tributary),https://en.wikipedia.org/wiki/Johnson_Creek_%28Willamette_River_tributary%29,Recommendation,0.0
north-america,Course of the Willamette River,https://en.wikipedia.org/wiki/Course_of_the_Willamette_River,Recommendation,0.0
north-america,Bull Run River (Oregon),https://en.wikipedia.org/wiki/Bull_Run_River_%28Oregon%29,Recommendation,0.0
north-america,John W. Johnston,https://en.wikipedia.org/wiki/John_W._Johnston,Seed,0.0
north-america,John W. Daniel,https://en.wikipedia.org/wiki/John_W._Daniel,Recommendation,0.0
north-america,Harrison H. Riddleberger,https://en.wikipedia.org/wiki/Harrison_H._Riddleberger,Recommendation,0.0
north-america,Thomas S. Martin,https://en.wikipedia.org/wiki/Thomas_S._Martin,Recommendation,0.0
north-america,Interstate 275 (Michigan),https://en.wikipedia.org/wiki/Interstate_275_%28Michigan%29,Seed,0.0
north-america,M-5 (Michigan highway),https://en.wikipedia.org/wiki/M-5_%28Michigan_highway%29,Recommendation,0.0
north-america,M-14 (Michigan highway),https://en.wikipedia.org/wiki/M-14_%28Michigan_highway%29,Recommendation,0.0
north-america,Interstate 696,https://en.wikipedia.org/wiki/Interstate_696,Recommendation,0.0
north-america,Utah State Route 128,https://en.wikipedia.org/wiki/Utah_State_Route_128,Seed,0.0
north-america,Dinosaur Diamond,https://en.wikipedia.org/wiki/Dinosaur_Diamond,Recommendation,0.0
north-america,Utah State Route 279,https://en.wikipedia.org/wiki/Utah_State_Route_279,Recommendation,0.0
north-america,U.S. Route 191 in Utah,https://en.wikipedia.org/wiki/U.S._Route_191_in_Utah,Recommendation,0.0
north-america,"Munsey Park, New York",https://en.wikipedia.org/wiki/Munsey_Park%2C_New_York,Seed,0.0
north-america,"Strathmore, New York",https://en.wikipedia.org/wiki/Strathmore%2C_New_York,Recommendation,0.0
north-america,"Roslyn Estates, New York",https://en.wikipedia.org/wiki/Roslyn_Estates%2C_New_York,Recommendation,0.0
north-america,"Manhasset Hills, New York",https://en.wikipedia.org/wiki/Manhasset_Hills%2C_New_York,Recommendation,0.0
north-america,Trout Creek Mountains,https://en.wikipedia.org/wiki/Trout_Creek_Mountains,Seed,0.0
north-america,Whitehorse Ranch,https://en.wikipedia.org/wiki/Whitehorse_Ranch,Recommendation,0.0
north-america,McDermitt Caldera,https://en.wikipedia.org/wiki/McDermitt_Caldera,Recommendation,0.0
north-america,Pueblo Mountains,https://en.wikipedia.org/wiki/Pueblo_Mountains,Recommendation,0.0
north-america,California State Route 75,https://en.wikipedia.org/wiki/California_State_Route_75,Seed,0.14
north-america,California State Route 282,https://en.wikipedia.org/wiki/California_State_Route_282,Recommendation,0.0
north-america,Silver Strand bikeway,https://en.wikipedia.org/wiki/Silver_Strand_bikeway,Recommendation,0.0
north-america,Silver Strand (San Diego County),https://en.wikipedia.org/wiki/Silver_Strand_%28San_Diego_County%29,Recommendation,0.0
north-america,William Arthur Ganfield,https://en.wikipedia.org/wiki/William_Arthur_Ganfield,Seed,0.0
north-america,Norris Armstrong,https://en.wikipedia.org/wiki/Norris_Armstrong,Recommendation,0.0
north-america,Frederick W. Hinitt,https://en.wikipedia.org/wiki/Frederick_W._Hinitt,Recommendation,0.14
north-america,R. Ames Montgomery,https://en.wikipedia.org/wiki/R._Ames_Montgomery,Recommendation,0.0
north-america,Oregon State Capitol,https://en.wikipedia.org/wiki/Oregon_State_Capitol,Seed,0.0
north-america,Mississippi State Capitol,https://en.wikipedia.org/wiki/Mississippi_State_Capitol,Recommendation,0.0
north-america,Michigan State Capitol,https://en.wikipedia.org/wiki/Michigan_State_Capitol,Recommendation,0.0
north-america,Oklahoma State Capitol,https://en.wikipedia.org/wiki/Oklahoma_State_Capitol,Recommendation,0.0
north-america,Hurricane Isis (1998),https://en.wikipedia.org/wiki/Hurricane_Isis_%281998%29,Seed,0.0
north-america,Hurricane Ismael,https://en.wikipedia.org/wiki/Hurricane_Ismael,Recommendation,0.0
north-america,Hurricane Lester (1992),https://en.wikipedia.org/wiki/Hurricane_Lester_%281992%29,Recommendation,0.0
north-america,Hurricane Ignacio (2003),https://en.wikipedia.org/wiki/Hurricane_Ignacio_%282003%29,Recommendation,0.0
north-america,Indian Head gold pieces,https://en.wikipedia.org/wiki/Indian_Head_gold_pieces,Seed,0.0
north-america,Lincoln cent,https://en.wikipedia.org/wiki/Lincoln_cent,Recommendation,0.0
north-america,Charles E. Barber,https://en.wikipedia.org/wiki/Charles_E._Barber,Recommendation,0.0
north-america,Barber coinage,https://en.wikipedia.org/wiki/Barber_coinage,Recommendation,0.0
north-america,Archdiocese of Seattle,https://en.wikipedia.org/wiki/Archdiocese_of_Seattle,Seed,0.0
north-america,Proto-Cathedral of St. James the Greater,https://en.wikipedia.org/wiki/Proto-Cathedral_of_St._James_the_Greater,Recommendation,0.0
north-america,Thomas Joseph Murphy,https://en.wikipedia.org/wiki/Thomas_Joseph_Murphy,Recommendation,0.0
north-america,George Leo Thomas,https://en.wikipedia.org/wiki/George_Leo_Thomas,Recommendation,0.0
oceania,Canberra,https://en.wikipedia.org/wiki/Canberra,Seed,0.14
oceania,Lake Burley Griffin,https://en.wikipedia.org/wiki/Lake_Burley_Griffin,Recommendation,0.0
oceania,Scrivener Dam,https://en.wikipedia.org/wiki/Scrivener_Dam,Recommendation,0.0
oceania,"Yarralumla, Australian Capital Territory",https://en.wikipedia.org/wiki/Yarralumla%2C_Australian_Capital_Territory,Recommendation,0.71
oceania,Kate Sheppard,https://en.wikipedia.org/wiki/Kate_Sheppard,Seed,0.0
oceania,Lucy Lovell-Smith,https://en.wikipedia.org/wiki/Lucy_Lovell-Smith,Recommendation,0.0
oceania,Women's suffrage in New Zealand,https://en.wikipedia.org/wiki/Women%27s_suffrage_in_New_Zealand,Recommendation,0.29
oceania,Women's Christian Temperance Union New Zealand,https://en.wikipedia.org/wiki/Women%27s_Christian_Temperance_Union_New_Zealand,Recommendation,0.0
oceania,History of the Australian Capital Territory,https://en.wikipedia.org/wiki/History_of_the_Australian_Capital_Territory,Seed,0.0
oceania,Australian Capital Territory,https://en.wikipedia.org/wiki/Australian_Capital_Territory,Recommendation,0.0
oceania,History of Lake Burley Griffin,https://en.wikipedia.org/wiki/History_of_Lake_Burley_Griffin,Recommendation,0.0
oceania,"Albert Hall, Canberra",https://en.wikipedia.org/wiki/Albert_Hall%2C_Canberra,Recommendation,0.0
oceania,"Waterfall Gully, South Australia",https://en.wikipedia.org/wiki/Waterfall_Gully%2C_South_Australia,Seed,0.0
oceania,"Mount Osmond, South Australia",https://en.wikipedia.org/wiki/Mount_Osmond%2C_South_Australia,Recommendation,0.0
oceania,Cleland National Park,https://en.wikipedia.org/wiki/Cleland_National_Park,Recommendation,0.0
oceania,History of the City of Burnside,https://en.wikipedia.org/wiki/History_of_the_City_of_Burnside,Recommendation,0.0
oceania,Clare Stevenson,https://en.wikipedia.org/wiki/Clare_Stevenson,Seed,0.0
oceania,Henry Wrigley,https://en.wikipedia.org/wiki/Henry_Wrigley,Recommendation,0.0
oceania,Women's Auxiliary Australian Air Force,https://en.wikipedia.org/wiki/Women%27s_Auxiliary_Australian_Air_Force,Recommendation,0.0
oceania,Frank Lukis,https://en.wikipedia.org/wiki/Frank_Lukis,Recommendation,0.0
oceania,1999 Sydney hailstorm,https://en.wikipedia.org/wiki/1999_Sydney_hailstorm,Seed,0.0
oceania,1947 Sydney hailstorm,https://en.wikipedia.org/wiki/1947_Sydney_hailstorm,Recommendation,0.0
oceania,Severe storms in Australia,https://en.wikipedia.org/wiki/Severe_storms_in_Australia,Recommendation,0.0
oceania,1992 Queensland storms,https://en.wikipedia.org/wiki/1992_Queensland_storms,Recommendation,0.0
oceania,Charles Heaphy,https://en.wikipedia.org/wiki/Charles_Heaphy,Seed,0.0
oceania,Julius von Haast,https://en.wikipedia.org/wiki/Julius_von_Haast,Recommendation,0.0
oceania,William Wakefield,https://en.wikipedia.org/wiki/William_Wakefield,Recommendation,0.0
oceania,Wairau Affray,https://en.wikipedia.org/wiki/Wairau_Affray,Recommendation,0.0
oceania,Lester Brain,https://en.wikipedia.org/wiki/Lester_Brain,Seed,0.0
oceania,Hudson Fysh,https://en.wikipedia.org/wiki/Hudson_Fysh,Recommendation,0.0
oceania,Trans Australia Airlines,https://en.wikipedia.org/wiki/Trans_Australia_Airlines,Recommendation,0.0
oceania,Aubrey Koch,https://en.wikipedia.org/wiki/Aubrey_Koch,Recommendation,0.0
oceania,Ellis Wackett,https://en.wikipedia.org/wiki/Ellis_Wackett,Seed,0.0
oceania,George Mackinolty,https://en.wikipedia.org/wiki/George_Mackinolty,Recommendation,0.0
oceania,Alister Murdoch,https://en.wikipedia.org/wiki/Alister_Murdoch,Recommendation,0.14
oceania,Frederick Scherger,https://en.wikipedia.org/wiki/Frederick_Scherger,Recommendation,0.29
oceania,Jack Marsh,https://en.wikipedia.org/wiki/Jack_Marsh,Seed,0.0
oceania,Colin Egar,https://en.wikipedia.org/wiki/Colin_Egar,Recommendation,0.0
oceania,Ron Halcombe,https://en.wikipedia.org/wiki/Ron_Halcombe,Recommendation,0.0
oceania,Alan Thomson (cricketer),https://en.wikipedia.org/wiki/Alan_Thomson_%28cricketer%29,Recommendation,0.0
oceania,Joe Warbrick,https://en.wikipedia.org/wiki/Joe_Warbrick,Seed,0.0
oceania,1888–89 New Zealand Native football team,https://en.wikipedia.org/wiki/1888%E2%80%9389_New_Zealand_Native_football_team,Recommendation,0.0
oceania,Tabby Wynyard,https://en.wikipedia.org/wiki/Tabby_Wynyard,Recommendation,0.0
oceania,Fred Warbrick,https://en.wikipedia.org/wiki/Fred_Warbrick,Recommendation,0.0
oceania,Cyril Bassett,https://en.wikipedia.org/wiki/Cyril_Bassett,Seed,0.0
oceania,Royal New Zealand Corps of Signals,https://en.wikipedia.org/wiki/Royal_New_Zealand_Corps_of_Signals,Recommendation,0.0
oceania,Battle of Chunuk Bair,https://en.wikipedia.org/wiki/Battle_of_Chunuk_Bair,Recommendation,0.0
oceania,William George Malone,https://en.wikipedia.org/wiki/William_George_Malone,Recommendation,0.0
oceania,John Francis Jackson,https://en.wikipedia.org/wiki/John_Francis_Jackson,Seed,0.0
oceania,Leslie Douglas Jackson,https://en.wikipedia.org/wiki/Leslie_Douglas_Jackson,Recommendation,0.0
oceania,Peter Turnbull (RAAF officer),https://en.wikipedia.org/wiki/Peter_Turnbull_%28RAAF_officer%29,Recommendation,0.0
oceania,No. 75 Squadron RAAF,https://en.wikipedia.org/wiki/No._75_Squadron_RAAF,Recommendation,0.0
oceania,"Ross, New Zealand",https://en.wikipedia.org/wiki/Ross%2C_New_Zealand,Seed,0.0
oceania,Westland District,https://en.wikipedia.org/wiki/Westland_District,Recommendation,0.0
oceania,Kaniere,https://en.wikipedia.org/wiki/Kaniere,Recommendation,0.0
oceania,"Paroa, West Coast",https://en.wikipedia.org/wiki/Paroa%2C_West_Coast,Recommendation,0.0
oceania,"Chudleigh, Tasmania",https://en.wikipedia.org/wiki/Chudleigh%2C_Tasmania,Seed,0.0
oceania,Mole Creek,https://en.wikipedia.org/wiki/Mole_Creek,Recommendation,0.0
oceania,Caveside,https://en.wikipedia.org/wiki/Caveside,Recommendation,0.0
oceania,Meander Valley Council,https://en.wikipedia.org/wiki/Meander_Valley_Council,Recommendation,0.0
oceania,"Greenhithe, New Zealand",https://en.wikipedia.org/wiki/Greenhithe%2C_New_Zealand,Seed,0.0
oceania,Upper Waitematā Harbour,https://en.wikipedia.org/wiki/Upper_Waitemat%C4%81_Harbour,Recommendation,0.0
oceania,Schnapper Rock,https://en.wikipedia.org/wiki/Schnapper_Rock,Recommendation,0.0
oceania,"North Shore, New Zealand",https://en.wikipedia.org/wiki/North_Shore%2C_New_Zealand,Recommendation,0.14
oceania,Wellsford,https://en.wikipedia.org/wiki/Wellsford,Seed,0.0
oceania,Ātiu Creek Regional Park,https://en.wikipedia.org/wiki/%C4%80tiu_Creek_Regional_Park,Recommendation,0.0
oceania,Te Uri-o-Hau,https://en.wikipedia.org/wiki/Te_Uri-o-Hau,Recommendation,0.0
oceania,Ngāti Whātua o Kaipara,https://en.wikipedia.org/wiki/Ng%C4%81ti_Wh%C4%81tua_o_Kaipara,Recommendation,0.0
oceania,Arthur Dudley Dobson,https://en.wikipedia.org/wiki/Arthur_Dudley_Dobson,Seed,0.0
oceania,Edward Dobson,https://en.wikipedia.org/wiki/Edward_Dobson,Recommendation,0.0
oceania,George Dobson (surveyor),https://en.wikipedia.org/wiki/George_Dobson_%28surveyor%29,Recommendation,0.0
oceania,Arthur's Pass (mountain pass),https://en.wikipedia.org/wiki/Arthur%27s_Pass_%28mountain_pass%29,Recommendation,0.0
oceania,Ben Purser,https://en.wikipedia.org/wiki/Ben_Purser,Seed,0.0
oceania,Mitch Clarke (basketball),https://en.wikipedia.org/wiki/Mitch_Clarke_%28basketball%29,Recommendation,0.0
oceania,Greg Hire,https://en.wikipedia.org/wiki/Greg_Hire,Recommendation,0.0
oceania,Tom Jervis,https://en.wikipedia.org/wiki/Tom_Jervis,Recommendation,0.0
oceania,"Curtis Island, Queensland",https://en.wikipedia.org/wiki/Curtis_Island%2C_Queensland,Seed,0.0
oceania,"Seventeen Seventy, Queensland",https://en.wikipedia.org/wiki/Seventeen_Seventy%2C_Queensland,Recommendation,0.0
oceania,Curtis Island National Park,https://en.wikipedia.org/wiki/Curtis_Island_National_Park,Recommendation,0.0
oceania,Keppel Bay,https://en.wikipedia.org/wiki/Keppel_Bay,Recommendation,0.0
oceania,Keith Johnson (cricket administrator),https://en.wikipedia.org/wiki/Keith_Johnson_%28cricket_administrator%29,Seed,0.0
oceania,Arthur Morris,https://en.wikipedia.org/wiki/Arthur_Morris,Recommendation,0.0
oceania,Cec Pepper,https://en.wikipedia.org/wiki/Cec_Pepper,Recommendation,0.0
oceania,Keith Miller,https://en.wikipedia.org/wiki/Keith_Miller,Recommendation,0.0
oceania,Jack Critchley,https://en.wikipedia.org/wiki/Jack_Critchley,Seed,0.0
oceania,Charles Graham (Western Australian politician),https://en.wikipedia.org/wiki/Charles_Graham_%28Western_Australian_politician%29,Recommendation,0.0
oceania,John Newlands (Australian politician),https://en.wikipedia.org/wiki/John_Newlands_%28Australian_politician%29,Recommendation,0.0
oceania,Leader of the Opposition in the Senate (Australia),https://en.wikipedia.org/wiki/Leader_of_the_Opposition_in_the_Senate_%28Australia%29,Recommendation,0.14
oceania,2021 Samoan constitutional crisis,https://en.wikipedia.org/wiki/2021_Samoan_constitutional_crisis,Seed,0.29
oceania,Leatinuʻu Wayne Soʻoialo,https://en.wikipedia.org/wiki/Leatinu%CA%BBu_Wayne_So%CA%BBoialo,Recommendation,0.0
oceania,Lefau Harry Schuster,https://en.wikipedia.org/wiki/Lefau_Harry_Schuster,Recommendation,0.0
oceania,Leaupepe Toleafoa Faafisi,https://en.wikipedia.org/wiki/Leaupepe_Toleafoa_Faafisi,Recommendation,0.0
oceania,Vance Drummond,https://en.wikipedia.org/wiki/Vance_Drummond,Seed,0.0
oceania,No. 78 Wing RAAF,https://en.wikipedia.org/wiki/No._78_Wing_RAAF,Recommendation,0.0
oceania,Dick Cresswell,https://en.wikipedia.org/wiki/Dick_Cresswell,Recommendation,0.0
oceania,No. 3 Squadron RAAF,https://en.wikipedia.org/wiki/No._3_Squadron_RAAF,Recommendation,0.0
oceania,2009 Air New Zealand Cup,https://en.wikipedia.org/wiki/2009_Air_New_Zealand_Cup,Seed,0.0
oceania,Tasman Rugby Union,https://en.wikipedia.org/wiki/Tasman_Rugby_Union,Recommendation,0.71
oceania,National Provincial Championship (2006–present),https://en.wikipedia.org/wiki/National_Provincial_Championship_%282006%E2%80%93present%29,Recommendation,0.0
oceania,Otago Rugby Football Union,https://en.wikipedia.org/wiki/Otago_Rugby_Football_Union,Recommendation,0.0
oceania,Australia,https://en.wikipedia.org/wiki/Australia,Seed,0.14
oceania,Voting rights of Indigenous Australians,https://en.wikipedia.org/wiki/Voting_rights_of_Indigenous_Australians,Recommendation,0.0
oceania,Suffrage in Australia,https://en.wikipedia.org/wiki/Suffrage_in_Australia,Recommendation,0.0
oceania,Northern Territory,https://en.wikipedia.org/wiki/Northern_Territory,Recommendation,0.43
oceania,Edgar Towner,https://en.wikipedia.org/wiki/Edgar_Towner,Seed,0.0
oceania,Battle of Mont Saint-Quentin,https://en.wikipedia.org/wiki/Battle_of_Mont_Saint-Quentin,Recommendation,0.0
oceania,George Cartwright (soldier),https://en.wikipedia.org/wiki/George_Cartwright_%28soldier%29,Recommendation,0.0
oceania,Robert MacTier,https://en.wikipedia.org/wiki/Robert_MacTier,Recommendation,0.0
oceania,Haane Manahi,https://en.wikipedia.org/wiki/Haane_Manahi,Seed,0.0
oceania,Sgt. Haane,https://en.wikipedia.org/wiki/Sgt._Haane,Recommendation,0.0
oceania,Tearepa Kahi,https://en.wikipedia.org/wiki/Tearepa_Kahi,Recommendation,0.0
oceania,Māori Battalion,https://en.wikipedia.org/wiki/M%C4%81ori_Battalion,Recommendation,0.0
oceania,James Rowland (RAAF officer),https://en.wikipedia.org/wiki/James_Rowland_%28RAAF_officer%29,Seed,0.0
oceania,Charles Read (RAAF officer),https://en.wikipedia.org/wiki/Charles_Read_%28RAAF_officer%29,Recommendation,0.0
oceania,Chief of Air Force (Australia),https://en.wikipedia.org/wiki/Chief_of_Air_Force_%28Australia%29,Recommendation,0.0
oceania,John McCauley,https://en.wikipedia.org/wiki/John_McCauley,Recommendation,0.14
oceania,Air Board (Australia),https://en.wikipedia.org/wiki/Air_Board_%28Australia%29,Seed,0.0
oceania,William Anderson (RAAF officer),https://en.wikipedia.org/wiki/William_Anderson_%28RAAF_officer%29,Recommendation,0.29
oceania,Richard Williams (RAAF officer),https://en.wikipedia.org/wiki/Richard_Williams_%28RAAF_officer%29,Recommendation,0.14
oceania,George Jones (RAAF officer),https://en.wikipedia.org/wiki/George_Jones_%28RAAF_officer%29,Recommendation,0.14
oceania,Powderfinger,https://en.wikipedia.org/wiki/Powderfinger,Seed,0.0
oceania,Bernard Fanning,https://en.wikipedia.org/wiki/Bernard_Fanning,Recommendation,0.0
oceania,Odyssey Number Five,https://en.wikipedia.org/wiki/Odyssey_Number_Five,Recommendation,0.0
oceania,Internationalist (album),https://en.wikipedia.org/wiki/Internationalist_%28album%29,Recommendation,0.0
oceania,Bruce Kingsbury,https://en.wikipedia.org/wiki/Bruce_Kingsbury,Seed,0.0
oceania,2/14th Battalion (Australia),https://en.wikipedia.org/wiki/2/14th_Battalion_%28Australia%29,Recommendation,0.0
oceania,Maroubra Force,https://en.wikipedia.org/wiki/Maroubra_Force,Recommendation,0.0
oceania,Kokoda Track campaign,https://en.wikipedia.org/wiki/Kokoda_Track_campaign,Recommendation,0.0
oceania,Walter Peeler,https://en.wikipedia.org/wiki/Walter_Peeler,Seed,0.0
oceania,2/3rd Machine Gun Battalion (Australia),https://en.wikipedia.org/wiki/2/3rd_Machine_Gun_Battalion_%28Australia%29,Recommendation,0.0
oceania,Frederick Birks,https://en.wikipedia.org/wiki/Frederick_Birks,Recommendation,0.0
oceania,Arthur Blackburn,https://en.wikipedia.org/wiki/Arthur_Blackburn,Recommendation,0.0
oceania,William Hely,https://en.wikipedia.org/wiki/William_Hely,Seed,0.0
oceania,Allan Walters,https://en.wikipedia.org/wiki/Allan_Walters,Recommendation,0.0
oceania,Alan Charlesworth,https://en.wikipedia.org/wiki/Alan_Charlesworth,Recommendation,0.0
oceania,Frank Bladin,https://en.wikipedia.org/wiki/Frank_Bladin,Recommendation,0.0
oceania,William Hardham,https://en.wikipedia.org/wiki/William_Hardham,Seed,0.0
oceania,Arthur Bauchop,https://en.wikipedia.org/wiki/Arthur_Bauchop,Recommendation,0.0
oceania,Charles Guy Powles,https://en.wikipedia.org/wiki/Charles_Guy_Powles,Recommendation,0.0
oceania,John Gethin Hughes,https://en.wikipedia.org/wiki/John_Gethin_Hughes,Recommendation,0.0
oceania,Happy Feet (penguin),https://en.wikipedia.org/wiki/Happy_Feet_%28penguin%29,Seed,0.0
oceania,Coastlands Shopping Centre,https://en.wikipedia.org/wiki/Coastlands_Shopping_Centre,Recommendation,0.0
oceania,Kāpiti Coast District,https://en.wikipedia.org/wiki/K%C4%81piti_Coast_District,Recommendation,0.0
oceania,Wellington Zoo,https://en.wikipedia.org/wiki/Wellington_Zoo,Recommendation,0.14
oceania,Jørgen Jensen (soldier),https://en.wikipedia.org/wiki/J%C3%B8rgen_Jensen_%28soldier%29,Seed,0.0
oceania,50th Battalion (Australia),https://en.wikipedia.org/wiki/50th_Battalion_%28Australia%29,Recommendation,0.0
oceania,Lawrence Weathers,https://en.wikipedia.org/wiki/Lawrence_Weathers,Recommendation,0.0
oceania,Raymond Leane,https://en.wikipedia.org/wiki/Raymond_Leane,Recommendation,0.0
oceania,Bill Denny,https://en.wikipedia.org/wiki/Bill_Denny,Seed,0.0
oceania,Ernest Roberts (Australian politician),https://en.wikipedia.org/wiki/Ernest_Roberts_%28Australian_politician%29,Recommendation,0.0
oceania,Jack Fitzgerald (Australian politician),https://en.wikipedia.org/wiki/Jack_Fitzgerald_%28Australian_politician%29,Recommendation,0.0
oceania,Des Corcoran,https://en.wikipedia.org/wiki/Des_Corcoran,Recommendation,0.0
oceania,Danie Mellor,https://en.wikipedia.org/wiki/Danie_Mellor,Seed,0.0
oceania,Doreen Reid Nakamarra,https://en.wikipedia.org/wiki/Doreen_Reid_Nakamarra,Recommendation,0.0
oceania,Contemporary Indigenous Australian art,https://en.wikipedia.org/wiki/Contemporary_Indigenous_Australian_art,Recommendation,0.0
oceania,Maringka Baker,https://en.wikipedia.org/wiki/Maringka_Baker,Recommendation,0.0
oceania,John Treloar (museum administrator),https://en.wikipedia.org/wiki/John_Treloar_%28museum_administrator%29,Seed,0.0
oceania,Charles Bean,https://en.wikipedia.org/wiki/Charles_Bean,Recommendation,0.0
oceania,Australian War Memorial,https://en.wikipedia.org/wiki/Australian_War_Memorial,Recommendation,0.0
oceania,Leonard Siffleet,https://en.wikipedia.org/wiki/Leonard_Siffleet,Recommendation,0.0
oceania,Steve Dodd,https://en.wikipedia.org/wiki/Steve_Dodd,Seed,0.0
oceania,Bitter Springs (film),https://en.wikipedia.org/wiki/Bitter_Springs_%28film%29,Recommendation,0.0
oceania,Robert Tudawali,https://en.wikipedia.org/wiki/Robert_Tudawali,Recommendation,0.0
oceania,Bob Maza,https://en.wikipedia.org/wiki/Bob_Maza,Recommendation,0.0
oceania,Finger Wharf,https://en.wikipedia.org/wiki/Finger_Wharf,Seed,0.0
oceania,Walsh Bay Wharves Precinct,https://en.wikipedia.org/wiki/Walsh_Bay_Wharves_Precinct,Recommendation,0.14
oceania,Woolloomooloo,https://en.wikipedia.org/wiki/Woolloomooloo,Recommendation,0.0
oceania,Cairns Wharf Complex,https://en.wikipedia.org/wiki/Cairns_Wharf_Complex,Recommendation,0.0
oceania,Les Holden,https://en.wikipedia.org/wiki/Les_Holden,Seed,0.0
oceania,Roy Phillipps,https://en.wikipedia.org/wiki/Roy_Phillipps,Recommendation,0.0
oceania,Elwyn Roy King,https://en.wikipedia.org/wiki/Elwyn_Roy_King,Recommendation,0.0
oceania,Garnet Malley,https://en.wikipedia.org/wiki/Garnet_Malley,Recommendation,0.0
oceania,Reg Saunders,https://en.wikipedia.org/wiki/Reg_Saunders,Seed,0.0
oceania,Reg Pollard (general),https://en.wikipedia.org/wiki/Reg_Pollard_%28general%29,Recommendation,0.0
oceania,Battle of 42nd Street,https://en.wikipedia.org/wiki/Battle_of_42nd_Street,Recommendation,0.0
oceania,Reg Rattey,https://en.wikipedia.org/wiki/Reg_Rattey,Recommendation,0.0
oceania,Alfred Shout,https://en.wikipedia.org/wiki/Alfred_Shout,Seed,0.0
oceania,Frederick Tubb,https://en.wikipedia.org/wiki/Frederick_Tubb,Recommendation,0.0
oceania,Albert Jacka,https://en.wikipedia.org/wiki/Albert_Jacka,Recommendation,0.0
oceania,Battle for Baby 700,https://en.wikipedia.org/wiki/Battle_for_Baby_700,Recommendation,0.0
oceania,Destiny Deacon,https://en.wikipedia.org/wiki/Destiny_Deacon,Seed,0.0
oceania,Natalie King,https://en.wikipedia.org/wiki/Natalie_King,Recommendation,0.0
oceania,Virginia Fraser (artist),https://en.wikipedia.org/wiki/Virginia_Fraser_%28artist%29,Recommendation,0.0
oceania,Maree Clarke,https://en.wikipedia.org/wiki/Maree_Clarke,Recommendation,0.0
oceania,Stanley Goble,https://en.wikipedia.org/wiki/Stanley_Goble,Seed,0.29
oceania,Ivor McIntyre,https://en.wikipedia.org/wiki/Ivor_McIntyre,Recommendation,0.0
oceania,Hippolyte De La Rue,https://en.wikipedia.org/wiki/Hippolyte_De_La_Rue,Recommendation,0.0
oceania,William Bostock,https://en.wikipedia.org/wiki/William_Bostock,Recommendation,0.0
oceania,Bill Kibby,https://en.wikipedia.org/wiki/Bill_Kibby,Seed,0.0
oceania,Tom Derrick,https://en.wikipedia.org/wiki/Tom_Derrick,Recommendation,0.0
oceania,2/48th Battalion (Australia),https://en.wikipedia.org/wiki/2/48th_Battalion_%28Australia%29,Recommendation,0.0
oceania,Percy Gratwick,https://en.wikipedia.org/wiki/Percy_Gratwick,Recommendation,0.0
oceania,Brian Booth,https://en.wikipedia.org/wiki/Brian_Booth,Seed,0.0
oceania,Bob Simpson (cricketer),https://en.wikipedia.org/wiki/Bob_Simpson_%28cricketer%29,Recommendation,0.0
oceania,Ian Craig,https://en.wikipedia.org/wiki/Ian_Craig,Recommendation,0.0
oceania,Charlie Macartney,https://en.wikipedia.org/wiki/Charlie_Macartney,Recommendation,0.0
oceania,Waikato District,https://en.wikipedia.org/wiki/Waikato_District,Seed,0.0
oceania,Waipā District,https://en.wikipedia.org/wiki/Waip%C4%81_District,Recommendation,0.0
oceania,"Cambridge, New Zealand",https://en.wikipedia.org/wiki/Cambridge%2C_New_Zealand,Recommendation,0.0
oceania,Thames-Coromandel District,https://en.wikipedia.org/wiki/Thames-Coromandel_District,Recommendation,0.0
south-america,History of Ceará,https://en.wikipedia.org/wiki/History_of_Cear%C3%A1,Seed,0.0
south-america,Caldeirão de Santa Cruz do Deserto,https://en.wikipedia.org/wiki/Caldeir%C3%A3o_de_Santa_Cruz_do_Deserto,Recommendation,0.0
south-america,Juazeiro Sedition,https://en.wikipedia.org/wiki/Juazeiro_Sedition,Recommendation,0.0
south-america,Padre Cícero,https://en.wikipedia.org/wiki/Padre_C%C3%ADcero,Recommendation,0.0
south-america,José Luís Mena Barreto,https://en.wikipedia.org/wiki/Jos%C3%A9_Lu%C3%ADs_Mena_Barreto,Seed,0.0
south-america,Siege of Paysandú,https://en.wikipedia.org/wiki/Siege_of_Paysand%C3%BA,Recommendation,0.0
south-america,"Manuel Luís Osório, Marquis of Erval",https://en.wikipedia.org/wiki/Manuel_Lu%C3%ADs_Os%C3%B3rio%2C_Marquis_of_Erval,Recommendation,0.0
south-america,João de Deus Mena Barreto,https://en.wikipedia.org/wiki/Jo%C3%A3o_de_Deus_Mena_Barreto,Recommendation,0.14
south-america,Battle of Tocarema,https://en.wikipedia.org/wiki/Battle_of_Tocarema,Seed,0.0
south-america,Juan de Céspedes Ruiz,https://en.wikipedia.org/wiki/Juan_de_C%C3%A9spedes_Ruiz,Recommendation,0.0
south-america,Juan de Sanct Martín,https://en.wikipedia.org/wiki/Juan_de_Sanct_Mart%C3%ADn,Recommendation,0.0
south-america,Hernán Venegas Carrillo,https://en.wikipedia.org/wiki/Hern%C3%A1n_Venegas_Carrillo,Recommendation,0.0
south-america,Uruguayan War,https://en.wikipedia.org/wiki/Uruguayan_War,Seed,0.14
south-america,Siege of Salto,https://en.wikipedia.org/wiki/Siege_of_Salto,Recommendation,0.0
south-america,Brazilian frigate Amazonas,https://en.wikipedia.org/wiki/Brazilian_frigate_Amazonas,Recommendation,0.0
south-america,Paraguayan War,https://en.wikipedia.org/wiki/Paraguayan_War,Recommendation,0.29
south-america,Taiobeiras,https://en.wikipedia.org/wiki/Taiobeiras,Seed,0.14
south-america,Rio Espera,https://en.wikipedia.org/wiki/Rio_Espera,Recommendation,0.14
south-america,"Mercês, Minas Gerais",https://en.wikipedia.org/wiki/Merc%C3%AAs%2C_Minas_Gerais,Recommendation,0.14
south-america,União de Minas,https://en.wikipedia.org/wiki/Uni%C3%A3o_de_Minas,Recommendation,0.14
south-america,"Honório Hermeto Carneiro Leão, Marquis of Paraná",https://en.wikipedia.org/wiki/Hon%C3%B3rio_Hermeto_Carneiro_Le%C3%A3o%2C_Marquis_of_Paran%C3%A1,Seed,0.0
south-america,Liberal rebellions of 1842,https://en.wikipedia.org/wiki/Liberal_rebellions_of_1842,Recommendation,0.0
south-america,"Pedro Afonso, Prince Imperial of Brazil",https://en.wikipedia.org/wiki/Pedro_Afonso%2C_Prince_Imperial_of_Brazil,Recommendation,0.0
south-america,Princess Paula of Brazil,https://en.wikipedia.org/wiki/Princess_Paula_of_Brazil,Recommendation,0.0
south-america,Juan Manuel de Rosas,https://en.wikipedia.org/wiki/Juan_Manuel_de_Rosas,Seed,0.0
south-america,Argentine Confederation,https://en.wikipedia.org/wiki/Argentine_Confederation,Recommendation,0.0
south-america,Federalist Party (Argentina),https://en.wikipedia.org/wiki/Federalist_Party_%28Argentina%29,Recommendation,0.0
south-america,Unitarian Party,https://en.wikipedia.org/wiki/Unitarian_Party,Recommendation,0.0
south-america,Doce River,https://en.wikipedia.org/wiki/Doce_River,Seed,0.0
south-america,Doce River Basin,https://en.wikipedia.org/wiki/Doce_River_Basin,Recommendation,0.0
south-america,1979 Brazil floods,https://en.wikipedia.org/wiki/1979_Brazil_floods,Recommendation,0.14
south-america,"Governador Valadares, Minas Gerais",https://en.wikipedia.org/wiki/Governador_Valadares%2C_Minas_Gerais,Recommendation,0.0
south-america,Curiúva,https://en.wikipedia.org/wiki/Curi%C3%BAva,Seed,0.0
south-america,Caratinga,https://en.wikipedia.org/wiki/Caratinga,Recommendation,0.14
south-america,São João do Triunfo,https://en.wikipedia.org/wiki/S%C3%A3o_Jo%C3%A3o_do_Triunfo,Recommendation,0.0
south-america,Carambeí,https://en.wikipedia.org/wiki/Carambe%C3%AD,Recommendation,0.14
south-america,"Luís Alves de Lima e Silva, Duke of Caxias",https://en.wikipedia.org/wiki/Lu%C3%ADs_Alves_de_Lima_e_Silva%2C_Duke_of_Caxias,Seed,0.14
south-america,Pedro II of Brazil,https://en.wikipedia.org/wiki/Pedro_II_of_Brazil,Recommendation,0.0
south-america,Military of the Empire of Brazil,https://en.wikipedia.org/wiki/Military_of_the_Empire_of_Brazil,Recommendation,0.0
south-america,Pedro II of Brazil in the Paraguayan War,https://en.wikipedia.org/wiki/Pedro_II_of_Brazil_in_the_Paraguayan_War,Recommendation,0.0
south-america,History of the Empire of Brazil,https://en.wikipedia.org/wiki/History_of_the_Empire_of_Brazil,Seed,0.0
south-america,Empire of Brazil,https://en.wikipedia.org/wiki/Empire_of_Brazil,Recommendation,0.86
south-america,Early life of Pedro II of Brazil,https://en.wikipedia.org/wiki/Early_life_of_Pedro_II_of_Brazil,Recommendation,0.0
south-america,Praieira revolt,https://en.wikipedia.org/wiki/Praieira_revolt,Recommendation,0.0
south-america,French invasions of Brazil,https://en.wikipedia.org/wiki/French_invasions_of_Brazil,Seed,0.0
south-america,Captaincy of Rio Grande,https://en.wikipedia.org/wiki/Captaincy_of_Rio_Grande,Recommendation,0.0
south-america,Captaincy of Rio de Janeiro,https://en.wikipedia.org/wiki/Captaincy_of_Rio_de_Janeiro,Recommendation,0.0
south-america,Captaincy of Paraíba,https://en.wikipedia.org/wiki/Captaincy_of_Para%C3%ADba,Recommendation,0.0
south-america,Alfredo Baquerizo,https://en.wikipedia.org/wiki/Alfredo_Baquerizo,Seed,0.0
south-america,Liberal Era (Ecuador),https://en.wikipedia.org/wiki/Liberal_Era_%28Ecuador%29,Recommendation,0.0
south-america,Alberto Guerrero Martínez,https://en.wikipedia.org/wiki/Alberto_Guerrero_Mart%C3%ADnez,Recommendation,0.0
south-america,Francisco Robles,https://en.wikipedia.org/wiki/Francisco_Robles,Recommendation,0.0
south-america,"Manuel Marques de Sousa, Count of Porto Alegre",https://en.wikipedia.org/wiki/Manuel_Marques_de_Sousa%2C_Count_of_Porto_Alegre,Seed,0.0
south-america,Recapture of Porto Alegre,https://en.wikipedia.org/wiki/Recapture_of_Porto_Alegre,Recommendation,0.0
south-america,Antônio Rodrigues Fernandes Braga,https://en.wikipedia.org/wiki/Ant%C3%B4nio_Rodrigues_Fernandes_Braga,Recommendation,0.0
south-america,Fernando Machado (colonel),https://en.wikipedia.org/wiki/Fernando_Machado_%28colonel%29,Recommendation,0.0
south-america,"José Paranhos, Viscount of Rio Branco",https://en.wikipedia.org/wiki/Jos%C3%A9_Paranhos%2C_Viscount_of_Rio_Branco,Seed,0.0
south-america,Growth of Pedro II of Brazil,https://en.wikipedia.org/wiki/Growth_of_Pedro_II_of_Brazil,Recommendation,0.0
south-america,Decline and fall of Pedro II of Brazil,https://en.wikipedia.org/wiki/Decline_and_fall_of_Pedro_II_of_Brazil,Recommendation,0.0
south-america,Platine War,https://en.wikipedia.org/wiki/Platine_War,Recommendation,0.14
south-america,2017 Venezuelan regional elections,https://en.wikipedia.org/wiki/2017_Venezuelan_regional_elections,Seed,0.14
south-america,2017 Venezuelan municipal elections,https://en.wikipedia.org/wiki/2017_Venezuelan_municipal_elections,Recommendation,0.0
south-america,2018 Venezuelan presidential election,https://en.wikipedia.org/wiki/2018_Venezuelan_presidential_election,Recommendation,0.14
south-america,National Electoral Council (Venezuela),https://en.wikipedia.org/wiki/National_Electoral_Council_%28Venezuela%29,Recommendation,0.0
south-america,Netinho de Paula,https://en.wikipedia.org/wiki/Netinho_de_Paula,Seed,0.0
south-america,Negritude Júnior,https://en.wikipedia.org/wiki/Negritude_J%C3%BAnior,Recommendation,0.0
south-america,Salgadinho (singer),https://en.wikipedia.org/wiki/Salgadinho_%28singer%29,Recommendation,0.0
south-america,Ney Gonçalves Dias,https://en.wikipedia.org/wiki/Ney_Gon%C3%A7alves_Dias,Recommendation,0.0
south-america,Kichwa-Lamista people,https://en.wikipedia.org/wiki/Kichwa-Lamista_people,Seed,0.0
south-america,Lamas Quechua,https://en.wikipedia.org/wiki/Lamas_Quechua,Recommendation,0.0
south-america,Lowland Peruvian Quechua,https://en.wikipedia.org/wiki/Lowland_Peruvian_Quechua,Recommendation,0.0
south-america,Quechua people,https://en.wikipedia.org/wiki/Quechua_people,Recommendation,0.29
south-america,2017 Paraguayan crisis,https://en.wikipedia.org/wiki/2017_Paraguayan_crisis,Seed,0.0
south-america,Carlos Filizzola,https://en.wikipedia.org/wiki/Carlos_Filizzola,Recommendation,0.0
south-america,Efraín Alegre,https://en.wikipedia.org/wiki/Efra%C3%ADn_Alegre,Recommendation,0.0
south-america,Fernando Lugo,https://en.wikipedia.org/wiki/Fernando_Lugo,Recommendation,0.0
south-america,2024 Chilean wildfires,https://en.wikipedia.org/wiki/2024_Chilean_wildfires,Seed,0.0
south-america,Great Fire of Valparaíso,https://en.wikipedia.org/wiki/Great_Fire_of_Valpara%C3%ADso,Recommendation,0.0
south-america,2024 South American wildfires,https://en.wikipedia.org/wiki/2024_South_American_wildfires,Recommendation,0.0
south-america,2023 Chile wildfires,https://en.wikipedia.org/wiki/2023_Chile_wildfires,Recommendation,0.0
south-america,Franklin Flores,https://en.wikipedia.org/wiki/Franklin_Flores,Seed,0.0
south-america,2021 La Paz gubernatorial election,https://en.wikipedia.org/wiki/2021_La_Paz_gubernatorial_election,Recommendation,0.0
south-america,Santos Quispe,https://en.wikipedia.org/wiki/Santos_Quispe,Recommendation,0.0
south-america,Wilson Santamaría,https://en.wikipedia.org/wiki/Wilson_Santamar%C3%ADa,Recommendation,0.0
south-america,"Joaquim José Inácio, Viscount of Inhaúma",https://en.wikipedia.org/wiki/Joaquim_Jos%C3%A9_In%C3%A1cio%2C_Viscount_of_Inha%C3%BAma,Seed,0.0
south-america,Passage of Humaitá,https://en.wikipedia.org/wiki/Passage_of_Humait%C3%A1,Recommendation,0.0
south-america,"Artur Silveira da Mota, Baron of Jaceguai",https://en.wikipedia.org/wiki/Artur_Silveira_da_Mota%2C_Baron_of_Jaceguai,Recommendation,0.0
south-america,Antônio Carlos de Mariz e Barros,https://en.wikipedia.org/wiki/Ant%C3%B4nio_Carlos_de_Mariz_e_Barros,Recommendation,0.0
south-america,José María Linares,https://en.wikipedia.org/wiki/Jos%C3%A9_Mar%C3%ADa_Linares,Seed,0.14
south-america,Jorge Córdova,https://en.wikipedia.org/wiki/Jorge_C%C3%B3rdova,Recommendation,0.0
south-america,Manuel Isidoro Belzu,https://en.wikipedia.org/wiki/Manuel_Isidoro_Belzu,Recommendation,0.0
south-america,Quintín Quevedo,https://en.wikipedia.org/wiki/Quint%C3%ADn_Quevedo,Recommendation,0.0
south-america,Presidency of Alberto Fernández,https://en.wikipedia.org/wiki/Presidency_of_Alberto_Fern%C3%A1ndez,Seed,0.0
south-america,Alberto Fernández,https://en.wikipedia.org/wiki/Alberto_Fern%C3%A1ndez,Recommendation,0.0
south-america,Inauguration of Alberto Fernández,https://en.wikipedia.org/wiki/Inauguration_of_Alberto_Fern%C3%A1ndez,Recommendation,0.0
south-america,Frente de Todos,https://en.wikipedia.org/wiki/Frente_de_Todos,Recommendation,0.0
south-america,Second inauguration of Nicolás Maduro,https://en.wikipedia.org/wiki/Second_inauguration_of_Nicol%C3%A1s_Maduro,Seed,0.0
south-america,Timeline of the 2019 Venezuelan protests,https://en.wikipedia.org/wiki/Timeline_of_the_2019_Venezuelan_protests,Recommendation,0.0
south-america,2020 Venezuelan National Assembly Delegated Committee election,https://en.wikipedia.org/wiki/2020_Venezuelan_National_Assembly_Delegated_Committee_election,Recommendation,0.0
south-america,Juan Guaidó,https://en.wikipedia.org/wiki/Juan_Guaid%C3%B3,Recommendation,0.0
south-america,2010 Venezuelan parliamentary election,https://en.wikipedia.org/wiki/2010_Venezuelan_parliamentary_election,Seed,0.0
south-america,Democratic Unity Roundtable,https://en.wikipedia.org/wiki/Democratic_Unity_Roundtable,Recommendation,0.0
south-america,2021 Venezuelan regional elections,https://en.wikipedia.org/wiki/2021_Venezuelan_regional_elections,Recommendation,0.0
south-america,2015 Venezuelan parliamentary election,https://en.wikipedia.org/wiki/2015_Venezuelan_parliamentary_election,Recommendation,0.0
south-america,Jorge Arrate,https://en.wikipedia.org/wiki/Jorge_Arrate,Seed,0.14
south-america,2009–10 Chilean general election,https://en.wikipedia.org/wiki/2009%E2%80%9310_Chilean_general_election,Recommendation,0.0
south-america,Roberto Pizarro Hofer,https://en.wikipedia.org/wiki/Roberto_Pizarro_Hofer,Recommendation,0.0
south-america,Edmundo Pérez Yoma,https://en.wikipedia.org/wiki/Edmundo_P%C3%A9rez_Yoma,Recommendation,0.0
south-america,Local Committees for Supply and Production,https://en.wikipedia.org/wiki/Local_Committees_for_Supply_and_Production,Seed,0.0
south-america,Armando.Info,https://en.wikipedia.org/wiki/Armando.Info,Recommendation,0.0
south-america,Alex Saab,https://en.wikipedia.org/wiki/Alex_Saab,Recommendation,0.0
south-america,Operación Alacrán,https://en.wikipedia.org/wiki/Operaci%C3%B3n_Alacr%C3%A1n,Recommendation,0.0
south-america,"Marquetalia, Caldas",https://en.wikipedia.org/wiki/Marquetalia%2C_Caldas,Seed,0.0
south-america,Angelópolis,https://en.wikipedia.org/wiki/Angel%C3%B3polis,Recommendation,0.14
south-america,Mariquita Province,https://en.wikipedia.org/wiki/Mariquita_Province,Recommendation,0.0
south-america,Sonsón,https://en.wikipedia.org/wiki/Sons%C3%B3n,Recommendation,0.0
south-america,1982 British Army Gazelle friendly fire incident,https://en.wikipedia.org/wiki/1982_British_Army_Gazelle_friendly_fire_incident,Seed,0.0
south-america,HMS Cardiff (D108),https://en.wikipedia.org/wiki/HMS_Cardiff_%28D108%29,Recommendation,0.0
south-america,Falklands War order of battle: British air forces,https://en.wikipedia.org/wiki/Falklands_War_order_of_battle%3A_British_air_forces,Recommendation,0.0
south-america,Battle of San Carlos (1982),https://en.wikipedia.org/wiki/Battle_of_San_Carlos_%281982%29,Recommendation,0.0
south-america,Brazilian Army Aviation,https://en.wikipedia.org/wiki/Brazilian_Army_Aviation,Seed,0.0
south-america,12th Light Infantry Brigade (Airmobile),https://en.wikipedia.org/wiki/12th_Light_Infantry_Brigade_%28Airmobile%29,Recommendation,0.0
south-america,Southeastern Military Command (Brazil),https://en.wikipedia.org/wiki/Southeastern_Military_Command_%28Brazil%29,Recommendation,0.0
south-america,Brazilian Army Aviation (1919–1941),https://en.wikipedia.org/wiki/Brazilian_Army_Aviation_%281919%E2%80%931941%29,Recommendation,0.0
south-america,Minas Geraes-class battleship,https://en.wikipedia.org/wiki/Minas_Geraes-class_battleship,Seed,0.0
south-america,Revolt of the Lash,https://en.wikipedia.org/wiki/Revolt_of_the_Lash,Recommendation,0.0
south-america,Brazilian coastal defense ship Deodoro,https://en.wikipedia.org/wiki/Brazilian_coastal_defense_ship_Deodoro,Recommendation,0.0
south-america,Brazilian cruiser Rio Grande do Sul,https://en.wikipedia.org/wiki/Brazilian_cruiser_Rio_Grande_do_Sul,Recommendation,0.0
south-america,Teresa Cristina of the Two Sicilies,https://en.wikipedia.org/wiki/Teresa_Cristina_of_the_Two_Sicilies,Seed,0.0
south-america,"Afonso, Prince Imperial of Brazil",https://en.wikipedia.org/wiki/Afonso%2C_Prince_Imperial_of_Brazil,Recommendation,0.0
south-america,Consolidation of Pedro II of Brazil,https://en.wikipedia.org/wiki/Consolidation_of_Pedro_II_of_Brazil,Recommendation,0.0
south-america,"Isabel, Princess Imperial of Brazil",https://en.wikipedia.org/wiki/Isabel%2C_Princess_Imperial_of_Brazil,Recommendation,0.0
south-america,La Mojana,https://en.wikipedia.org/wiki/La_Mojana,Seed,0.0
south-america,Freshwater biology,https://en.wikipedia.org/wiki/Freshwater_biology,Recommendation,0.0
south-america,Water resources management in El Salvador,https://en.wikipedia.org/wiki/Water_resources_management_in_El_Salvador,Recommendation,0.0
south-america,Environmental issues in Bangladesh,https://en.wikipedia.org/wiki/Environmental_issues_in_Bangladesh,Recommendation,0.0
south-america,The Year My Parents Went on Vacation,https://en.wikipedia.org/wiki/The_Year_My_Parents_Went_on_Vacation,Seed,0.0
south-america,Paulo Autran,https://en.wikipedia.org/wiki/Paulo_Autran,Recommendation,0.0
south-america,Adriano Goldman,https://en.wikipedia.org/wiki/Adriano_Goldman,Recommendation,0.0
south-america,Olga (2004 film),https://en.wikipedia.org/wiki/Olga_%282004_film%29,Recommendation,0.0
south-america,André Bahia,https://en.wikipedia.org/wiki/Andr%C3%A9_Bahia,Seed,0.0
south-america,Léo Ceará,https://en.wikipedia.org/wiki/L%C3%A9o_Cear%C3%A1,Recommendation,0.0
south-america,"Jean Lucas (footballer, born 1998)",https://en.wikipedia.org/wiki/Jean_Lucas_%28footballer%2C_born_1998%29,Recommendation,0.0
south-america,Gen Shoji,https://en.wikipedia.org/wiki/Gen_Shoji,Recommendation,0.0
south-america,May Revolution,https://en.wikipedia.org/wiki/May_Revolution,Seed,0.0
south-america,Cornelio Saavedra,https://en.wikipedia.org/wiki/Cornelio_Saavedra,Recommendation,0.0
south-america,Juan José Castelli,https://en.wikipedia.org/wiki/Juan_Jos%C3%A9_Castelli,Recommendation,0.0
south-america,Baltasar Hidalgo de Cisneros,https://en.wikipedia.org/wiki/Baltasar_Hidalgo_de_Cisneros,Recommendation,0.0
south-america,Comodoro Rivadavia Railway,https://en.wikipedia.org/wiki/Comodoro_Rivadavia_Railway,Seed,0.0
south-america,Ferrocarriles Patagónicos,https://en.wikipedia.org/wiki/Ferrocarriles_Patag%C3%B3nicos,Recommendation,0.0
south-america,Puerto Deseado Railway,https://en.wikipedia.org/wiki/Puerto_Deseado_Railway,Recommendation,0.0
south-america,Central Chubut Railway,https://en.wikipedia.org/wiki/Central_Chubut_Railway,Recommendation,0.0
south-america,Brazilian battleship São Paulo,https://en.wikipedia.org/wiki/Brazilian_battleship_S%C3%A3o_Paulo,Seed,0.0
south-america,João Cândido,https://en.wikipedia.org/wiki/Jo%C3%A3o_C%C3%A2ndido,Recommendation,0.0
south-america,Brazilian battleship Riachuelo (1914),https://en.wikipedia.org/wiki/Brazilian_battleship_Riachuelo_%281914%29,Recommendation,0.0
south-america,HMS Agincourt (1913),https://en.wikipedia.org/wiki/HMS_Agincourt_%281913%29,Recommendation,0.14
south-america,Amelia Bence,https://en.wikipedia.org/wiki/Amelia_Bence,Seed,0.0
south-america,Multiteatro,https://en.wikipedia.org/wiki/Multiteatro,Recommendation,0.0
south-america,Paulina Singerman,https://en.wikipedia.org/wiki/Paulina_Singerman,Recommendation,0.0
south-america,Amanda Varela,https://en.wikipedia.org/wiki/Amanda_Varela,Recommendation,0.0
south-america,Vindication Island,https://en.wikipedia.org/wiki/Vindication_Island,Seed,0.0
south-america,Visokoi Island,https://en.wikipedia.org/wiki/Visokoi_Island,Recommendation,0.0
south-america,Leskov Island,https://en.wikipedia.org/wiki/Leskov_Island,Recommendation,0.0
south-america,Bristol Island,https://en.wikipedia.org/wiki/Bristol_Island,Recommendation,0.0
south-america,The Revolution Will Not Be Televised (film),https://en.wikipedia.org/wiki/The_Revolution_Will_Not_Be_Televised_%28film%29,Seed,0.14
south-america,X-Ray of a Lie,https://en.wikipedia.org/wiki/X-Ray_of_a_Lie,Recommendation,0.0
south-america,Puente Llaguno: Claves de una Masacre,https://en.wikipedia.org/wiki/Puente_Llaguno%3A_Claves_de_una_Masacre,Recommendation,0.0
south-america,2002 Venezuelan coup attempt,https://en.wikipedia.org/wiki/2002_Venezuelan_coup_attempt,Recommendation,0.0
south-america,Salar del Huasco,https://en.wikipedia.org/wiki/Salar_del_Huasco,Seed,0.0
south-america,Salar de Pedernales,https://en.wikipedia.org/wiki/Salar_de_Pedernales,Recommendation,0.0
south-america,Cristina Dorador,https://en.wikipedia.org/wiki/Cristina_Dorador,Recommendation,0.0
south-america,Lake Tauca,https://en.wikipedia.org/wiki/Lake_Tauca,Recommendation,0.14
south-america,Peruvian retablo,https://en.wikipedia.org/wiki/Peruvian_retablo,Seed,0.0
south-america,Nicario Jiménez Quispe,https://en.wikipedia.org/wiki/Nicario_Jim%C3%A9nez_Quispe,Recommendation,0.0
south-america,Julián Pérez Huarancca,https://en.wikipedia.org/wiki/Juli%C3%A1n_P%C3%A9rez_Huarancca,Recommendation,0.0
south-america,Luis A. Eguiguren,https://en.wikipedia.org/wiki/Luis_A._Eguiguren,Recommendation,0.0
south-america,Pikysyry campaign,https://en.wikipedia.org/wiki/Pikysyry_campaign,Seed,0.14
south-america,Battle of Avay,https://en.wikipedia.org/wiki/Battle_of_Avay,Recommendation,0.0
south-america,Battle of Ybytimí,https://en.wikipedia.org/wiki/Battle_of_Ybytim%C3%AD,Recommendation,0.0
south-america,Humaitá campaign,https://en.wikipedia.org/wiki/Humait%C3%A1_campaign,Recommendation,0.29
south-america,2024 United Nations Biodiversity Conference,https://en.wikipedia.org/wiki/2024_United_Nations_Biodiversity_Conference,Seed,0.0
south-america,Susana Muhamad,https://en.wikipedia.org/wiki/Susana_Muhamad,Recommendation,0.43
south-america,Cali Fund,https://en.wikipedia.org/wiki/Cali_Fund,Recommendation,0.0
south-america,Kunming-Montreal Global Biodiversity Framework,https://en.wikipedia.org/wiki/Kunming-Montreal_Global_Biodiversity_Framework,Recommendation,0.0
south-america,Jaguar,https://en.wikipedia.org/wiki/Jaguar,Seed,0.29
south-america,Pantherinae,https://en.wikipedia.org/wiki/Pantherinae,Recommendation,0.0
south-america,Panthera,https://en.wikipedia.org/wiki/Panthera,Recommendation,0.0
south-america,Black panther,https://en.wikipedia.org/wiki/Black_panther,Recommendation,0.29
south-america,"Carlos Eduardo (footballer, born 1987)",https://en.wikipedia.org/wiki/Carlos_Eduardo_%28footballer%2C_born_1987%29,Seed,0.0
south-america,Vagner Mancini,https://en.wikipedia.org/wiki/Vagner_Mancini,Recommendation,0.14
south-america,Felipe Santana,https://en.wikipedia.org/wiki/Felipe_Santana,Recommendation,0.0
south-america,Ewerthon,https://en.wikipedia.org/wiki/Ewerthon,Recommendation,0.0
south-america,Chestnut-capped piha,https://en.wikipedia.org/wiki/Chestnut-capped_piha,Seed,0.0
south-america,Dusky piha,https://en.wikipedia.org/wiki/Dusky_piha,Recommendation,0.0
south-america,Anorí,https://en.wikipedia.org/wiki/Anor%C3%AD,Recommendation,0.0
south-america,Lipaugus,https://en.wikipedia.org/wiki/Lipaugus,Recommendation,0.0
south-america,Almirante Latorre-class battleship,https://en.wikipedia.org/wiki/Almirante_Latorre-class_battleship,Seed,0.0
south-america,Chilean battleship Almirante Latorre,https://en.wikipedia.org/wiki/Chilean_battleship_Almirante_Latorre,Recommendation,0.14
south-america,Argentine–Chilean naval arms race,https://en.wikipedia.org/wiki/Argentine%E2%80%93Chilean_naval_arms_race,Recommendation,0.0
south-america,Chilean Navy,https://en.wikipedia.org/wiki/Chilean_Navy,Recommendation,0.0
